ID,Sire,Dam,PC,yr
100021,NA,NA,2,2008
100022,NA,NA,2,2008
100031,NA,NA,3,2008
100032,NA,NA,3,2008
100041,NA,NA,4,2008
100042,NA,NA,4,2008
100051,NA,NA,5,2008
100052,NA,NA,5,2008
100071,NA,NA,7,2008
100072,NA,NA,7,2008
100081,NA,NA,8,2008
100082,NA,NA,8,2008
100091,NA,NA,9,2008
100092,NA,NA,9,2008
100101,NA,NA,10,2008
100102,NA,NA,10,2008
100121,NA,NA,12,2008
100122,NA,NA,12,2008
100141,NA,NA,14,2008
100142,NA,NA,14,2008
100151,NA,NA,15,2008
100152,NA,NA,15,2008
100161,NA,NA,16,2008
100162,NA,NA,16,2008
100171,NA,NA,17,2008
100172,NA,NA,17,2008
100181,NA,NA,18,2008
100182,NA,NA,18,2008
100191,NA,NA,19,2008
100192,NA,NA,19,2008
100201,NA,NA,20,2008
100202,NA,NA,20,2008
100211,NA,NA,21,2008
100212,NA,NA,21,2008
100221,NA,NA,22,2008
100222,NA,NA,22,2008
100231,NA,NA,23,2008
100232,NA,NA,23,2008
100251,NA,NA,25,2008
100252,NA,NA,25,2008
100261,NA,NA,26,2008
100262,NA,NA,26,2008
100281,NA,NA,28,2008
100282,NA,NA,28,2008
100291,NA,NA,29,2008
100292,NA,NA,29,2008
100301,NA,NA,30,2008
100302,NA,NA,30,2008
100311,NA,NA,31,2008
100312,NA,NA,31,2008
100321,NA,NA,32,2008
100322,NA,NA,32,2008
100341,NA,NA,34,2008
100342,NA,NA,34,2008
100351,NA,NA,35,2008
100352,NA,NA,35,2008
100361,NA,NA,36,2008
100362,NA,NA,36,2008
100371,NA,NA,37,2008
100372,NA,NA,37,2008
100381,NA,NA,38,2008
100382,NA,NA,38,2008
100391,NA,NA,39,2008
100392,NA,NA,39,2008
100401,NA,NA,40,2008
100402,NA,NA,40,2008
100411,NA,NA,41,2008
100412,NA,NA,41,2008
100421,NA,NA,42,2008
100422,NA,NA,42,2008
100431,NA,NA,43,2008
100432,NA,NA,43,2008
100441,NA,NA,44,2008
100442,NA,NA,44,2008
100451,NA,NA,45,2008
100452,NA,NA,45,2008
100461,NA,NA,46,2008
100462,NA,NA,46,2008
100471,NA,NA,47,2008
100472,NA,NA,47,2008
100491,NA,NA,49,2008
100492,NA,NA,49,2008
100501,NA,NA,50,2008
100502,NA,NA,50,2008
100511,NA,NA,51,2008
100512,NA,NA,51,2008
100521,NA,NA,52,2008
100522,NA,NA,52,2008
100541,NA,NA,54,2008
100542,NA,NA,54,2008
100551,NA,NA,55,2008
100552,NA,NA,55,2008
100561,NA,NA,56,2008
100562,NA,NA,56,2008
100571,NA,NA,57,2008
100572,NA,NA,57,2008
100581,NA,NA,58,2008
100582,NA,NA,58,2008
100591,NA,NA,59,2008
100592,NA,NA,59,2008
100601,NA,NA,60,2008
100602,NA,NA,60,2008
100611,NA,NA,61,2008
100612,NA,NA,61,2008
100621,NA,NA,62,2008
100622,NA,NA,62,2008
100631,NA,NA,63,2008
100632,NA,NA,63,2008
100641,NA,NA,64,2008
100642,NA,NA,64,2008
100651,NA,NA,65,2008
100652,NA,NA,65,2008
100661,NA,NA,66,2008
100662,NA,NA,66,2008
100671,NA,NA,67,2008
100672,NA,NA,67,2008
100681,NA,NA,68,2008
100682,NA,NA,68,2008
100691,NA,NA,69,2008
100692,NA,NA,69,2008
100701,NA,NA,70,2008
100702,NA,NA,70,2008
100711,NA,NA,71,2008
100712,NA,NA,71,2008
100721,NA,NA,72,2008
100722,NA,NA,72,2008
100731,NA,NA,73,2008
100732,NA,NA,73,2008
100741,NA,NA,74,2008
100742,NA,NA,74,2008
100751,NA,NA,75,2008
100752,NA,NA,75,2008
100761,NA,NA,76,2008
100762,NA,NA,76,2008
100771,NA,NA,77,2008
100772,NA,NA,77,2008
100781,NA,NA,78,2008
100782,NA,NA,78,2008
100791,NA,NA,79,2008
100792,NA,NA,79,2008
100801,NA,NA,80,2008
100802,NA,NA,80,2008
100831,NA,NA,83,2008
100832,NA,NA,83,2008
100841,NA,NA,84,2008
100842,NA,NA,84,2008
100851,NA,NA,85,2008
100852,NA,NA,85,2008
100861,NA,NA,86,2008
100862,NA,NA,86,2008
100871,NA,NA,87,2008
100872,NA,NA,87,2008
100881,NA,NA,88,2008
100882,NA,NA,88,2008
100891,NA,NA,89,2008
100892,NA,NA,89,2008
100901,NA,NA,90,2008
100902,NA,NA,90,2008
100911,NA,NA,91,2008
100912,NA,NA,91,2008
100921,NA,NA,92,2008
100922,NA,NA,92,2008
100931,NA,NA,93,2008
100932,NA,NA,93,2008
100941,NA,NA,94,2008
100942,NA,NA,94,2008
100951,NA,NA,95,2008
100952,NA,NA,95,2008
100961,NA,NA,96,2008
100962,NA,NA,96,2008
100971,NA,NA,97,2008
100972,NA,NA,97,2008
100981,NA,NA,98,2008
100982,NA,NA,98,2008
100991,NA,NA,99,2008
100992,NA,NA,99,2008
101001,NA,NA,100,2008
101002,NA,NA,100,2008
101011,NA,NA,101,2008
101012,NA,NA,101,2008
101021,NA,NA,102,2008
101022,NA,NA,102,2008
101031,NA,NA,103,2008
101032,NA,NA,103,2008
101041,NA,NA,104,2008
101042,NA,NA,104,2008
101051,NA,NA,105,2008
101052,NA,NA,105,2008
101061,NA,NA,106,2008
101062,NA,NA,106,2008
101071,NA,NA,107,2008
101072,NA,NA,107,2008
101081,NA,NA,108,2008
101082,NA,NA,108,2008
101101,NA,NA,110,2008
101102,NA,NA,110,2008
101111,NA,NA,111,2008
101112,NA,NA,111,2008
101121,NA,NA,112,2008
101122,NA,NA,112,2008
101151,NA,NA,115,2008
101152,NA,NA,115,2008
101161,NA,NA,116,2008
101162,NA,NA,116,2008
101171,NA,NA,117,2008
101172,NA,NA,117,2008
101181,NA,NA,118,2008
101182,NA,NA,118,2008
101191,NA,NA,119,2008
101192,NA,NA,119,2008
101211,NA,NA,121,2008
101212,NA,NA,121,2008
101221,NA,NA,122,2008
101222,NA,NA,122,2008
101231,NA,NA,123,2008
101232,NA,NA,123,2008
101241,NA,NA,124,2008
101242,NA,NA,124,2008
101251,NA,NA,125,2008
101252,NA,NA,125,2008
101271,NA,NA,127,2008
101272,NA,NA,127,2008
101291,NA,NA,129,2008
101292,NA,NA,129,2008
101301,NA,NA,130,2008
101302,NA,NA,130,2008
101311,NA,NA,131,2008
101312,NA,NA,131,2008
101321,NA,NA,132,2008
101322,NA,NA,132,2008
101341,NA,NA,134,2008
101342,NA,NA,134,2008
101351,NA,NA,135,2008
101352,NA,NA,135,2008
101361,NA,NA,136,2008
101362,NA,NA,136,2008
101371,NA,NA,137,2008
101372,NA,NA,137,2008
101381,NA,NA,138,2008
101382,NA,NA,138,2008
101401,NA,NA,140,2008
101402,NA,NA,140,2008
101411,NA,NA,141,2008
101412,NA,NA,141,2008
101431,NA,NA,143,2008
101432,NA,NA,143,2008
101441,NA,NA,144,2008
101442,NA,NA,144,2008
101451,NA,NA,145,2008
101452,NA,NA,145,2008
101461,NA,NA,146,2008
101462,NA,NA,146,2008
101471,NA,NA,147,2008
101472,NA,NA,147,2008
101481,NA,NA,148,2008
101482,NA,NA,148,2008
101491,NA,NA,149,2008
101492,NA,NA,149,2008
101501,NA,NA,150,2008
101502,NA,NA,150,2008
101511,NA,NA,151,2008
101512,NA,NA,151,2008
101521,NA,NA,152,2008
101522,NA,NA,152,2008
101531,NA,NA,153,2008
101532,NA,NA,153,2008
101601,NA,NA,160,2008
101602,NA,NA,160,2008
101611,NA,NA,161,2008
101612,NA,NA,161,2008
101631,NA,NA,163,2008
101632,NA,NA,163,2008
101641,NA,NA,164,2008
101642,NA,NA,164,2008
101651,NA,NA,165,2008
101652,NA,NA,165,2008
101661,NA,NA,166,2008
101662,NA,NA,166,2008
102041,NA,NA,204,2008
102042,NA,NA,204,2008
102061,NA,NA,206,2008
102062,NA,NA,206,2008
102091,NA,NA,209,2008
102092,NA,NA,209,2008
102101,NA,NA,210,2008
102102,NA,NA,210,2008
102121,NA,NA,212,2008
102122,NA,NA,212,2008
102131,NA,NA,213,2008
102132,NA,NA,213,2008
102141,NA,NA,214,2008
102142,NA,NA,214,2008
102171,NA,NA,217,2008
102172,NA,NA,217,2008
102221,NA,NA,222,2008
102222,NA,NA,222,2008
102231,NA,NA,223,2008
102232,NA,NA,223,2008
102301,NA,NA,230,2008
102302,NA,NA,230,2008
102311,NA,NA,231,2008
102312,NA,NA,231,2008
102321,NA,NA,232,2008
102322,NA,NA,232,2008
102331,NA,NA,233,2008
102332,NA,NA,233,2008
102351,NA,NA,235,2008
102352,NA,NA,235,2008
102451,NA,NA,245,2008
102452,NA,NA,245,2008
102461,NA,NA,246,2008
102462,NA,NA,246,2008
102471,NA,NA,247,2008
102472,NA,NA,247,2008
102481,NA,NA,248,2008
102482,NA,NA,248,2008
102491,NA,NA,249,2008
102492,NA,NA,249,2008
102501,NA,NA,250,2008
102502,NA,NA,250,2008
102511,NA,NA,251,2008
102512,NA,NA,251,2008
102521,NA,NA,252,2008
102522,NA,NA,252,2008
102541,NA,NA,254,2008
102542,NA,NA,254,2008
102551,NA,NA,255,2008
102552,NA,NA,255,2008
200011,NA,NA,1,2009
200012,100032,100031,1,2009
200021,NA,NA,2,2009
200022,101042,101041,2,2009
200031,100022,100021,3,2009
200032,100072,100071,3,2009
200041,101612,101611,4,2009
200042,101662,101661,4,2009
200051,100262,100261,5,2009
200052,101242,101241,5,2009
200061,NA,NA,6,2009
200062,101382,101381,6,2009
200071,100432,100431,7,2009
200072,100932,100931,7,2009
200081,100022,100021,8,2009
200082,101342,101341,8,2009
200091,100082,100081,9,2009
200092,100352,100351,9,2009
200101,NA,NA,10,2009
200102,101072,101071,10,2009
200111,100392,100391,11,2009
200112,NA,NA,11,2009
200121,100302,100301,12,2009
200122,NA,NA,12,2009
200141,100392,100391,14,2009
200142,NA,NA,14,2009
200151,100932,100931,15,2009
200152,NA,NA,15,2009
200161,101152,101151,16,2009
200162,NA,NA,16,2009
200171,100122,100121,17,2009
200172,100862,100861,17,2009
200181,100072,100071,18,2009
200182,100032,100031,18,2009
200201,NA,NA,20,2009
200202,100872,100871,20,2009
200231,100302,100301,23,2009
200232,NA,NA,23,2009
200241,NA,NA,24,2009
200242,NA,NA,24,2009
200251,NA,NA,25,2009
200252,102352,102351,25,2009
200261,NA,NA,26,2009
200262,100892,100891,26,2009
200291,100082,100081,29,2009
200292,101222,101221,29,2009
200301,100182,100181,30,2009
200302,101512,101511,30,2009
200311,101662,101661,31,2009
200312,100622,100621,31,2009
200321,100152,100151,32,2009
200322,NA,NA,32,2009
200341,102512,102511,34,2009
200342,100772,100771,34,2009
200351,NA,NA,35,2009
200352,101612,101611,35,2009
200361,100862,100861,36,2009
200362,101162,101161,36,2009
200371,100162,100161,37,2009
200372,101102,101101,37,2009
200381,100302,100301,38,2009
200382,100192,100191,38,2009
200401,100082,100081,40,2009
200402,100782,100781,40,2009
200411,100302,100301,41,2009
200412,101152,101151,41,2009
200431,NA,NA,43,2009
200432,101502,101501,43,2009
200451,100372,100371,45,2009
200452,100342,100341,45,2009
200471,101112,101111,47,2009
200472,101472,101471,47,2009
200491,100082,100081,49,2009
200492,101052,101051,49,2009
200521,100462,100461,52,2009
200522,102512,102511,52,2009
200541,NA,NA,54,2009
200542,100262,100261,54,2009
200561,100042,100041,56,2009
200562,101502,101501,56,2009
200571,100982,100981,57,2009
200572,100672,100671,57,2009
200581,101162,101161,58,2009
200582,100302,100301,58,2009
200591,102482,102481,59,2009
200592,101162,101161,59,2009
200601,100322,100321,60,2009
200602,100022,100021,60,2009
200611,101012,101011,61,2009
200612,100122,100121,61,2009
200621,101022,101021,62,2009
200622,100452,100451,62,2009
200631,100202,100201,63,2009
200632,101112,101111,63,2009
200641,102482,102481,64,2009
200642,101502,101501,64,2009
200661,101102,101101,66,2009
200662,NA,NA,66,2009
200681,102332,102331,68,2009
200682,101452,101451,68,2009
200691,101612,101611,69,2009
200692,101662,101661,69,2009
200701,100922,100921,70,2009
200702,100052,100051,70,2009
200711,100842,100841,71,2009
200712,101152,101151,71,2009
200721,100782,100781,72,2009
200722,100072,100071,72,2009
200731,100952,100951,73,2009
200732,100172,100171,73,2009
200741,101002,101001,74,2009
200742,101032,101031,74,2009
200751,101082,101081,75,2009
200752,NA,NA,75,2009
200761,101042,101041,76,2009
200762,102492,102491,76,2009
200771,102482,102481,77,2009
200772,NA,NA,77,2009
200781,102332,102331,78,2009
200782,100452,100451,78,2009
200791,NA,NA,79,2009
200792,101102,101101,79,2009
200811,100282,100281,81,2009
200812,100772,100771,81,2009
200821,100442,100441,82,2009
200822,101122,101121,82,2009
200831,102522,102521,83,2009
200832,101312,101311,83,2009
200841,100162,100161,84,2009
200842,100632,100631,84,2009
200851,100412,100411,85,2009
200852,NA,NA,85,2009
200871,101242,101241,87,2009
200872,100672,100671,87,2009
200881,100502,100501,88,2009
200882,102512,102511,88,2009
200891,100592,100591,89,2009
200892,100612,100611,89,2009
200911,100052,100051,91,2009
200912,100552,100551,91,2009
200921,NA,NA,92,2009
200922,102312,102311,92,2009
200931,100262,100261,93,2009
200932,102352,102351,93,2009
200941,102042,102041,94,2009
200942,100642,100641,94,2009
200951,102042,102041,95,2009
200952,101642,101641,95,2009
200961,102042,102041,96,2009
200962,100382,100381,96,2009
200971,101012,101011,97,2009
200972,NA,NA,97,2009
200981,100892,100891,98,2009
200982,102522,102521,98,2009
200991,100962,100961,99,2009
200992,101352,101351,99,2009
201001,100542,100541,100,2009
201002,100702,100701,100,2009
201011,102542,102541,101,2009
201012,100592,100591,101,2009
201021,NA,NA,102,2009
201022,100162,100161,102,2009
201041,NA,NA,104,2009
201042,102132,102131,104,2009
201051,101452,101451,105,2009
201052,100922,100921,105,2009
201061,100562,100561,106,2009
201062,NA,NA,106,2009
201071,NA,NA,107,2009
201072,102062,102061,107,2009
201081,100162,100161,108,2009
201082,100342,100341,108,2009
201101,102552,102551,110,2009
201102,100692,100691,110,2009
201111,102042,102041,111,2009
201112,100852,100851,111,2009
201121,100542,100541,112,2009
201122,102322,102321,112,2009
201131,NA,NA,113,2009
201132,100342,100341,113,2009
201141,102482,102481,114,2009
201142,100702,100701,114,2009
201151,100292,100291,115,2009
201152,101662,101661,115,2009
201161,100072,100071,116,2009
201162,NA,NA,116,2009
201171,100202,100201,117,2009
201172,101102,101101,117,2009
201181,100722,100721,118,2009
201182,100232,100231,118,2009
201191,100702,100701,119,2009
201192,101022,101021,119,2009
201201,101452,101451,120,2009
201202,101512,101511,120,2009
201211,100022,100021,121,2009
201212,100262,100261,121,2009
201231,101492,101491,123,2009
201232,NA,NA,123,2009
201241,100502,100501,124,2009
201242,100152,100151,124,2009
201251,100162,100161,125,2009
201252,101502,101501,125,2009
201261,101642,101641,126,2009
201262,100342,100341,126,2009
201271,100512,100511,127,2009
201272,100922,100921,127,2009
201281,100552,100551,128,2009
201282,102542,102541,128,2009
201291,NA,NA,129,2009
201292,100862,100861,129,2009
201311,NA,NA,131,2009
201312,101042,101041,131,2009
201321,102132,102131,132,2009
201322,101122,101121,132,2009
201331,102042,102041,133,2009
201332,100512,100511,133,2009
201341,102042,102041,134,2009
201342,100042,100041,134,2009
201351,102172,102171,135,2009
201352,102322,102321,135,2009
201361,102092,102091,136,2009
201362,NA,NA,136,2009
201371,100882,100881,137,2009
201372,100342,100341,137,2009
201381,100852,100851,138,2009
201382,100702,100701,138,2009
201391,101112,101111,139,2009
201392,NA,NA,139,2009
201401,102522,102521,140,2009
201402,NA,NA,140,2009
201411,100182,100181,141,2009
201412,NA,NA,141,2009
201421,100182,100181,142,2009
201422,NA,NA,142,2009
201431,101402,101401,143,2009
201432,NA,NA,143,2009
201441,101062,101061,144,2009
201442,102542,102541,144,2009
201451,100182,100181,145,2009
201452,100612,100611,145,2009
201471,100502,100501,147,2009
201472,101322,101321,147,2009
201481,100772,100771,148,2009
201482,102092,102091,148,2009
201491,101382,101381,149,2009
201492,101192,101191,149,2009
201501,101382,101381,150,2009
201502,101362,101361,150,2009
201511,100232,100231,151,2009
201512,100502,100501,151,2009
201521,100182,100181,152,2009
201522,100642,100641,152,2009
201531,100422,100421,153,2009
201532,102122,102121,153,2009
201541,100202,100201,154,2009
201542,100182,100181,154,2009
201551,101452,101451,155,2009
201552,100972,100971,155,2009
201561,100942,100941,156,2009
201562,101012,101011,156,2009
201581,101322,101321,158,2009
201582,100782,100781,158,2009
201591,100502,100501,159,2009
201592,100872,100871,159,2009
201601,101412,101411,160,2009
201602,101382,101381,160,2009
201611,100732,100731,161,2009
201612,101472,101471,161,2009
201621,100192,100191,162,2009
201622,101012,101011,162,2009
201631,101272,101271,163,2009
201632,100712,100711,163,2009
201641,100422,100421,164,2009
201642,100742,100741,164,2009
201651,101322,101321,165,2009
201652,100872,100871,165,2009
201661,101522,101521,166,2009
201662,NA,NA,166,2009
201671,100612,100611,167,2009
201672,100182,100181,167,2009
201681,101432,101431,168,2009
201682,100412,100411,168,2009
201691,101432,101431,169,2009
201692,100982,100981,169,2009
201711,100942,100941,171,2009
201712,101002,101001,171,2009
201721,101462,101461,172,2009
201722,100972,100971,172,2009
201731,100882,100881,173,2009
201732,100712,100711,173,2009
201741,100582,100581,174,2009
201742,100742,100741,174,2009
201751,100492,100491,175,2009
201752,100892,100891,175,2009
201761,100492,100491,176,2009
201762,102132,102131,176,2009
201771,101022,101021,177,2009
201772,100632,100631,177,2009
201781,100692,100691,178,2009
201782,101212,101211,178,2009
201791,100422,100421,179,2009
201792,100662,100661,179,2009
201801,101192,101191,180,2009
201802,100042,100041,180,2009
201811,101222,101221,181,2009
201812,101002,101001,181,2009
201821,100502,100501,182,2009
201822,NA,NA,182,2009
201831,101362,101361,183,2009
201832,101252,101251,183,2009
201841,NA,NA,184,2009
201842,102322,102321,184,2009
201851,101182,101181,185,2009
201852,100672,100671,185,2009
201861,100732,100731,186,2009
201862,102542,102541,186,2009
201871,100722,100721,187,2009
201872,NA,NA,187,2009
201881,100902,100901,188,2009
201882,100182,100181,188,2009
201891,101062,101061,189,2009
201892,101222,101221,189,2009
201901,100602,100601,190,2009
201902,100542,100541,190,2009
201911,101272,101271,191,2009
201912,102512,102511,191,2009
201921,100682,100681,192,2009
201922,100522,100521,192,2009
201931,100492,100491,193,2009
201932,102062,102061,193,2009
201941,100562,100561,194,2009
201942,NA,NA,194,2009
201951,101322,101321,195,2009
201952,100282,100281,195,2009
201961,100512,100511,196,2009
201962,100602,100601,196,2009
201971,100602,100601,197,2009
201972,102062,102061,197,2009
201981,102232,102231,198,2009
201982,100792,100791,198,2009
201991,101222,101221,199,2009
201992,100612,100611,199,2009
202001,100852,100851,200,2009
202002,NA,NA,200,2009
202021,100172,100171,202,2009
202022,100522,100521,202,2009
202031,101252,101251,203,2009
202032,100172,100171,203,2009
202041,NA,NA,204,2009
202042,100172,100171,204,2009
202051,101372,101371,205,2009
202052,NA,NA,205,2009
202061,101342,101341,206,2009
202062,100842,100841,206,2009
202071,NA,NA,207,2009
202072,102322,102321,207,2009
202081,101212,101211,208,2009
202082,100382,100381,208,2009
202091,100692,100691,209,2009
202092,100952,100951,209,2009
202101,100692,100691,210,2009
202102,100902,100901,210,2009
202111,100682,100681,211,2009
202112,100142,100141,211,2009
202121,100552,100551,212,2009
202122,101032,101031,212,2009
202131,101352,101351,213,2009
202132,101472,101471,213,2009
202141,100722,100721,214,2009
202142,101632,101631,214,2009
202151,101412,101411,215,2009
202152,101212,101211,215,2009
202161,100712,100711,216,2009
202162,102492,102491,216,2009
202171,NA,NA,217,2009
202172,100772,100771,217,2009
202181,100762,100761,218,2009
202182,100712,100711,218,2009
202191,101222,101221,219,2009
202192,101472,101471,219,2009
202201,101322,101321,220,2009
202202,101352,101351,220,2009
202211,101312,101311,221,2009
202212,100692,100691,221,2009
202221,100662,100661,222,2009
202222,100752,100751,222,2009
202231,100452,100451,223,2009
202232,NA,NA,223,2009
202241,101432,101431,224,2009
202242,100732,100731,224,2009
202251,101252,101251,225,2009
202252,101002,101001,225,2009
202261,100672,100671,226,2009
202262,101362,101361,226,2009
202271,101462,101461,227,2009
202272,101312,101311,227,2009
202281,100192,100191,228,2009
202282,101192,101191,228,2009
202291,100092,100091,229,2009
202292,100282,100281,229,2009
202301,NA,NA,230,2009
202302,102492,102491,230,2009
202311,100732,100731,231,2009
202312,102092,102091,231,2009
202321,NA,NA,232,2009
202322,101252,101251,232,2009
202331,100352,100351,233,2009
202332,101152,101151,233,2009
202341,NA,NA,234,2009
202342,102222,102221,234,2009
202391,100562,100561,239,2009
202392,100232,100231,239,2009
202431,102552,102551,243,2009
202432,100932,100931,243,2009
202461,101532,101531,246,2009
202462,101292,101291,246,2009
202471,101522,101521,247,2009
202472,100292,100291,247,2009
202481,101642,101641,248,2009
202482,100322,100321,248,2009
202491,100422,100421,249,2009
202492,100922,100921,249,2009
202501,101232,101231,250,2009
202502,101252,101251,250,2009
202511,101272,101271,251,2009
202512,100662,100661,251,2009
202531,101242,101241,253,2009
202532,100122,100121,253,2009
202541,100872,100871,254,2009
202542,101492,101491,254,2009
202551,100642,100641,255,2009
202552,101032,101031,255,2009
202561,101512,101511,256,2009
202562,100312,100311,256,2009
202571,101062,101061,257,2009
202572,100202,100201,257,2009
202581,101402,101401,258,2009
202582,102122,102121,258,2009
202591,100662,100661,259,2009
202592,101242,101241,259,2009
202601,100762,100761,260,2009
202602,NA,NA,260,2009
202611,100762,100761,261,2009
202612,101532,101531,261,2009
202621,102302,102301,262,2009
202622,102522,102521,262,2009
202631,101642,101641,263,2009
202632,100122,100121,263,2009
202641,101522,101521,264,2009
202642,100362,100361,264,2009
202651,101172,101171,265,2009
202652,101512,101511,265,2009
202661,100972,100971,266,2009
202662,100562,100561,266,2009
202671,101522,101521,267,2009
202672,100762,100761,267,2009
202681,100882,100881,268,2009
202682,100942,100941,268,2009
202691,101052,101051,269,2009
202692,NA,NA,269,2009
202711,100452,100451,271,2009
202712,102142,102141,271,2009
202721,102312,102311,272,2009
202722,101492,101491,272,2009
202731,101312,101311,273,2009
202732,100612,100611,273,2009
202741,101292,101291,274,2009
202742,NA,NA,274,2009
202751,101402,101401,275,2009
202752,100102,100101,275,2009
202761,101112,101111,276,2009
202762,100312,100311,276,2009
202771,100982,100981,277,2009
202772,100152,100151,277,2009
202781,101232,101231,278,2009
202782,100522,100521,278,2009
202791,101372,101371,279,2009
202792,NA,NA,279,2009
202801,100292,100291,280,2009
202802,101302,101301,280,2009
202811,100652,100651,281,2009
202812,100522,100521,281,2009
202821,100592,100591,282,2009
202822,100432,100431,282,2009
202831,100842,100841,283,2009
202832,101342,101341,283,2009
202851,101032,101031,285,2009
202852,100232,100231,285,2009
202861,100952,100951,286,2009
202862,100042,100041,286,2009
202871,100942,100941,287,2009
202872,100492,100491,287,2009
202881,100032,100031,288,2009
202882,100542,100541,288,2009
300011,200082,200081,1,2010
300012,200302,200301,1,2010
300021,200842,200841,2,2010
300022,200052,200051,2,2010
300031,200012,200011,3,2010
300032,200412,200411,3,2010
300041,200102,200101,4,2010
300042,200692,200691,4,2010
300051,200382,200381,5,2010
300052,200582,200581,5,2010
300061,200382,200381,6,2010
300062,200722,200721,6,2010
300071,200032,200031,7,2010
300072,NA,NA,7,2010
300081,200632,200631,8,2010
300082,201872,201871,8,2010
300091,200612,200611,9,2010
300092,200352,200351,9,2010
300101,200412,200411,10,2010
300102,200012,200011,10,2010
300121,200932,200931,12,2010
300122,200352,200351,12,2010
300131,200082,200081,13,2010
300132,200722,200721,13,2010
300141,200122,200121,14,2010
300142,NA,NA,14,2010
300151,200082,200081,15,2010
300152,200372,200371,15,2010
300161,200992,200991,16,2010
300162,200542,200541,16,2010
300171,200372,200371,17,2010
300172,201022,201021,17,2010
300181,200602,200601,18,2010
300182,200662,200661,18,2010
300191,201112,201111,19,2010
300192,200112,200111,19,2010
300201,200352,200351,20,2010
300202,200942,200941,20,2010
300211,200722,200721,21,2010
300212,200452,200451,21,2010
300221,200722,200721,22,2010
300222,200202,200201,22,2010
300231,200642,200641,23,2010
300232,201882,201881,23,2010
300241,200052,200051,24,2010
300242,201212,201211,24,2010
300251,200022,200021,25,2010
300252,200542,200541,25,2010
300261,200172,200171,26,2010
300262,200052,200051,26,2010
300271,NA,NA,27,2010
300272,200312,200311,27,2010
300291,201372,201371,29,2010
300292,200852,200851,29,2010
300311,200372,200371,31,2010
300312,200592,200591,31,2010
300321,201022,201021,32,2010
300322,201422,201421,32,2010
300331,200752,200751,33,2010
300332,200402,200401,33,2010
300341,201422,201421,34,2010
300342,200022,200021,34,2010
300351,201112,201111,35,2010
300352,200012,200011,35,2010
300361,NA,NA,36,2010
300362,201112,201111,36,2010
300371,200202,200201,37,2010
300372,200402,200401,37,2010
300381,200662,200661,38,2010
300382,200202,200201,38,2010
300391,200612,200611,39,2010
300392,202152,202151,39,2010
300401,200962,200961,40,2010
300402,200932,200931,40,2010
300411,200172,200171,41,2010
300412,200822,200821,41,2010
300421,200232,200231,42,2010
300422,200292,200291,42,2010
300431,200172,200171,43,2010
300432,200092,200091,43,2010
300441,200932,200931,44,2010
300442,200292,200291,44,2010
300451,201372,201371,45,2010
300452,200602,200601,45,2010
300461,201212,201211,46,2010
300462,200762,200761,46,2010
300471,200772,200771,47,2010
300472,201842,201841,47,2010
300481,200582,200581,48,2010
300482,200472,200471,48,2010
300491,201212,201211,49,2010
300492,201632,201631,49,2010
300501,200362,200361,50,2010
300502,200792,200791,50,2010
300511,200772,200771,51,2010
300512,201752,201751,51,2010
300521,201422,201421,52,2010
300522,200432,200431,52,2010
300531,200612,200611,53,2010
300532,201772,201771,53,2010
300541,200872,200871,54,2010
300542,200072,200071,54,2010
300571,201692,201691,57,2010
300572,200772,200771,57,2010
300581,200582,200581,58,2010
300582,200622,200621,58,2010
300591,202232,202231,59,2010
300592,200022,200021,59,2010
300621,201722,201721,62,2010
300622,201632,201631,62,2010
300631,200182,200181,63,2010
300632,200682,200681,63,2010
300641,200522,200521,64,2010
300642,200322,200321,64,2010
300651,200692,200691,65,2010
300652,200592,200591,65,2010
300661,NA,NA,66,2010
300662,NA,NA,66,2010
300671,NA,NA,67,2010
300672,NA,NA,67,2010
300681,201882,201881,68,2010
300682,200182,200181,68,2010
300691,200792,200791,69,2010
300692,201922,201921,69,2010
300701,201512,201511,70,2010
300702,201752,201751,70,2010
300711,201972,201971,71,2010
300712,201372,201371,71,2010
300721,201592,201591,72,2010
300722,201852,201851,72,2010
300731,201332,201331,73,2010
300732,201002,201001,73,2010
300741,201922,201921,74,2010
300742,200342,200341,74,2010
300751,201712,201711,75,2010
300752,200342,200341,75,2010
300761,200112,200111,76,2010
300762,200762,200761,76,2010
300771,200112,200111,77,2010
300772,201942,201941,77,2010
300781,200572,200571,78,2010
300782,201742,201741,78,2010
300801,200572,200571,80,2010
300802,201752,201751,80,2010
300811,200792,200791,81,2010
300812,200972,200971,81,2010
300821,200182,200181,82,2010
300822,200542,200541,82,2010
300831,200452,200451,83,2010
300832,200412,200411,83,2010
300841,201992,201991,84,2010
300842,201772,201771,84,2010
300851,201762,201761,85,2010
300852,201932,201931,85,2010
300861,201392,201391,86,2010
300862,201002,201001,86,2010
300871,200522,200521,87,2010
300872,200622,200621,87,2010
300881,201712,201711,88,2010
300882,201742,201741,88,2010
300891,201692,201691,89,2010
300892,201352,201351,89,2010
300901,201952,201951,90,2010
300902,202082,202081,90,2010
300911,201922,201921,91,2010
300912,202762,202761,91,2010
300931,201682,201681,93,2010
300932,202392,202391,93,2010
300941,202102,202101,94,2010
300942,200042,200041,94,2010
300961,202142,202141,96,2010
300962,200952,200951,96,2010
300971,201012,201011,97,2010
300972,202212,202211,97,2010
300981,200642,200641,98,2010
300982,202132,202131,98,2010
300991,200832,200831,99,2010
300992,202142,202141,99,2010
301001,200762,200761,100,2010
301002,201852,201851,100,2010
301011,200872,200871,101,2010
301012,202092,202091,101,2010
301021,200632,200631,102,2010
301022,201342,201341,102,2010
301031,200032,200031,103,2010
301032,200882,200881,103,2010
301041,200892,200891,104,2010
301042,200312,200311,104,2010
301051,202132,202131,105,2010
301052,200892,200891,105,2010
301061,200312,200311,106,2010
301062,200382,200381,106,2010
301071,200692,200691,107,2010
301072,201082,201081,107,2010
301081,201992,201991,108,2010
301082,200142,200141,108,2010
301101,201592,201591,110,2010
301102,202822,202821,110,2010
301111,201802,201801,111,2010
301112,202002,202001,111,2010
301141,200732,200731,114,2010
301142,200492,200491,114,2010
301151,200572,200571,115,2010
301152,201872,201871,115,2010
301161,201062,201061,116,2010
301162,201142,201141,116,2010
301171,202002,202001,117,2010
301172,202302,202301,117,2010
301181,201652,201651,118,2010
301182,200982,200981,118,2010
301191,201992,201991,119,2010
301192,201792,201791,119,2010
301201,201512,201511,120,2010
301202,202182,202181,120,2010
301211,200952,200951,121,2010
301212,202202,202201,121,2010
301221,200682,200681,122,2010
301222,201522,201521,122,2010
301231,201662,201661,123,2010
301232,201382,201381,123,2010
301241,200832,200831,124,2010
301242,202312,202311,124,2010
301251,201512,201511,125,2010
301252,200152,200151,125,2010
301261,201652,201651,126,2010
301262,200782,200781,126,2010
301271,201562,201561,127,2010
301272,200732,200731,127,2010
301281,202302,202301,128,2010
301282,202102,202101,128,2010
301301,202062,202061,130,2010
301302,201662,201661,130,2010
301311,200592,200591,131,2010
301312,201542,201541,131,2010
301321,201892,201891,132,2010
301322,201182,201181,132,2010
301331,201652,201651,133,2010
301332,201892,201891,133,2010
301341,200232,200231,134,2010
301342,201832,201831,134,2010
301351,201062,201061,135,2010
301352,200142,200141,135,2010
301361,200232,200231,136,2010
301362,201352,201351,136,2010
301371,201972,201971,137,2010
301372,202032,202031,137,2010
301381,202782,202781,138,2010
301382,201902,201901,138,2010
301391,200982,200981,139,2010
301392,201322,201321,139,2010
301411,201632,201631,141,2010
301412,202612,202611,141,2010
301421,201932,201931,142,2010
301422,202802,202801,142,2010
301431,201892,201891,143,2010
301432,202072,202071,143,2010
301441,200842,200841,144,2010
301442,201102,201101,144,2010
301451,200832,200831,145,2010
301452,201272,201271,145,2010
301461,200362,200361,146,2010
301462,201052,201051,146,2010
301471,201822,201821,147,2010
301472,200892,200891,147,2010
301481,202122,202121,148,2010
301482,201552,201551,148,2010
301491,201202,201201,149,2010
301492,202782,202781,149,2010
301501,202292,202291,150,2010
301502,201042,201041,150,2010
301511,201142,201141,151,2010
301512,200292,200291,151,2010
301521,NA,NA,152,2010
301522,NA,NA,152,2010
301531,NA,NA,153,2010
301532,NA,NA,153,2010
301551,201952,201951,155,2010
301552,200642,200641,155,2010
301561,202122,202121,156,2010
301562,200872,200871,156,2010
301571,200562,200561,157,2010
301572,200432,200431,157,2010
301581,201822,201821,158,2010
301582,NA,NA,158,2010
301591,201352,201351,159,2010
301592,200622,200621,159,2010
301601,202072,202071,160,2010
301602,NA,NA,160,2010
301611,202182,202181,161,2010
301612,200942,200941,161,2010
301621,202062,202061,162,2010
301622,NA,NA,162,2010
301631,202152,202151,163,2010
301632,201242,201241,163,2010
301641,201622,201621,164,2010
301642,201872,201871,164,2010
301651,200852,200851,165,2010
301652,201842,201841,165,2010
301661,201272,201271,166,2010
301662,201472,201471,166,2010
301681,202782,202781,168,2010
301682,201652,201651,168,2010
301691,NA,NA,169,2010
301692,NA,NA,169,2010
301701,201182,201181,170,2010
301702,202232,202231,170,2010
301711,201322,201321,171,2010
301712,202712,202711,171,2010
301721,201582,201581,172,2010
301722,202672,202671,172,2010
301731,201812,201811,173,2010
301732,NA,NA,173,2010
301741,201082,201081,174,2010
301742,201132,201131,174,2010
301751,201812,201811,175,2010
301752,201412,201411,175,2010
301761,201452,201451,176,2010
301762,201252,201251,176,2010
301771,202512,202511,177,2010
301772,201502,201501,177,2010
301781,201252,201251,178,2010
301782,201162,201161,178,2010
301791,200042,200041,179,2010
301792,201122,201121,179,2010
301801,202502,202501,180,2010
301802,201432,201431,180,2010
301811,201662,201661,181,2010
301812,201262,201261,181,2010
301821,202672,202671,182,2010
301822,201452,201451,182,2010
301831,NA,NA,183,2010
301832,NA,NA,183,2010
301841,201072,201071,184,2010
301842,200962,200961,184,2010
301851,201082,201081,185,2010
301852,202532,202531,185,2010
301861,201182,201181,186,2010
301862,202472,202471,186,2010
301871,201592,201591,187,2010
301872,201052,201051,187,2010
301881,201732,201731,188,2010
301882,202322,202321,188,2010
301891,201842,201841,189,2010
301892,202042,202041,189,2010
301901,202612,202611,190,2010
301902,201052,201051,190,2010
301911,201252,201251,191,2010
301912,201672,201671,191,2010
301921,200662,200661,192,2010
301922,201242,201241,192,2010
301931,201182,201181,193,2010
301932,201522,201521,193,2010
301941,200922,200921,194,2010
301942,202532,202531,194,2010
301951,201242,201241,195,2010
301952,201532,201531,195,2010
301961,202152,202151,196,2010
301962,201942,201941,196,2010
301971,201432,201431,197,2010
301972,202052,202051,197,2010
301991,202022,202021,199,2010
301992,201162,201161,199,2010
302001,201282,201281,200,2010
302002,NA,NA,200,2010
302011,201082,201081,201,2010
302012,NA,NA,201,2010
302021,201492,201491,202,2010
302022,201382,201381,202,2010
302031,202072,202071,203,2010
302032,202202,202201,203,2010
302051,202492,202491,205,2010
302052,200122,200121,205,2010
302061,201072,201071,206,2010
302062,NA,NA,206,2010
302071,201072,201071,207,2010
302072,NA,NA,207,2010
302081,201292,201291,208,2010
302082,202232,202231,208,2010
302091,201362,201361,209,2010
302092,201162,201161,209,2010
302101,201472,201471,210,2010
302102,201872,201871,210,2010
302111,201602,201601,211,2010
302112,201822,201821,211,2010
302121,202232,202231,212,2010
302122,201472,201471,212,2010
302131,202252,202251,213,2010
302132,201502,201501,213,2010
302141,NA,NA,214,2010
302142,NA,NA,214,2010
302151,200882,200881,215,2010
302152,202812,202811,215,2010
302161,201502,201501,216,2010
302162,202792,202791,216,2010
302171,202082,202081,217,2010
302172,202732,202731,217,2010
302181,202572,202571,218,2010
302182,202162,202161,218,2010
302191,202212,202211,219,2010
302192,200992,200991,219,2010
302201,202562,202561,220,2010
302202,202572,202571,220,2010
302211,202562,202561,221,2010
302212,202582,202581,221,2010
302221,201782,201781,222,2010
302222,202482,202481,222,2010
302231,201842,201841,223,2010
302232,202542,202541,223,2010
302241,202042,202041,224,2010
302242,202542,202541,224,2010
302251,202602,202601,225,2010
302252,NA,NA,225,2010
302261,202052,202051,226,2010
302262,NA,NA,226,2010
302271,202072,202071,227,2010
302272,202552,202551,227,2010
302291,202602,202601,229,2010
302292,NA,NA,229,2010
302301,202602,202601,230,2010
302302,201912,201911,230,2010
302311,202542,202541,231,2010
302312,202712,202711,231,2010
302321,202602,202601,232,2010
302322,200852,200851,232,2010
302331,201782,201781,233,2010
302332,202662,202661,233,2010
302341,202462,202461,234,2010
302342,201152,201151,234,2010
302351,202722,202721,235,2010
302352,200062,200061,235,2010
302371,202032,202031,237,2010
302372,201202,201201,237,2010
302381,202252,202251,238,2010
302382,202792,202791,238,2010
302391,202622,202621,239,2010
302392,NA,NA,239,2010
302401,202802,202801,240,2010
302402,201872,201871,240,2010
302411,202282,202281,241,2010
302412,NA,NA,241,2010
302421,202642,202641,242,2010
302422,NA,NA,242,2010
302431,200142,200141,243,2010
302432,202082,202081,243,2010
302441,200452,200451,244,2010
302442,202042,202041,244,2010
302461,200842,200841,246,2010
302462,200102,200101,246,2010
302471,200882,200881,247,2010
302472,200152,200151,247,2010
302481,202292,202291,248,2010
302482,200092,200091,248,2010
302501,201532,201531,250,2010
302502,200492,200491,250,2010
302511,200252,200251,251,2010
302512,NA,NA,251,2010
302521,200432,200431,252,2010
302522,NA,NA,252,2010
302531,201332,201331,253,2010
302532,200012,200011,253,2010
302541,201392,201391,254,2010
302542,200352,200351,254,2010
302551,202112,202111,255,2010
302552,202532,202531,255,2010
302561,202642,202641,256,2010
302562,200092,200091,256,2010
302571,201272,201271,257,2010
302572,NA,NA,257,2010
400011,300382,300381,1,2011
400012,300122,300121,1,2011
400021,300862,300861,2,2011
400022,300052,300051,2,2011
400031,300862,300861,3,2011
400032,300322,300321,3,2011
400051,300022,300021,5,2011
400052,300862,300861,5,2011
400061,300362,300361,6,2011
400062,300062,300061,6,2011
400071,300382,300381,7,2011
400072,300342,300341,7,2011
400081,300292,300291,8,2011
400082,300622,300621,8,2011
400091,300812,300811,9,2011
400092,300262,300261,9,2011
400101,300362,300361,10,2011
400102,300032,300031,10,2011
400111,300132,300131,11,2011
400112,300812,300811,11,2011
400121,300332,300331,12,2011
400122,300692,300691,12,2011
400131,300092,300091,13,2011
400132,300842,300841,13,2011
400151,300232,300231,15,2011
400152,300692,300691,15,2011
400251,300072,300071,25,2011
400252,300652,300651,25,2011
400261,300722,300721,26,2011
400262,300682,300681,26,2011
400271,300532,300531,27,2011
400272,300702,300701,27,2011
400281,NA,NA,28,2011
400282,NA,NA,28,2011
400291,NA,NA,29,2011
400292,NA,NA,29,2011
400301,301722,301721,30,2011
400302,301952,301951,30,2011
400311,301332,301331,31,2011
400312,301652,301651,31,2011
400321,301352,301351,32,2011
400322,300232,300231,32,2011
400331,300642,300641,33,2011
400332,300022,300021,33,2011
400341,300752,300751,34,2011
400342,300012,300011,34,2011
400351,301162,301161,35,2011
400352,300172,300171,35,2011
400361,302052,302051,36,2011
400362,301752,301751,36,2011
400371,300132,300131,37,2011
400372,301912,301911,37,2011
400381,300422,300421,38,2011
400382,301922,301921,38,2011
400391,300082,300081,39,2011
400392,301932,301931,39,2011
400401,301992,301991,40,2011
400402,301872,301871,40,2011
400411,300072,300071,41,2011
400412,300492,300491,41,2011
400421,300972,300971,42,2011
400422,301482,301481,42,2011
400431,300292,300291,43,2011
400432,301652,301651,43,2011
400441,300782,300781,44,2011
400442,301362,301361,44,2011
400451,301422,301421,45,2011
400452,301472,301471,45,2011
400461,301342,301341,46,2011
400462,301622,301621,46,2011
400471,300592,300591,47,2011
400472,301172,301171,47,2011
400481,301412,301411,48,2011
400482,301342,301341,48,2011
400491,NA,NA,49,2011
400492,301842,301841,49,2011
400501,301452,301451,50,2011
400502,301272,301271,50,2011
400511,300872,300871,51,2011
400512,301492,301491,51,2011
400521,301522,301521,52,2011
400522,300382,300381,52,2011
400531,300502,300501,53,2011
400532,300382,300381,53,2011
400541,300492,300491,54,2011
400542,300262,300261,54,2011
400551,300292,300291,55,2011
400552,300382,300381,55,2011
400561,300072,300071,56,2011
400562,300182,300181,56,2011
400571,300192,300191,57,2011
400572,300762,300761,57,2011
400581,300232,300231,58,2011
400582,301472,301471,58,2011
400591,300132,300131,59,2011
400592,301482,301481,59,2011
400601,301102,301101,60,2011
400602,301352,301351,60,2011
400611,301152,301151,61,2011
400612,300392,300391,61,2011
400621,301202,301201,62,2011
400622,301112,301111,62,2011
400631,301232,301231,63,2011
400632,300812,300811,63,2011
400651,301362,301361,65,2011
400652,300412,300411,65,2011
400661,301442,301441,66,2011
400662,300462,300461,66,2011
400671,301652,301651,67,2011
400672,300472,300471,67,2011
400681,301682,301681,68,2011
400682,300212,300211,68,2011
400691,300172,300171,69,2011
400692,301952,301951,69,2011
400701,300272,300271,70,2011
400702,300442,300441,70,2011
400711,300322,300321,71,2011
400712,300202,300201,71,2011
400721,300192,300191,72,2011
400722,301962,301961,72,2011
400731,300172,300171,73,2011
400732,301752,301751,73,2011
400741,300322,300321,74,2011
400742,301492,301491,74,2011
400751,NA,NA,75,2011
400752,NA,NA,75,2011
400761,301972,301971,76,2011
400762,300032,300031,76,2011
400771,301992,301991,77,2011
400772,300102,300101,77,2011
400791,301592,301591,79,2011
400792,300312,300311,79,2011
400801,301352,301351,80,2011
400802,300342,300341,80,2011
400811,301352,301351,81,2011
400812,300372,300371,81,2011
400821,300382,300381,82,2011
400822,301662,301661,82,2011
400831,300362,300361,83,2011
400832,301562,301561,83,2011
400841,300322,300321,84,2011
400842,301612,301611,84,2011
400851,300042,300041,85,2011
400852,301302,301301,85,2011
400861,300042,300041,86,2011
400862,302532,302531,86,2011
400871,300072,300071,87,2011
400872,302112,302111,87,2011
400881,300272,300271,88,2011
400882,302022,302021,88,2011
400891,300332,300331,89,2011
400892,301992,301991,89,2011
400901,300362,300361,90,2011
400902,301892,301891,90,2011
400911,300542,300541,91,2011
400912,301812,301811,91,2011
400921,300662,300661,92,2011
400922,300422,300421,92,2011
400931,300662,300661,93,2011
400932,300352,300351,93,2011
400941,301002,301001,94,2011
400942,300322,300321,94,2011
400951,301052,301051,95,2011
400952,300342,300341,95,2011
400961,301222,301221,96,2011
400962,300252,300251,96,2011
400971,301382,301381,97,2011
400972,300222,300221,97,2011
400981,301632,301631,98,2011
400982,300162,300161,98,2011
400991,301922,301921,99,2011
400992,300082,300081,99,2011
401001,301942,301941,100,2011
401002,300032,300031,100,2011
401011,301652,301651,101,2011
401012,300742,300741,101,2011
401021,300272,300271,102,2011
401022,300812,300811,102,2011
401031,301192,301191,103,2011
401032,300802,300801,103,2011
401051,NA,NA,105,2011
401052,NA,NA,105,2011
401061,NA,NA,106,2011
401062,NA,NA,106,2011
401071,NA,NA,107,2011
401072,NA,NA,107,2011
401081,NA,NA,108,2011
401082,NA,NA,108,2011
401091,300252,300251,109,2011
401092,302532,302531,109,2011
401101,300482,300481,110,2011
401102,301942,301941,110,2011
401111,300502,300501,111,2011
401112,301782,301781,111,2011
401121,300822,300821,112,2011
401122,301922,301921,112,2011
401131,300892,300891,113,2011
401132,301272,301271,113,2011
401141,300962,300961,114,2011
401142,301652,301651,114,2011
401151,301432,301431,115,2011
401152,301522,301521,115,2011
401161,301652,301651,116,2011
401162,301492,301491,116,2011
401171,301772,301771,117,2011
401172,301472,301471,117,2011
401191,300272,300271,119,2011
401192,302532,302531,119,2011
401201,300632,300631,120,2011
401202,301382,301381,120,2011
401211,300772,300771,121,2011
401212,301172,301171,121,2011
401221,300842,300841,122,2011
401222,301152,301151,122,2011
401231,300862,300861,123,2011
401232,300812,300811,123,2011
401241,301242,301241,124,2011
401242,301022,301021,124,2011
401251,301642,301641,125,2011
401252,300072,300071,125,2011
401261,NA,NA,126,2011
401262,NA,NA,126,2011
401271,300252,300251,127,2011
401272,301172,301171,127,2011
401281,300522,300521,128,2011
401282,300072,300071,128,2011
401291,300662,300661,129,2011
401292,300272,300271,129,2011
401301,300812,300811,130,2011
401302,300592,300591,130,2011
401311,300862,300861,131,2011
401312,300772,300771,131,2011
401321,301062,301061,132,2011
401322,300522,300521,132,2011
401331,301322,301321,133,2011
401332,300512,300511,133,2011
401341,301382,301381,134,2011
401342,300882,300881,134,2011
401351,301732,301731,135,2011
401352,300042,300041,135,2011
401361,300242,300241,136,2011
401362,302532,302531,136,2011
401371,300592,300591,137,2011
401372,302322,302321,137,2011
401381,300772,300771,138,2011
401382,302012,302011,138,2011
401391,300982,300981,139,2011
401392,301072,301071,139,2011
401401,301032,301031,140,2011
401402,301192,301191,140,2011
401411,301082,301081,141,2011
401412,301172,301171,141,2011
401421,301152,301151,142,2011
401422,300732,300731,142,2011
401431,301182,301181,143,2011
401432,300662,300661,143,2011
401441,301252,301251,144,2011
401442,300592,300591,144,2011
401461,301392,301391,146,2011
401462,300342,300341,146,2011
401471,301432,301431,147,2011
401472,300332,300331,147,2011
401481,301462,301461,148,2011
401482,300272,300271,148,2011
401491,301502,301501,149,2011
401492,300252,300251,149,2011
401501,301582,301581,150,2011
401502,300932,300931,150,2011
401511,301702,301701,151,2011
401512,300912,300911,151,2011
401521,301712,301711,152,2011
401522,300882,300881,152,2011
401531,301732,301731,153,2011
401532,300572,300571,153,2011
401541,301942,301941,154,2011
401542,300832,300831,154,2011
401551,301792,301791,155,2011
401552,301552,301551,155,2011
401561,300712,300711,156,2011
401562,301032,301031,156,2011
401571,300332,300331,157,2011
401572,301762,301761,157,2011
401581,300772,300771,158,2011
401582,301802,301801,158,2011
401591,300852,300851,159,2011
401592,301572,301571,159,2011
401601,300942,300941,160,2011
401602,301512,301511,160,2011
401611,301112,301111,161,2011
401612,301302,301301,161,2011
401641,301642,301641,164,2011
401642,301172,301171,164,2011
401651,301802,301801,165,2011
401652,301042,301041,165,2011
401671,301902,301901,167,2011
401672,300992,300991,167,2011
401681,302052,302051,168,2011
401682,301262,301261,168,2011
401691,300812,300811,169,2011
401692,NA,NA,169,2011
401701,300272,300271,170,2011
401702,301252,301251,170,2011
401711,300512,300511,171,2011
401712,301212,301211,171,2011
401721,300542,300541,172,2011
401722,301142,301141,172,2011
401731,300902,300901,173,2011
401732,301012,301011,173,2011
401741,301802,301801,174,2011
401742,301312,301311,174,2011
401751,300072,300071,175,2011
401752,301922,301921,175,2011
401761,300102,300101,176,2011
401762,301992,301991,176,2011
401771,300102,300101,177,2011
401772,300092,300091,177,2011
401791,300592,300591,179,2011
401792,301482,301481,179,2011
401801,300622,300621,180,2011
401802,301382,301381,180,2011
401811,300912,300911,181,2011
401812,301362,301361,181,2011
401821,301172,301171,182,2011
401822,301272,301271,182,2011
401831,301352,301351,183,2011
401832,301232,301231,183,2011
401841,301412,301411,184,2011
401842,300382,300381,184,2011
401851,301472,301471,185,2011
401852,300532,300531,185,2011
401861,301622,301621,186,2011
401862,300692,300691,186,2011
401871,302112,302111,187,2011
401872,300042,300041,187,2011
401881,300142,300141,188,2011
401882,301152,301151,188,2011
401901,300772,300771,190,2011
401902,300882,300881,190,2011
401911,301112,301111,191,2011
401912,300862,300861,191,2011
401921,301192,301191,192,2011
401922,300812,300811,192,2011
401931,301372,301371,193,2011
401932,300842,300841,193,2011
401941,301462,301461,194,2011
401942,301252,301251,194,2011
401951,301502,301501,195,2011
401952,300522,300521,195,2011
401961,301602,301601,196,2011
401962,NA,NA,196,2011
401971,301622,301621,197,2011
401972,301782,301781,197,2011
401981,301802,301801,198,2011
401982,NA,NA,198,2011
401991,301822,301821,199,2011
401992,301652,301651,199,2011
402001,302012,302011,200,2011
402002,301022,301021,200,2011
402011,301852,301851,201,2011
402012,300052,300051,201,2011
402041,NA,NA,204,2011
402042,NA,NA,204,2011
402051,300502,300501,205,2011
402052,301582,301581,205,2011
402071,301582,301581,207,2011
402072,301622,301621,207,2011
402081,302072,302071,208,2011
402082,301892,301891,208,2011
402091,NA,NA,209,2011
402092,NA,NA,209,2011
402101,NA,NA,210,2011
402102,NA,NA,210,2011
402111,NA,NA,211,2011
402112,NA,NA,211,2011
402121,NA,NA,212,2011
402122,NA,NA,212,2011
402131,NA,NA,213,2011
402132,NA,NA,213,2011
402141,NA,NA,214,2011
402142,NA,NA,214,2011
402151,NA,NA,215,2011
402152,NA,NA,215,2011
402161,300362,300361,216,2011
402162,300102,300101,216,2011
402171,301112,301111,217,2011
402172,301622,301621,217,2011
402181,NA,NA,218,2011
402182,NA,NA,218,2011
402191,NA,NA,219,2011
402192,NA,NA,219,2011
402201,300582,300581,220,2011
402202,301892,301891,220,2011
402231,NA,NA,223,2011
402232,NA,NA,223,2011
402241,NA,NA,224,2011
402242,NA,NA,224,2011
402251,300362,300361,225,2011
402252,300412,300411,225,2011
402261,300072,300071,226,2011
402262,302112,302111,226,2011
402271,300202,300201,227,2011
402272,301752,301751,227,2011
402281,302132,302131,228,2011
402282,300662,300661,228,2011
402291,301602,301601,229,2011
402292,NA,NA,229,2011
402301,302192,302191,230,2011
402302,NA,NA,230,2011
402311,300662,300661,231,2011
402312,NA,NA,231,2011
402321,302102,302101,232,2011
402322,301622,301621,232,2011
402331,301252,301251,233,2011
402332,301732,301731,233,2011
402341,301852,301851,234,2011
402342,NA,NA,234,2011
402351,NA,NA,235,2011
402352,NA,NA,235,2011
402361,NA,NA,236,2011
402362,NA,NA,236,2011
402371,301602,301601,237,2011
402372,301772,301771,237,2011
402381,301692,301691,238,2011
402382,301622,301621,238,2011
402391,302192,302191,239,2011
402392,301752,301751,239,2011
402401,302202,302201,240,2011
402402,301962,301961,240,2011
402411,302202,302201,241,2011
402412,301252,301251,241,2011
402421,302072,302071,242,2011
402422,300402,300401,242,2011
402431,301882,301881,243,2011
402432,301572,301571,243,2011
402441,301622,301621,244,2011
402442,300162,300161,244,2011
402451,301622,301621,245,2011
402452,301882,301881,245,2011
402461,301522,301521,246,2011
402462,302092,302091,246,2011
402471,301252,301251,247,2011
402472,300362,300361,247,2011
402481,NA,NA,248,2011
402482,NA,NA,248,2011
402491,302232,302231,249,2011
402492,300222,300221,249,2011
402501,302372,302371,250,2011
402502,300292,300291,250,2011
402511,300162,300161,251,2011
402512,NA,NA,251,2011
402521,301732,301731,252,2011
402522,NA,NA,252,2011
402531,302092,302091,253,2011
402532,NA,NA,253,2011
402551,302202,302201,255,2011
402552,300662,300661,255,2011
402561,300162,300161,256,2011
402562,301622,301621,256,2011
402571,NA,NA,257,2011
402572,NA,NA,257,2011
402581,301582,301581,258,2011
402582,300162,300161,258,2011
402591,300182,300181,259,2011
402592,302002,302001,259,2011
402601,200252,200251,260,2011
402602,NA,NA,260,2011
402611,202282,202281,261,2011
402612,NA,NA,261,2011
402621,302232,302231,262,2011
402622,302102,302101,262,2011
402631,302352,302351,263,2011
402632,302122,302121,263,2011
402641,302162,302161,264,2011
402642,NA,NA,264,2011
402651,302102,302101,265,2011
402652,302202,302201,265,2011
402661,302322,302321,266,2011
402662,302232,302231,266,2011
402671,302382,302381,267,2011
402672,302232,302231,267,2011
402681,302252,302251,268,2011
402682,NA,NA,268,2011
402691,302122,302121,269,2011
402692,302372,302371,269,2011
402701,302372,302371,270,2011
402702,NA,NA,270,2011
402711,302232,302231,271,2011
402712,302402,302401,271,2011
402721,302392,302391,272,2011
402722,NA,NA,272,2011
402731,NA,NA,273,2011
402732,NA,NA,273,2011
402741,NA,NA,274,2011
402742,NA,NA,274,2011
402751,302322,302321,275,2011
402752,302102,302101,275,2011
402761,302102,302101,276,2011
402762,302232,302231,276,2011
402771,302322,302321,277,2011
402772,302252,302251,277,2011
402781,302382,302381,278,2011
402782,302212,302211,278,2011
402791,302102,302101,279,2011
402792,302372,302371,279,2011
402801,302382,302381,280,2011
402802,302372,302371,280,2011
402811,302162,302161,281,2011
402812,302402,302401,281,2011
402821,302212,302211,282,2011
402822,302392,302391,282,2011
402831,NA,NA,283,2011
402832,302392,302391,283,2011
500011,NA,NA,1,2012
500012,NA,NA,1,2012
500021,400132,400131,2,2012
500022,400872,400871,2,2012
500031,400052,400051,3,2012
500032,400792,400791,3,2012
500041,400432,400431,4,2012
500042,400762,400761,4,2012
500051,400072,400071,5,2012
500052,401132,401131,5,2012
500061,400312,400311,6,2012
500062,400092,400091,6,2012
500071,400152,400151,7,2012
500072,400932,400931,7,2012
500081,400892,400891,8,2012
500082,400532,400531,8,2012
500091,NA,NA,9,2012
500092,NA,NA,9,2012
500101,400322,400321,10,2012
500102,400012,400011,10,2012
500111,401482,401481,11,2012
500112,401442,401441,11,2012
500121,NA,NA,12,2012
500122,NA,NA,12,2012
500131,400052,400051,13,2012
500132,400282,400281,13,2012
500141,400332,400331,14,2012
500142,400322,400321,14,2012
500151,400432,400431,15,2012
500152,400342,400341,15,2012
500161,400562,400561,16,2012
500162,400362,400361,16,2012
500181,400502,400501,18,2012
500182,400442,400441,18,2012
500191,400052,400051,19,2012
500192,400472,400471,19,2012
500201,400882,400881,20,2012
500202,400512,400511,20,2012
500211,400592,400591,21,2012
500212,400022,400021,21,2012
500221,400132,400131,22,2012
500222,401122,401121,22,2012
500231,400522,400521,23,2012
500232,400912,400911,23,2012
500241,NA,NA,24,2012
500242,NA,NA,24,2012
500251,400352,400351,25,2012
500252,400482,400481,25,2012
500261,400432,400431,26,2012
500262,400572,400571,26,2012
500271,400842,400841,27,2012
500272,400092,400091,27,2012
500281,400892,400891,28,2012
500282,400022,400021,28,2012
500291,400412,400411,29,2012
500292,400632,400631,29,2012
500301,400572,400571,30,2012
500302,400672,400671,30,2012
500311,400882,400881,31,2012
500312,400602,400601,31,2012
500321,NA,NA,32,2012
500322,NA,NA,32,2012
500331,NA,NA,33,2012
500332,NA,NA,33,2012
500341,400022,400021,34,2012
500342,402642,402641,34,2012
500351,402812,402811,35,2012
500352,402662,402661,35,2012
500361,402782,402781,36,2012
500362,402262,402261,36,2012
500371,400682,400681,37,2012
500372,401642,401641,37,2012
500381,401172,401171,38,2012
500382,401682,401681,38,2012
500391,400472,400471,39,2012
500392,401712,401711,39,2012
500401,400072,400071,40,2012
500402,401672,401671,40,2012
500411,401802,401801,41,2012
500412,401372,401371,41,2012
500421,401392,401391,42,2012
500422,401402,401401,42,2012
500431,400822,400821,43,2012
500432,401212,401211,43,2012
500441,401692,401691,44,2012
500442,401192,401191,44,2012
500451,402002,402001,45,2012
500452,400412,400411,45,2012
500461,NA,NA,46,2012
500462,NA,NA,46,2012
500471,NA,NA,47,2012
500472,NA,NA,47,2012
500481,400592,400591,48,2012
500482,401552,401551,48,2012
500491,400382,400381,49,2012
500492,401522,401521,49,2012
500501,402622,402621,50,2012
500502,401412,401411,50,2012
500511,401842,401841,51,2012
500512,401422,401421,51,2012
500521,400442,400441,52,2012
500522,401242,401241,52,2012
500531,401642,401641,53,2012
500532,400812,400811,53,2012
500541,401982,401981,54,2012
500542,400692,400691,54,2012
500551,401142,401141,55,2012
500552,400602,400601,55,2012
500561,400842,400841,56,2012
500562,400512,400511,56,2012
500571,401482,401481,57,2012
500572,400392,400391,57,2012
500581,400802,400801,58,2012
500582,400422,400421,58,2012
500591,402262,402261,59,2012
500592,400322,400321,59,2012
500601,401772,401771,60,2012
500602,402432,402431,60,2012
500621,400432,400431,62,2012
500622,401732,401731,62,2012
500631,401142,401141,63,2012
500632,401722,401721,63,2012
500641,400562,400561,64,2012
500642,401592,401591,64,2012
500661,400422,400421,66,2012
500662,400282,400281,66,2012
500671,NA,NA,67,2012
500672,NA,NA,67,2012
500681,NA,NA,68,2012
500682,NA,NA,68,2012
500691,NA,NA,69,2012
500692,NA,NA,69,2012
500701,400332,400331,70,2012
500702,402432,402431,70,2012
500711,401242,401241,71,2012
500712,402502,402501,71,2012
500721,400872,400871,72,2012
500722,401212,401211,72,2012
500731,401332,401331,73,2012
500732,402662,402661,73,2012
500741,400422,400421,74,2012
500742,402282,402281,74,2012
500751,400592,400591,75,2012
500752,402272,402271,75,2012
500761,402752,402751,76,2012
500762,402172,402171,76,2012
500771,400662,400661,77,2012
500772,402202,402201,77,2012
500781,401202,401201,78,2012
500782,402052,402051,78,2012
500791,NA,NA,79,2012
500792,NA,NA,79,2012
500801,401192,401191,80,2012
500802,400682,400681,80,2012
500811,401322,401321,81,2012
500812,400632,400631,81,2012
500821,401302,401301,82,2012
500822,400622,400621,82,2012
500831,400412,400411,83,2012
500832,400362,400361,83,2012
500851,401722,401721,85,2012
500852,400412,400411,85,2012
500861,400412,400411,86,2012
500862,400382,400381,86,2012
500871,400822,400821,87,2012
500872,400322,400321,87,2012
500881,402172,402171,88,2012
500882,400312,400311,88,2012
500891,400432,400431,89,2012
500892,400342,400341,89,2012
500901,401252,401251,90,2012
500902,400322,400321,90,2012
500911,401222,401221,91,2012
500912,400112,400111,91,2012
500921,400662,400661,92,2012
500922,400082,400081,92,2012
500931,402502,402501,93,2012
500932,400062,400061,93,2012
500941,NA,NA,94,2012
500942,NA,NA,94,2012
500951,401852,401851,95,2012
500952,401952,401951,95,2012
500961,401302,401301,96,2012
500962,402662,402661,96,2012
500971,400502,400501,97,2012
500972,401592,401591,97,2012
500981,402172,402171,98,2012
500982,401522,401521,98,2012
500991,401402,401401,99,2012
500992,401512,401511,99,2012
501001,402262,402261,100,2012
501002,401392,401391,100,2012
501011,401152,401151,101,2012
501012,401262,401261,101,2012
501021,401402,401401,102,2012
501022,401132,401131,102,2012
501031,401652,401651,103,2012
501032,400912,400911,103,2012
501041,400112,400111,104,2012
501042,401462,401461,104,2012
501051,400052,400051,105,2012
501052,402632,402631,105,2012
501061,400402,400401,106,2012
501062,401922,401921,106,2012
501071,401422,401421,107,2012
501072,402052,402051,107,2012
501081,400122,400121,108,2012
501082,401872,401871,108,2012
501091,401332,401331,109,2012
501092,401822,401821,109,2012
501101,402622,402621,110,2012
501102,400362,400361,110,2012
501111,NA,NA,111,2012
501112,NA,NA,111,2012
501121,NA,NA,112,2012
501122,NA,NA,112,2012
501141,400112,400111,114,2012
501142,401682,401681,114,2012
501161,401252,401251,116,2012
501162,401502,401501,116,2012
501171,401462,401461,117,2012
501172,401492,401491,117,2012
501181,401792,401791,118,2012
501182,401262,401261,118,2012
501191,402262,402261,119,2012
501192,401652,401651,119,2012
501201,400452,400451,120,2012
501202,401612,401611,120,2012
501221,401262,401261,122,2012
501222,401192,401191,122,2012
501231,400622,400621,123,2012
501232,400052,400051,123,2012
501281,401142,401141,128,2012
501282,402432,402431,128,2012
501291,401502,401501,129,2012
501292,402162,402161,129,2012
501311,401552,401551,131,2012
501312,400552,400551,131,2012
501321,401592,401591,132,2012
501322,400552,400551,132,2012
501331,402282,402281,133,2012
501332,400132,400131,133,2012
501341,402502,402501,134,2012
501342,400712,400711,134,2012
501351,402762,402761,135,2012
501352,402272,402271,135,2012
501361,NA,NA,136,2012
501362,NA,NA,136,2012
501371,402052,402051,137,2012
501372,400922,400921,137,2012
501381,401882,401881,138,2012
501382,401192,401191,138,2012
501391,402442,402441,139,2012
501392,400922,400921,139,2012
501401,401462,401461,140,2012
501402,400082,400081,140,2012
501421,402442,402441,142,2012
501422,402142,402141,142,2012
501431,402002,402001,143,2012
501432,402582,402581,143,2012
501441,400012,400011,144,2012
501442,402772,402771,144,2012
501451,400302,400301,145,2012
501452,402042,402041,145,2012
501481,NA,NA,148,2012
501482,NA,NA,148,2012
501491,NA,NA,149,2012
501492,NA,NA,149,2012
501501,402602,402601,150,2012
501502,401212,401211,150,2012
501511,402772,402771,151,2012
501512,400522,400521,151,2012
501521,402472,402471,152,2012
501522,400532,400531,152,2012
501531,402642,402641,153,2012
501532,401212,401211,153,2012
501541,401482,401481,154,2012
501542,400932,400931,154,2012
501551,401552,401551,155,2012
501552,401272,401271,155,2012
501561,402642,402641,156,2012
501562,400862,400861,156,2012
501571,400272,400271,157,2012
501572,400742,400741,157,2012
501591,402612,402611,159,2012
501592,400302,400301,159,2012
501601,401412,401411,160,2012
501602,400302,400301,160,2012
501621,NA,NA,162,2012
501622,400812,400811,162,2012
501631,402452,402451,163,2012
501632,402402,402401,163,2012
501641,400512,400511,164,2012
501642,401282,401281,164,2012
501651,400802,400801,165,2012
501652,400302,400301,165,2012
501661,401342,401341,166,2012
501662,402742,402741,166,2012
501671,400862,400861,167,2012
501672,401222,401221,167,2012
501681,400922,400921,168,2012
501682,402662,402661,168,2012
501691,401332,401331,169,2012
501692,400902,400901,169,2012
501701,402712,402711,170,2012
501702,401882,401881,170,2012
501711,402692,402691,171,2012
501712,401642,401641,171,2012
501721,402642,402641,172,2012
501722,402202,402201,172,2012
501731,402402,402401,173,2012
501732,402142,402141,173,2012
501741,402832,402831,174,2012
501742,401372,401371,174,2012
501751,401692,401691,175,2012
501752,401942,401941,175,2012
501761,402702,402701,176,2012
501762,401912,401911,176,2012
501771,401472,401471,177,2012
501772,401582,401581,177,2012
501781,402802,402801,178,2012
501782,401492,401491,178,2012
501791,402612,402611,179,2012
501792,401992,401991,179,2012
501801,401652,401651,180,2012
501802,401432,401431,180,2012
501811,402812,402811,181,2012
501812,401352,401351,181,2012
501821,400352,400351,182,2012
501822,400832,400831,182,2012
501831,401652,401651,183,2012
501832,400722,400721,183,2012
501841,401692,401691,184,2012
501842,400582,400581,184,2012
501851,401972,401971,185,2012
501852,402142,402141,185,2012
501861,401852,401851,186,2012
501862,402592,402591,186,2012
501871,401772,401771,187,2012
501872,402582,402581,187,2012
501881,401232,401231,188,2012
501882,402482,402481,188,2012
501891,402712,402711,189,2012
501892,402242,402241,189,2012
501901,402682,402681,190,2012
501902,402232,402231,190,2012
501911,402602,402601,191,2012
501912,402832,402831,191,2012
501921,401702,401701,192,2012
501922,402832,402831,192,2012
501931,NA,NA,193,2012
501932,NA,NA,193,2012
501941,401922,401921,194,2012
501942,402792,402791,194,2012
501951,402612,402611,195,2012
501952,402402,402401,195,2012
501971,401562,401561,197,2012
501972,402332,402331,197,2012
501981,402832,402831,198,2012
501982,401682,401681,198,2012
501991,402712,402711,199,2012
501992,401712,401711,199,2012
502001,400102,400101,200,2012
502002,401552,401551,200,2012
502031,401552,401551,203,2012
502032,402702,402701,203,2012
502061,401952,401951,206,2012
502062,401222,401221,206,2012
502081,401822,401821,208,2012
502082,400122,400121,208,2012
502101,401792,401791,210,2012
502102,401192,401191,210,2012
502111,402832,402831,211,2012
502112,400512,400511,211,2012
502121,402442,402441,212,2012
502122,400122,400121,212,2012
502131,402592,402591,213,2012
502132,400082,400081,213,2012
502141,401532,401531,214,2012
502142,401192,401191,214,2012
502151,401342,401341,215,2012
502152,402142,402141,215,2012
502161,402592,402591,216,2012
502162,402132,402131,216,2012
502171,401242,401241,217,2012
502172,402582,402581,217,2012
502181,401992,401991,218,2012
502182,402512,402511,218,2012
502191,401432,401431,219,2012
502192,402562,402561,219,2012
502201,401322,401321,220,2012
502202,402402,402401,220,2012
502211,402442,402441,221,2012
502212,402372,402371,221,2012
502221,401582,401581,222,2012
502222,402392,402391,222,2012
502231,402242,402241,223,2012
502232,402402,402401,223,2012
502241,400562,400561,224,2012
502242,402642,402641,224,2012
502251,400532,400531,225,2012
502252,402802,402801,225,2012
502261,402102,402101,226,2012
502262,401932,401931,226,2012
502271,401422,401421,227,2012
502272,401852,401851,227,2012
502281,401392,401391,228,2012
502282,401642,401641,228,2012
502291,401552,401551,229,2012
502292,401402,401401,229,2012
502301,401802,401801,230,2012
502302,401122,401121,230,2012
502311,402262,402261,231,2012
502312,400812,400811,231,2012
502321,402172,402171,232,2012
502322,400742,400741,232,2012
502331,402282,402281,233,2012
502332,400512,400511,233,2012
502341,402302,402301,234,2012
502342,400012,400011,234,2012
502381,402232,402231,238,2012
502382,402142,402141,238,2012
502391,401412,401411,239,2012
502392,401262,401261,239,2012
502401,400132,400131,240,2012
502402,401682,401681,240,2012
502411,402242,402241,241,2012
502412,401432,401431,241,2012
502421,401882,401881,242,2012
502422,401212,401211,242,2012
502431,401842,401841,243,2012
502432,400832,400831,243,2012
502441,400592,400591,244,2012
502442,400922,400921,244,2012
502451,401992,401991,245,2012
502452,401272,401271,245,2012
502461,402202,402201,246,2012
502462,400742,400741,246,2012
502471,402772,402771,247,2012
502472,401512,401511,247,2012
502481,402592,402591,248,2012
502482,400402,400401,248,2012
502491,401582,401581,249,2012
502492,400302,400301,249,2012
502501,401222,401221,250,2012
502502,400092,400091,250,2012
502511,400742,400741,251,2012
502512,402722,402721,251,2012
502521,400112,400111,252,2012
502522,402422,402421,252,2012
502531,401792,401791,253,2012
502532,401912,401911,253,2012
502541,400692,400691,254,2012
502542,401962,401961,254,2012
502551,401792,401791,255,2012
502552,401752,401751,255,2012
502561,401752,401751,256,2012
502562,401672,401671,256,2012
502571,402832,402831,257,2012
502572,401492,401491,257,2012
502581,402832,402831,258,2012
502582,401372,401371,258,2012
502591,401922,401921,259,2012
502592,401202,401201,259,2012
502601,402332,402331,260,2012
502602,401212,401211,260,2012
502611,401202,401201,261,2012
502612,400702,400701,261,2012
502621,402622,402621,262,2012
502622,400732,400731,262,2012
502631,402672,402671,263,2012
502632,400272,400271,263,2012
502641,401862,401861,264,2012
502642,400062,400061,264,2012
502651,402372,402371,265,2012
502652,400032,400031,265,2012
502661,401362,401361,266,2012
502662,402402,402401,266,2012
502671,401542,401541,267,2012
502672,402402,402401,267,2012
502691,402782,402781,269,2012
502692,401942,401941,269,2012
502701,402462,402461,270,2012
502702,401912,401911,270,2012
502711,402072,402071,271,2012
502712,401672,401671,271,2012
502721,402072,402071,272,2012
502722,401582,401581,272,2012
502731,401562,401561,273,2012
502732,401432,401431,273,2012
502741,402722,402721,274,2012
502742,400832,400831,274,2012
502751,401652,401651,275,2012
502752,402112,402111,275,2012
502761,401952,401951,276,2012
502762,402112,402111,276,2012
502771,401332,401331,277,2012
502772,402092,402091,277,2012
502781,400152,400151,278,2012
502782,402322,402321,278,2012
502791,401592,401591,279,2012
502792,402012,402011,279,2012
502801,401442,401441,280,2012
502802,401742,401741,280,2012
502811,400402,400401,281,2012
502812,401602,401601,281,2012
502821,400072,400071,282,2012
502822,401352,401351,282,2012
502831,402122,402121,283,2012
502832,402192,402191,283,2012
502841,402782,402781,284,2012
502842,402252,402251,284,2012
502851,402142,402141,285,2012
502852,402192,402191,285,2012
502861,401302,401301,286,2012
502862,400772,400771,286,2012
502871,400762,400761,287,2012
502872,400092,400091,287,2012
502881,402372,402371,288,2012
502882,401712,401711,288,2012
502891,400812,400811,289,2012
502892,402802,402801,289,2012
502901,400522,400521,290,2012
502902,400032,400031,290,2012
502921,402142,402141,292,2012
502922,401492,401491,292,2012
502931,401332,401331,293,2012
502932,401372,401371,293,2012
502941,402562,402561,294,2012
502942,400732,400731,294,2012
502951,400762,400761,295,2012
502952,400732,400731,295,2012
502961,401792,401791,296,2012
502962,NA,NA,296,2012
502971,402422,402421,297,2012
502972,NA,NA,297,2012
502981,402692,402691,298,2012
502982,NA,NA,298,2012
502991,402382,402381,299,2012
502992,NA,NA,299,2012
503001,402712,402711,300,2012
503002,NA,NA,300,2012
503011,402242,402241,301,2012
503012,NA,NA,301,2012
503021,402392,402391,302,2012
503022,401752,401751,302,2012
503031,402132,402131,303,2012
503032,401562,401561,303,2012
503041,402532,402531,304,2012
503042,402072,402071,304,2012
503051,401872,401871,305,2012
503052,400792,400791,305,2012
503061,401982,401981,306,2012
503062,400862,400861,306,2012
503071,401642,401641,307,2012
503072,400702,400701,307,2012
503081,401792,401791,308,2012
503082,400732,400731,308,2012
503091,NA,NA,309,2012
503092,NA,NA,309,2012
503101,NA,NA,310,2012
503102,402722,402721,310,2012
600011,500802,500801,1,2013
600012,500032,500031,1,2013
600021,500532,500531,2,2013
600022,500452,500451,2,2013
600051,502422,502421,5,2013
600052,NA,NA,5,2013
600061,500372,500371,6,2013
600062,500142,500141,6,2013
600071,500802,500801,7,2013
600072,500032,500031,7,2013
600081,NA,NA,8,2013
600082,501052,501051,8,2013
600091,501862,501861,9,2013
600092,500712,500711,9,2013
600101,501552,501551,10,2013
600102,500162,500161,10,2013
600111,501542,501541,11,2013
600112,500132,500131,11,2013
600131,500442,500441,13,2013
600132,501232,501231,13,2013
600141,500142,500141,14,2013
600142,NA,NA,14,2013
600151,501862,501861,15,2013
600152,NA,NA,15,2013
600161,500372,500371,16,2013
600162,500032,500031,16,2013
600171,500142,500141,17,2013
600172,500782,500781,17,2013
600181,500142,500141,18,2013
600182,500212,500211,18,2013
600191,500712,500711,19,2013
600192,500162,500161,19,2013
600201,502172,502171,20,2013
600202,500372,500371,20,2013
600211,500132,500131,21,2013
600212,501352,501351,21,2013
600231,500882,500881,23,2013
600232,502152,502151,23,2013
600241,501502,501501,24,2013
600242,500222,500221,24,2013
600251,502152,502151,25,2013
600252,500812,500811,25,2013
600261,500182,500181,26,2013
600262,500642,500641,26,2013
600271,NA,NA,27,2013
600272,500102,500101,27,2013
600281,NA,NA,28,2013
600282,500052,500051,28,2013
600291,NA,NA,29,2013
600292,501102,501101,29,2013
600301,500392,500391,30,2013
600302,501972,501971,30,2013
600311,500502,500501,31,2013
600312,500702,500701,31,2013
600321,500742,500741,32,2013
600322,501012,501011,32,2013
600331,500902,500901,33,2013
600332,502262,502261,33,2013
600341,501052,501051,34,2013
600342,502142,502141,34,2013
600361,NA,NA,36,2013
600362,NA,NA,36,2013
600371,NA,NA,37,2013
600372,NA,NA,37,2013
600381,501602,501601,38,2013
600382,500182,500181,38,2013
600391,500702,500701,39,2013
600392,500212,500211,39,2013
600401,501922,501921,40,2013
600402,500252,500251,40,2013
600411,500862,500861,41,2013
600412,501032,501031,41,2013
600421,500772,500771,42,2013
600422,500232,500231,42,2013
600431,502142,502141,43,2013
600432,500622,500621,43,2013
600441,501332,501331,44,2013
600442,500452,500451,44,2013
600451,501972,501971,45,2013
600452,502182,502181,45,2013
600461,NA,NA,46,2013
600462,NA,NA,46,2013
600471,500152,500151,47,2013
600472,500112,500111,47,2013
600481,500212,500211,48,2013
600482,501352,501351,48,2013
600491,500372,500371,49,2013
600492,502652,502651,49,2013
600501,501062,501061,50,2013
600502,500392,500391,50,2013
600511,501332,501331,51,2013
600512,500782,500781,51,2013
600611,501862,501861,61,2013
600612,501382,501381,61,2013
600631,501922,501921,63,2013
600632,502592,502591,63,2013
600641,502002,502001,64,2013
600642,502482,502481,64,2013
600651,502742,502741,65,2013
600652,502542,502541,65,2013
600661,503072,503071,66,2013
600662,502242,502241,66,2013
600671,503102,503101,67,2013
600672,500212,500211,67,2013
600681,NA,NA,68,2013
600682,500202,500201,68,2013
600691,NA,NA,69,2013
600692,500312,500311,69,2013
600701,500032,500031,70,2013
600702,501832,501831,70,2013
600711,500182,500181,71,2013
600712,NA,NA,71,2013
600721,500272,500271,72,2013
600722,501972,501971,72,2013
600731,500532,500531,73,2013
600732,500832,500831,73,2013
600741,500642,500641,74,2013
600742,502602,502601,74,2013
600751,500872,500871,75,2013
600752,NA,NA,75,2013
600761,501042,501041,76,2013
600762,500202,500201,76,2013
600771,501202,501201,77,2013
600772,500132,500131,77,2013
600781,501332,501331,78,2013
600782,502132,502131,78,2013
600791,501502,501501,79,2013
600792,503052,503051,79,2013
600801,502002,502001,80,2013
600802,502562,502561,80,2013
600811,NA,NA,81,2013
600812,500512,500511,81,2013
600821,NA,NA,82,2013
600822,500492,500491,82,2013
600831,500082,500081,83,2013
600832,501552,501551,83,2013
600841,500312,500311,84,2013
600842,500522,500521,84,2013
600851,500562,500561,85,2013
600852,500642,500641,85,2013
600861,500582,500581,86,2013
600862,502972,502971,86,2013
600871,500632,500631,87,2013
600872,502962,502961,87,2013
600881,500902,500901,88,2013
600882,500522,500521,88,2013
600901,501692,501691,90,2013
600902,501862,501861,90,2013
600911,501922,501921,91,2013
600912,501012,501011,91,2013
600921,NA,NA,92,2013
600922,502722,502721,92,2013
600931,500272,500271,93,2013
600932,502312,502311,93,2013
600941,500292,500291,94,2013
600942,501122,501121,94,2013
600951,500352,500351,95,2013
600952,500222,500221,95,2013
600961,500562,500561,96,2013
600962,501162,501161,96,2013
600971,500582,500581,97,2013
600972,501072,501071,97,2013
600981,500632,500631,98,2013
600982,NA,NA,98,2013
600991,500972,500971,99,2013
600992,501822,501821,99,2013
601001,501002,501001,100,2013
601002,502572,502571,100,2013
601011,501012,501011,101,2013
601012,500702,500701,101,2013
601021,501092,501091,102,2013
601022,501082,501081,102,2013
601031,501202,501201,103,2013
601032,500852,500851,103,2013
601041,501282,501281,104,2013
601042,501052,501051,104,2013
601051,501322,501321,105,2013
601052,501022,501021,105,2013
601061,501722,501721,106,2013
601062,501402,501401,106,2013
601081,502872,502871,108,2013
601082,NA,NA,108,2013
601091,503072,503071,109,2013
601092,NA,NA,109,2013
601101,NA,NA,110,2013
601102,500302,500301,110,2013
601111,NA,NA,111,2013
601112,502582,502581,111,2013
601121,NA,NA,112,2013
601122,500262,500261,112,2013
601131,NA,NA,113,2013
601132,500902,500901,113,2013
601141,501222,501221,114,2013
601142,500622,500621,114,2013
601151,500102,500101,115,2013
601152,500112,500111,115,2013
601171,500292,500291,117,2013
601172,501102,501101,117,2013
601191,500312,500311,119,2013
601192,501172,501171,119,2013
601201,500482,500481,120,2013
601202,501502,501501,120,2013
601211,500512,500511,121,2013
601212,501872,501871,121,2013
601221,500542,500541,122,2013
601222,500572,500571,122,2013
601231,500582,500581,123,2013
601232,502872,502871,123,2013
601241,500662,500661,124,2013
601242,NA,NA,124,2013
601251,500672,500671,125,2013
601252,500982,500981,125,2013
601271,501042,501041,127,2013
601272,500552,500551,127,2013
601281,501052,501051,128,2013
601282,500052,500051,128,2013
601291,501092,501091,129,2013
601292,500342,500341,129,2013
601301,501122,501121,130,2013
601302,503022,503021,130,2013
601311,501162,501161,131,2013
601312,NA,NA,131,2013
601321,501182,501181,132,2013
601322,500522,500521,132,2013
601341,501222,501221,134,2013
601342,502542,502541,134,2013
601351,501372,501371,135,2013
601352,501342,501341,135,2013
601361,501432,501431,136,2013
601362,502582,502581,136,2013
601371,502002,502001,137,2013
601372,500852,500851,137,2013
601391,NA,NA,139,2013
601392,500252,500251,139,2013
601401,NA,NA,140,2013
601402,500882,500881,140,2013
601411,NA,NA,141,2013
601412,500352,500351,141,2013
601421,500272,500271,142,2013
601422,501622,501621,142,2013
601431,500302,500301,143,2013
601432,502792,502791,143,2013
601441,500352,500351,144,2013
601442,501572,501571,144,2013
601451,500552,500551,145,2013
601452,501852,501851,145,2013
601461,500662,500661,146,2013
601462,502782,502781,146,2013
601471,500852,500851,147,2013
601472,501512,501511,147,2013
601481,500872,500871,148,2013
601482,500932,500931,148,2013
601491,500952,500951,149,2013
601492,500522,500521,149,2013
601501,501042,501041,150,2013
601502,501432,501431,150,2013
601511,501122,501121,151,2013
601512,NA,NA,151,2013
601521,501162,501161,152,2013
601522,501392,501391,152,2013
601531,501342,501341,153,2013
601532,501142,501141,153,2013
601541,501422,501421,154,2013
601542,502802,502801,154,2013
601551,501502,501501,155,2013
601552,500152,500151,155,2013
601561,501602,501601,156,2013
601562,502872,502871,156,2013
601571,501752,501751,157,2013
601572,502882,502881,157,2013
601581,502002,502001,158,2013
601582,501402,501401,158,2013
601591,502282,502281,159,2013
601592,501652,501651,159,2013
601601,NA,NA,160,2013
601602,501052,501051,160,2013
601611,NA,NA,161,2013
601612,502812,502811,161,2013
601621,NA,NA,162,2013
601622,501082,501081,162,2013
601631,500152,500151,163,2013
601632,500312,500311,163,2013
601641,500352,500351,164,2013
601642,500442,500441,164,2013
601661,500412,500411,166,2013
601662,501352,501351,166,2013
601671,500512,500511,167,2013
601672,500662,500661,167,2013
601681,500542,500541,168,2013
601682,501562,501561,168,2013
601691,501092,501091,169,2013
601692,501512,501511,169,2013
601711,501222,501221,171,2013
601712,NA,NA,171,2013
601721,501322,501321,172,2013
601722,503072,503071,172,2013
601731,501342,501341,173,2013
601732,501202,501201,173,2013
601741,501372,501371,174,2013
601742,501282,501281,174,2013
601751,501452,501451,175,2013
601752,501392,501391,175,2013
601761,501512,501511,176,2013
601762,501672,501671,176,2013
601771,501602,501601,177,2013
601772,501632,501631,177,2013
601781,501642,501641,178,2013
601782,501692,501691,178,2013
601791,501652,501651,179,2013
601792,NA,NA,179,2013
601801,501682,501681,180,2013
601802,500392,500391,180,2013
601811,501722,501721,181,2013
601812,500872,500871,181,2013
601821,501852,501851,182,2013
601822,NA,NA,182,2013
601831,501892,501891,183,2013
601832,500932,500931,183,2013
601841,NA,NA,184,2013
601842,500482,500481,184,2013
601851,NA,NA,185,2013
601852,500852,500851,185,2013
601861,500562,500561,186,2013
601862,501872,501871,186,2013
601871,500972,500971,187,2013
601872,500262,500261,187,2013
601881,501092,501091,188,2013
601882,500342,500341,188,2013
601891,501772,501771,189,2013
601892,502172,502171,189,2013
601901,500992,500991,190,2013
601902,500972,500971,190,2013
601911,501952,501951,191,2013
601912,502182,502181,191,2013
601921,502652,502651,192,2013
601922,500932,500931,192,2013
601931,NA,NA,193,2013
601932,501142,501141,193,2013
601941,500302,500301,194,2013
601942,500022,500021,194,2013
601951,500342,500341,195,2013
601952,500392,500391,195,2013
601961,500622,500621,196,2013
601962,500442,500441,196,2013
601971,500972,500971,197,2013
601972,501702,501701,197,2013
601981,501172,501171,198,2013
601982,502422,502421,198,2013
601991,501232,501231,199,2013
601992,502822,502821,199,2013
602001,501282,501281,200,2013
602002,503022,503021,200,2013
602021,501602,501601,202,2013
602022,502462,502461,202,2013
602031,501632,501631,203,2013
602032,501372,501371,203,2013
602041,501652,501651,204,2013
602042,500642,500641,204,2013
602051,NA,NA,205,2013
602052,NA,NA,205,2013
602061,500302,500301,206,2013
602062,502202,502201,206,2013
602071,500422,500421,207,2013
602072,500402,500401,207,2013
602081,500482,500481,208,2013
602082,501522,501521,208,2013
602091,500542,500541,209,2013
602092,502572,502571,209,2013
602101,500992,500991,210,2013
602102,503062,503061,210,2013
602111,501372,501371,211,2013
602112,502032,502031,211,2013
602121,501682,501681,212,2013
602122,502152,502151,212,2013
602131,501722,501721,213,2013
602132,501202,501201,213,2013
602141,501842,501841,214,2013
602142,501542,501541,214,2013
602151,501892,501891,215,2013
602152,502142,502141,215,2013
602161,501902,501901,216,2013
602162,500932,500931,216,2013
602171,501912,501911,217,2013
602172,500232,500231,217,2013
602181,502122,502121,218,2013
602182,501802,501801,218,2013
602191,502392,502391,219,2013
602192,502132,502131,219,2013
602201,502872,502871,220,2013
602202,501692,501691,220,2013
602211,NA,NA,221,2013
602212,501832,501831,221,2013
602221,500922,500921,222,2013
602222,500342,500341,222,2013
602231,501522,501521,223,2013
602232,NA,NA,223,2013
602331,501182,501181,233,2013
602332,500622,500621,233,2013
602341,501282,501281,234,2013
602342,500662,500661,234,2013
602361,501442,501441,236,2013
602362,501572,501571,236,2013
602371,501702,501701,237,2013
602372,502132,502131,237,2013
602381,501892,501891,238,2013
602382,500702,500701,238,2013
602391,501972,501971,239,2013
602392,501802,501801,239,2013
602411,501182,501181,241,2013
602412,502222,502221,241,2013
602421,500752,500751,242,2013
602422,501802,501801,242,2013
602441,500602,500601,244,2013
602442,NA,NA,244,2013
602461,501032,501031,246,2013
602462,NA,NA,246,2013
602471,501182,501181,247,2013
602472,NA,NA,247,2013
602491,502142,502141,249,2013
602492,500952,500951,249,2013
602501,502172,502171,250,2013
602502,NA,NA,250,2013
602511,503102,503101,251,2013
602512,501902,501901,251,2013
602521,500042,500041,252,2013
602522,NA,NA,252,2013
602531,500422,500421,253,2013
602532,NA,NA,253,2013
602541,501002,501001,254,2013
602542,NA,NA,254,2013
602551,501592,501591,255,2013
602552,NA,NA,255,2013
602561,501942,501941,256,2013
602562,NA,NA,256,2013
602571,502032,502031,257,2013
602572,NA,NA,257,2013
602581,501422,501421,258,2013
602582,NA,NA,258,2013
602591,502522,502521,259,2013
602592,NA,NA,259,2013
602611,502192,502191,261,2013
602612,NA,NA,261,2013
602641,501912,501911,264,2013
602642,NA,NA,264,2013
602651,502062,502061,265,2013
602652,NA,NA,265,2013
602671,501562,501561,267,2013
602672,NA,NA,267,2013
602681,500412,500411,268,2013
602682,NA,NA,268,2013
602691,501062,501061,269,2013
602692,NA,NA,269,2013
602701,501752,501751,270,2013
602702,NA,NA,270,2013
602711,501842,501841,271,2013
602712,NA,NA,271,2013
602721,502062,502061,272,2013
602722,NA,NA,272,2013
602731,501452,501451,273,2013
602732,NA,NA,273,2013
602741,501742,501741,274,2013
602742,NA,NA,274,2013
602751,502122,502121,275,2013
602752,NA,NA,275,2013
602771,502742,502741,277,2013
602772,NA,NA,277,2013
602781,500812,500811,278,2013
602782,500682,500681,278,2013
602801,501592,501591,280,2013
602802,NA,NA,280,2013
602821,501782,501781,282,2013
602822,501982,501981,282,2013
602831,502112,502111,283,2013
602832,NA,NA,283,2013
602841,502242,502241,284,2013
602842,502272,502271,284,2013
602851,502552,502551,285,2013
602852,NA,NA,285,2013
602871,502782,502781,287,2013
602872,NA,NA,287,2013
602881,502842,502841,288,2013
602882,502302,502301,288,2013
602891,501622,501621,289,2013
602892,NA,NA,289,2013
602901,501762,501761,290,2013
602902,502502,502501,290,2013
602911,501792,501791,291,2013
602912,502082,502081,291,2013
602921,502272,502271,292,2013
602922,NA,NA,292,2013
602931,502392,502391,293,2013
602932,502302,502301,293,2013
602941,502832,502831,294,2013
602942,NA,NA,294,2013
602951,502882,502881,295,2013
602952,502862,502861,295,2013
602961,NA,NA,296,2013
602962,502322,502321,296,2013
602971,500832,500831,297,2013
602972,502282,502281,297,2013
602981,501712,501711,298,2013
602982,NA,NA,298,2013
602991,501982,501981,299,2013
602992,500742,500741,299,2013
603001,502282,502281,300,2013
603002,502262,502261,300,2013
603011,502402,502401,301,2013
603012,502322,502321,301,2013
603021,502472,502471,302,2013
603022,NA,NA,302,2013
603031,502792,502791,303,2013
603032,502482,502481,303,2013
603051,502852,502851,305,2013
603052,NA,NA,305,2013
603061,502202,502201,306,2013
603062,NA,NA,306,2013
603071,502292,502291,307,2013
603072,502252,502251,307,2013
603091,502882,502881,309,2013
603092,502762,502761,309,2013
603101,502322,502321,310,2013
603102,NA,NA,310,2013
700011,NA,NA,1,2014
700012,600192,600191,1,2014
700021,NA,NA,2,2014
700022,600022,600021,2,2014
700031,NA,NA,3,2014
700032,600392,600391,3,2014
700041,600162,600161,4,2014
700042,NA,NA,4,2014
700051,600452,600451,5,2014
700052,NA,NA,5,2014
700061,NA,NA,6,2014
700062,600092,600091,6,2014
700081,600062,600061,8,2014
700082,600942,600941,8,2014
700091,600392,600391,9,2014
700092,601442,601441,9,2014
700101,600762,600761,10,2014
700102,NA,NA,10,2014
700111,601752,601751,11,2014
700112,601572,601571,11,2014
700121,601802,601801,12,2014
700122,600172,600171,12,2014
700141,602492,602491,14,2014
700142,NA,NA,14,2014
700151,602652,602651,15,2014
700152,NA,NA,15,2014
700161,600192,600191,16,2014
700162,601022,601021,16,2014
700171,600262,600261,17,2014
700172,601952,601951,17,2014
700181,600292,600291,18,2014
700182,602502,602501,18,2014
700191,600302,600301,19,2014
700192,600252,600251,19,2014
700201,600342,600341,20,2014
700202,601972,601971,20,2014
700211,600402,600401,21,2014
700212,601762,601761,21,2014
700221,600512,600511,22,2014
700222,601192,601191,22,2014
700231,600642,600641,23,2014
700232,600322,600321,23,2014
700241,600762,600761,24,2014
700242,601772,601771,24,2014
700251,601402,601401,25,2014
700252,600282,600281,25,2014
700261,601812,601811,26,2014
700262,NA,NA,26,2014
700271,601922,601921,27,2014
700272,NA,NA,27,2014
700281,600442,600441,28,2014
700282,600912,600911,28,2014
700291,600452,600451,29,2014
700292,601682,601681,29,2014
700311,601692,601691,31,2014
700312,601232,601231,31,2014
700321,600632,600631,32,2014
700322,600992,600991,32,2014
700331,600262,600261,33,2014
700332,NA,NA,33,2014
700341,600382,600381,34,2014
700342,601002,601001,34,2014
700351,600422,600421,35,2014
700352,600512,600511,35,2014
700361,600492,600491,36,2014
700362,601322,601321,36,2014
700371,600632,600631,37,2014
700372,602132,602131,37,2014
700381,600692,600691,38,2014
700382,602672,602671,38,2014
700391,600702,600701,39,2014
700392,602912,602911,39,2014
700401,600792,600791,40,2014
700402,600812,600811,40,2014
700411,600802,600801,41,2014
700412,602122,602121,41,2014
700431,601132,601131,43,2014
700432,601602,601601,43,2014
700441,601422,601421,44,2014
700442,600802,600801,44,2014
700451,602192,602191,45,2014
700452,602492,602491,45,2014
700461,602932,602931,46,2014
700462,601352,601351,46,2014
700471,600072,600071,47,2014
700472,600102,600101,47,2014
700481,600212,600211,48,2014
700482,600402,600401,48,2014
700491,600242,600241,49,2014
700492,601062,601061,49,2014
700501,600382,600381,50,2014
700502,600182,600181,50,2014
700511,600712,600711,51,2014
700512,602982,602981,51,2014
700521,600732,600731,52,2014
700522,600642,600641,52,2014
700531,601612,601611,53,2014
700532,602892,602891,53,2014
700541,601742,601741,54,2014
700542,NA,NA,54,2014
700561,601922,601921,56,2014
700562,602712,602711,56,2014
700571,NA,NA,57,2014
700572,600012,600011,57,2014
700581,NA,NA,58,2014
700582,600472,600471,58,2014
700591,600062,600061,59,2014
700592,NA,NA,59,2014
700601,600292,600291,60,2014
700602,602572,602571,60,2014
700611,600322,600321,61,2014
700612,601082,601081,61,2014
700621,600702,600701,62,2014
700622,601522,601521,62,2014
700631,600902,600901,63,2014
700632,601422,601421,63,2014
700641,601102,601101,64,2014
700642,602652,602651,64,2014
700651,601662,601661,65,2014
700652,600992,600991,65,2014
700661,601872,601871,66,2014
700662,NA,NA,66,2014
700671,602152,602151,67,2014
700672,601302,601301,67,2014
700681,603012,603011,68,2014
700682,600912,600911,68,2014
700691,NA,NA,69,2014
700692,600472,600471,69,2014
700701,NA,NA,70,2014
700702,600612,600611,70,2014
700711,600772,600771,71,2014
700712,601572,601571,71,2014
700721,600142,600141,72,2014
700722,601502,601501,72,2014
700731,601062,601061,73,2014
700732,601242,601241,73,2014
700751,601462,601461,75,2014
700752,601992,601991,75,2014
700761,602562,602561,76,2014
700762,602502,602501,76,2014
700771,NA,NA,77,2014
700772,602202,602201,77,2014
700781,600972,600971,78,2014
700782,601902,601901,78,2014
700791,600252,600251,79,2014
700792,602842,602841,79,2014
700801,600412,600411,80,2014
700802,601972,601971,80,2014
700811,600712,600711,81,2014
700812,602882,602881,81,2014
700821,600812,600811,82,2014
700822,601122,601121,82,2014
700831,600902,600901,83,2014
700832,601542,601541,83,2014
700841,600962,600961,84,2014
700842,601292,601291,84,2014
700851,601142,601141,85,2014
700852,601022,601021,85,2014
700861,601272,601271,86,2014
700862,601992,601991,86,2014
700871,601532,601531,87,2014
700872,600742,600741,87,2014
700891,601662,601661,89,2014
700892,600942,600941,89,2014
700901,601932,601931,90,2014
700902,601512,601511,90,2014
700911,602122,602121,91,2014
700912,602542,602541,91,2014
700941,600312,600311,94,2014
700942,602112,602111,94,2014
700951,600672,600671,95,2014
700952,601012,601011,95,2014
700961,600932,600931,96,2014
700962,NA,NA,96,2014
700971,601002,601001,97,2014
700972,602042,602041,97,2014
700981,601032,601031,98,2014
700982,601152,601151,98,2014
700991,601122,601121,99,2014
700992,NA,NA,99,2014
701001,601132,601131,100,2014
701002,602592,602591,100,2014
701011,601252,601251,101,2014
701012,NA,NA,101,2014
701041,601552,601551,104,2014
701042,600482,600481,104,2014
701051,601592,601591,105,2014
701052,602852,602851,105,2014
701071,601882,601881,107,2014
701072,601862,601861,107,2014
701081,NA,NA,108,2014
701082,600202,600201,108,2014
701091,600332,600331,109,2014
701092,601862,601861,109,2014
701101,600872,600871,110,2014
701102,NA,NA,110,2014
701111,600932,600931,111,2014
701112,601552,601551,111,2014
701121,601112,601111,112,2014
701122,602092,602091,112,2014
701131,600882,600881,113,2014
701132,NA,NA,113,2014
701141,601202,601201,114,2014
701142,600722,600721,114,2014
701151,601242,601241,115,2014
701152,601212,601211,115,2014
701171,601462,601461,117,2014
701172,602092,602091,117,2014
701221,NA,NA,122,2014
701222,600082,600081,122,2014
701231,NA,NA,123,2014
701232,600112,600111,123,2014
701241,NA,NA,124,2014
701242,600502,600501,124,2014
701251,601032,601031,125,2014
701252,601562,601561,125,2014
701261,601222,601221,126,2014
701262,602712,602711,126,2014
701271,601252,601251,127,2014
701272,602542,602541,127,2014
701281,601362,601361,128,2014
701282,601152,601151,128,2014
701291,601472,601471,129,2014
701292,601492,601491,129,2014
701301,601932,601931,130,2014
701302,602132,602131,130,2014
701311,602062,602061,131,2014
701312,600152,600151,131,2014
701321,601322,601321,132,2014
701322,602022,602021,132,2014
701331,600232,600231,133,2014
701332,602072,602071,133,2014
701341,600372,600371,134,2014
701342,NA,NA,134,2014
701351,600652,600651,135,2014
701352,602102,602101,135,2014
701361,600792,600791,136,2014
701362,601412,601411,136,2014
701371,601432,601431,137,2014
701372,NA,NA,137,2014
701381,601472,601471,138,2014
701382,601052,601051,138,2014
701391,601522,601521,139,2014
701392,601952,601951,139,2014
701401,601842,601841,140,2014
701402,601912,601911,140,2014
701421,NA,NA,142,2014
701422,600332,600331,142,2014
701441,600842,600841,144,2014
701442,600952,600951,144,2014
701451,601012,601011,145,2014
701452,NA,NA,145,2014
701461,601632,601631,146,2014
701462,601642,601641,146,2014
701471,601692,601691,147,2014
701472,601942,601941,147,2014
701481,601792,601791,148,2014
701482,602692,602691,148,2014
701491,600272,600271,149,2014
701492,600672,600671,149,2014
701501,600422,600421,150,2014
701502,600232,600231,150,2014
701511,600652,600651,151,2014
701512,601602,601601,151,2014
701521,600722,600721,152,2014
701522,601982,601981,152,2014
701531,600822,600821,153,2014
701532,600752,600751,153,2014
701541,601482,601481,154,2014
701542,600962,600961,154,2014
701551,601502,601501,155,2014
701552,601282,601281,155,2014
701561,601642,601641,156,2014
701562,NA,NA,156,2014
701581,602572,602571,158,2014
701582,602062,602061,158,2014
701591,NA,NA,159,2014
701592,601712,601711,159,2014
701611,601012,601011,161,2014
701612,602092,602091,161,2014
701621,601082,601081,162,2014
701622,NA,NA,162,2014
701631,600402,600401,163,2014
701632,NA,NA,163,2014
701651,601102,601101,165,2014
701652,601962,601961,165,2014
701661,601712,601711,166,2014
701662,602572,602571,166,2014
701681,601852,601851,168,2014
701682,NA,NA,168,2014
701691,601862,601861,169,2014
701692,NA,NA,169,2014
701701,601902,601901,170,2014
701702,601842,601841,170,2014
701721,602092,602091,172,2014
701722,600692,600691,172,2014
701731,602592,602591,173,2014
701732,601582,601581,173,2014
701751,NA,NA,175,2014
701752,601342,601341,175,2014
701761,NA,NA,176,2014
701762,601372,601371,176,2014
701781,600112,600111,178,2014
701782,600872,600871,178,2014
701791,600652,600651,179,2014
701792,600952,600951,179,2014
701801,600822,600821,180,2014
701802,601852,601851,180,2014
701811,601442,601441,181,2014
701812,NA,NA,181,2014
701821,602072,602071,182,2014
701822,601342,601341,182,2014
701841,602932,602931,184,2014
701842,601492,601491,184,2014
701861,NA,NA,186,2014
701862,601172,601171,186,2014
701871,NA,NA,187,2014
701872,601722,601721,187,2014
701881,601292,601291,188,2014
701882,601222,601221,188,2014
701901,600822,600821,190,2014
701902,NA,NA,190,2014
701911,601052,601051,191,2014
701912,NA,NA,191,2014
701921,601192,601191,192,2014
701922,NA,NA,192,2014
701931,601252,601251,193,2014
701932,602772,602771,193,2014
701941,601282,601281,194,2014
701942,NA,NA,194,2014
701951,601402,601401,195,2014
701952,NA,NA,195,2014
701961,601452,601451,196,2014
701962,600442,600441,196,2014
701981,601612,601611,198,2014
701982,601112,601111,198,2014
702011,602912,602911,201,2014
702012,602952,602951,201,2014
702021,601772,601771,202,2014
702022,600232,600231,202,2014
702031,601222,601221,203,2014
702032,601902,601901,203,2014
702041,602842,602841,204,2014
702042,601432,601431,204,2014
702051,600492,600491,205,2014
702052,600432,600431,205,2014
702061,601022,601021,206,2014
702062,NA,NA,206,2014
702071,601462,601461,207,2014
702072,NA,NA,207,2014
702081,601842,601841,208,2014
702082,NA,NA,208,2014
702091,602152,602151,209,2014
702092,601752,601751,209,2014
702101,602552,602551,210,2014
702102,600872,600871,210,2014
702111,602952,602951,211,2014
702112,602692,602691,211,2014
702151,602902,602901,215,2014
702152,601052,601051,215,2014
702161,601202,601201,216,2014
702162,602132,602131,216,2014
702181,601762,601761,218,2014
702182,602382,602381,218,2014
702191,601932,601931,219,2014
702192,NA,NA,219,2014
702201,602902,602901,220,2014
702202,600322,600321,220,2014
702211,600992,600991,221,2014
702212,600112,600111,221,2014
702221,601492,601491,222,2014
702222,601392,601391,222,2014
702231,601542,601541,223,2014
702232,NA,NA,223,2014
702241,601602,601601,224,2014
702242,602992,602991,224,2014
702251,602162,602161,225,2014
702252,NA,NA,225,2014
702271,602392,602391,227,2014
702272,601792,601791,227,2014
702301,600672,600671,230,2014
702302,600912,600911,230,2014
702311,600712,600711,231,2014
702312,600772,600771,231,2014
702321,601772,601771,232,2014
702322,602222,602221,232,2014
702331,601832,601831,233,2014
702332,602882,602881,233,2014
702341,602102,602101,234,2014
702342,601852,601851,234,2014
702351,602112,602111,235,2014
702352,602392,602391,235,2014
702371,602922,602921,237,2014
702372,600942,600941,237,2014
702381,602932,602931,238,2014
702382,NA,NA,238,2014
702401,600782,600781,240,2014
702402,601312,601311,240,2014
702411,602082,602081,241,2014
702412,NA,NA,241,2014
702421,602102,602101,242,2014
702422,602892,602891,242,2014
702431,602122,602121,243,2014
702432,601102,601101,243,2014
702451,NA,NA,245,2014
702452,602142,602141,245,2014
702461,600332,600331,246,2014
702462,602002,602001,246,2014
702471,600832,600831,247,2014
702472,600422,600421,247,2014
702481,601122,601121,248,2014
702482,600302,600301,248,2014
702491,601992,601991,249,2014
702492,NA,NA,249,2014
702501,602142,602141,250,2014
702502,601452,601451,250,2014
702511,602372,602371,251,2014
702512,600412,600411,251,2014
702521,603002,603001,252,2014
702522,602982,602981,252,2014
702551,601572,601571,255,2014
702552,601362,601361,255,2014
702561,600792,600791,256,2014
702562,600922,600921,256,2014
702581,601422,601421,258,2014
702582,603092,603091,258,2014
702591,601452,601451,259,2014
702592,602412,602411,259,2014
702601,603002,603001,260,2014
702602,602642,602641,260,2014
702611,NA,NA,261,2014
702612,602172,602171,261,2014
702621,NA,NA,262,2014
702622,602232,602231,262,2014
702631,NA,NA,263,2014
702632,602362,602361,263,2014
702651,600812,600811,265,2014
702652,603072,603071,265,2014
702661,601132,601131,266,2014
702662,602822,602821,266,2014
702671,601392,601391,267,2014
702672,602942,602941,267,2014
702681,600272,600271,268,2014
702682,NA,NA,268,2014
702691,600372,600371,269,2014
702692,601062,601061,269,2014
702701,600412,600411,270,2014
702702,602522,602521,270,2014
800011,700572,700571,1,2015
800012,700012,700011,1,2015
800021,700712,700711,2,2015
800022,700642,700641,2,2015
800031,700792,700791,3,2015
800032,700812,700811,3,2015
800041,700652,700651,4,2015
800042,701272,701271,4,2015
800051,700162,700161,5,2015
800052,701222,701221,5,2015
800061,700832,700831,6,2015
800062,701722,701721,6,2015
800151,700202,700201,15,2015
800152,702252,702251,15,2015
800161,700292,700291,16,2015
800162,701942,701941,16,2015
800171,700602,700601,17,2015
800172,700082,700081,17,2015
800181,700682,700681,18,2015
800182,701802,701801,18,2015
800191,700832,700831,19,2015
800192,701232,701231,19,2015
800201,701252,701251,20,2015
800202,702302,702301,20,2015
800211,701332,701331,21,2015
800212,700702,700701,21,2015
800221,701392,701391,22,2015
800222,700142,700141,22,2015
800231,701552,701551,23,2015
800232,700232,700231,23,2015
800251,701752,701751,25,2015
800252,701952,701951,25,2015
800271,700032,700031,27,2015
800272,701242,701241,27,2015
800281,700612,700611,28,2015
800282,700982,700981,28,2015
800291,700162,700161,29,2015
800292,701512,701511,29,2015
800301,700172,700171,30,2015
800302,700052,700051,30,2015
800321,700292,700291,32,2015
800322,701242,701241,32,2015
800331,700482,700481,33,2015
800332,702252,702251,33,2015
800341,700492,700491,34,2015
800342,701002,701001,34,2015
800351,700512,700511,35,2015
800352,701822,701821,35,2015
800361,700632,700631,36,2015
800362,NA,NA,36,2015
800371,700892,700891,37,2015
800372,702092,702091,37,2015
800381,701922,701921,38,2015
800382,701352,701351,38,2015
800391,700062,700061,39,2015
800392,700042,700041,39,2015
800401,700312,700311,40,2015
800402,700372,700371,40,2015
800411,700732,700731,41,2015
800412,700412,700411,41,2015
800421,700962,700961,42,2015
800422,700752,700751,42,2015
800431,701512,701511,43,2015
800432,700222,700221,43,2015
800441,701692,701691,44,2015
800442,701472,701471,44,2015
800451,701802,701801,45,2015
800452,701072,701071,45,2015
800461,702042,702041,46,2015
800462,700462,700461,46,2015
800471,702522,702521,47,2015
800472,702222,702221,47,2015
800491,700322,700321,49,2015
800492,702322,702321,49,2015
800501,700032,700031,50,2015
800502,702562,702561,50,2015
800511,700112,700111,51,2015
800512,702422,702421,51,2015
800521,700512,700511,52,2015
800522,700212,700211,52,2015
800531,700572,700571,53,2015
800532,700092,700091,53,2015
800541,700832,700831,54,2015
800542,NA,NA,54,2015
800551,700852,700851,55,2015
800552,701012,701011,55,2015
800561,701042,701041,56,2015
800562,700722,700721,56,2015
800571,701112,701111,57,2015
800572,700352,700351,57,2015
800581,701392,701391,58,2015
800582,700452,700451,58,2015
800591,701722,701721,59,2015
800592,700252,700251,59,2015
800601,702032,702031,60,2015
800602,700772,700771,60,2015
800611,702052,702051,61,2015
800612,701612,701611,61,2015
800621,702302,702301,62,2015
800622,701652,701651,62,2015
800631,700632,700631,63,2015
800632,702352,702351,63,2015
800641,702042,702041,64,2015
800642,701732,701731,64,2015
800651,700032,700031,65,2015
800652,700112,700111,65,2015
800661,700062,700061,66,2015
800662,701522,701521,66,2015
800671,700082,700081,67,2015
800672,701592,701591,67,2015
800681,700232,700231,68,2015
800682,701632,701631,68,2015
800691,700322,700321,69,2015
800692,701402,701401,69,2015
800701,700342,700341,70,2015
800702,701812,701811,70,2015
800711,700382,700381,71,2015
800712,701942,701941,71,2015
800721,700482,700481,72,2015
800722,702012,702011,72,2015
800731,700582,700581,73,2015
800732,702162,702161,73,2015
800741,700612,700611,74,2015
800742,702222,702221,74,2015
800761,700842,700841,76,2015
800762,701622,701621,76,2015
800771,700892,700891,77,2015
800772,701232,701231,77,2015
800781,701002,701001,78,2015
800782,701312,701311,78,2015
800791,701262,701261,79,2015
800792,701152,701151,79,2015
800801,701282,701281,80,2015
800802,NA,NA,80,2015
800811,701322,701321,81,2015
800812,702372,702371,81,2015
800821,701342,701341,82,2015
800822,NA,NA,82,2015
800831,701442,701441,83,2015
800832,701612,701611,83,2015
800841,701682,701681,84,2015
800842,701482,701481,84,2015
800851,701792,701791,85,2015
800852,700362,700361,85,2015
800861,701882,701881,86,2015
800862,702112,702111,86,2015
800871,702152,702151,87,2015
800872,701922,701921,87,2015
800881,701092,701091,88,2015
800882,701172,701171,88,2015
800891,700702,700701,89,2015
800892,701732,701731,89,2015
800901,700222,700221,90,2015
800902,702022,702021,90,2015
800911,701082,701081,91,2015
800912,702512,702511,91,2015
800921,701382,701381,92,2015
800922,702562,702561,92,2015
800951,700092,700091,95,2015
800952,700252,700251,95,2015
800961,700102,700101,96,2015
800962,701502,701501,96,2015
800971,700112,700111,97,2015
800972,701312,701311,97,2015
800981,700182,700181,98,2015
800982,NA,NA,98,2015
800991,700412,700411,99,2015
800992,NA,NA,99,2015
801001,700462,700461,100,2015
801002,702372,702371,100,2015
801011,700572,700571,101,2015
801012,NA,NA,101,2015
801021,700702,700701,102,2015
801022,700442,700441,102,2015
801031,700752,700751,103,2015
801032,700642,700641,103,2015
801041,700812,700811,104,2015
801042,701962,701961,104,2015
801051,700962,700961,105,2015
801052,702322,702321,105,2015
801061,701072,701071,106,2015
801062,701052,701051,106,2015
801071,701092,701091,107,2015
801072,NA,NA,107,2015
801081,701222,701221,108,2015
801082,701592,701591,108,2015
801091,701252,701251,109,2015
801092,700582,700581,109,2015
801101,701802,701801,110,2015
801102,700392,700391,110,2015
801111,700232,700231,111,2015
801112,701872,701871,111,2015
801121,701112,701111,112,2015
801122,701172,701171,112,2015
801131,701722,701721,113,2015
801132,700872,700871,113,2015
801141,700122,700121,114,2015
801142,700272,700271,114,2015
801151,700202,700201,115,2015
801152,701272,701271,115,2015
801161,700252,700251,116,2015
801162,700942,700941,116,2015
801171,700792,700791,117,2015
801172,701702,701701,117,2015
801181,700992,700991,118,2015
801182,701342,701341,118,2015
801191,701222,701221,119,2015
801192,702252,702251,119,2015
801201,701312,701311,120,2015
801202,NA,NA,120,2015
801221,701502,701501,122,2015
801222,700452,700451,122,2015
801231,701532,701531,123,2015
801232,700282,700281,123,2015
801241,701872,701871,124,2015
801242,701402,701401,124,2015
801251,701882,701881,125,2015
801252,700822,700821,125,2015
801261,702422,702421,126,2015
801262,700622,700621,126,2015
801271,NA,NA,127,2015
801272,700522,700521,127,2015
801281,700342,700341,128,2015
801282,700602,700601,128,2015
801291,700352,700351,129,2015
801292,700102,700101,129,2015
801301,700752,700751,130,2015
801302,700512,700511,130,2015
801311,701042,701041,131,2015
801312,NA,NA,131,2015
801321,701322,701321,132,2015
801322,701232,701231,132,2015
801331,701472,701471,133,2015
801332,701522,701521,133,2015
801341,700142,700141,134,2015
801342,700432,700431,134,2015
801351,700382,700381,135,2015
801352,700802,700801,135,2015
801361,700522,700521,136,2015
801362,700052,700051,136,2015
801371,700532,700531,137,2015
801372,700622,700621,137,2015
801381,700672,700671,138,2015
801382,700042,700041,138,2015
801391,700902,700901,139,2015
801392,701842,701841,139,2015
801401,700952,700951,140,2015
801402,700222,700221,140,2015
801411,701172,701171,141,2015
801412,702332,702331,141,2015
801421,701262,701261,142,2015
801422,701962,701961,142,2015
801431,701422,701421,143,2015
801432,700192,700191,143,2015
801441,701482,701481,144,2015
801442,700362,700361,144,2015
801451,701582,701581,145,2015
801452,701692,701691,145,2015
801461,701682,701681,146,2015
801462,701592,701591,146,2015
801471,701822,701821,147,2015
801472,700642,700641,147,2015
801481,702432,702431,148,2015
801482,700242,700241,148,2015
801491,NA,NA,149,2015
801492,700772,700771,149,2015
801511,700142,700141,151,2015
801512,701102,701101,151,2015
801521,700352,700351,152,2015
801522,701122,701121,152,2015
801531,700492,700491,153,2015
801532,701272,701271,153,2015
801541,700522,700521,154,2015
801542,701812,701811,154,2015
801551,700602,700601,155,2015
801552,700662,700661,155,2015
801561,700822,700821,156,2015
801562,700082,700081,156,2015
801571,700852,700851,157,2015
801572,701152,701151,157,2015
801581,700862,700861,158,2015
801582,NA,NA,158,2015
801591,700992,700991,159,2015
801592,700472,700471,159,2015
801611,701012,701011,161,2015
801612,700782,700781,161,2015
801621,701302,701301,162,2015
801622,700812,700811,162,2015
801631,701512,701511,163,2015
801632,700312,700311,163,2015
801651,701842,701841,165,2015
801652,700712,700711,165,2015
801661,702022,702021,166,2015
801662,701292,701291,166,2015
801671,702032,702031,167,2015
801672,700962,700961,167,2015
801681,702052,702051,168,2015
801682,NA,NA,168,2015
801691,701542,701541,169,2015
801692,NA,NA,169,2015
801701,700242,700241,170,2015
801702,NA,NA,170,2015
801721,700682,700681,172,2015
801722,701652,701651,172,2015
801731,700472,700471,173,2015
801732,700662,700661,173,2015
801741,700732,700731,174,2015
801742,701292,701291,174,2015
801751,700842,700841,175,2015
801752,700652,700651,175,2015
801761,700952,700951,176,2015
801762,700672,700671,176,2015
801771,701322,701321,177,2015
801772,702352,702351,177,2015
801781,701332,701331,178,2015
801782,700712,700711,178,2015
801791,701402,701401,179,2015
801792,700802,700801,179,2015
801801,701492,701491,180,2015
801802,702152,702151,180,2015
801811,701792,701791,181,2015
801812,700452,700451,181,2015
801821,702012,702011,182,2015
801822,700622,700621,182,2015
801831,702372,702371,183,2015
801832,701042,701041,183,2015
801851,700402,700401,185,2015
801852,700942,700941,185,2015
801861,700542,700541,186,2015
801862,NA,NA,186,2015
801871,700782,700781,187,2015
801872,700682,700681,187,2015
801881,700022,700021,188,2015
801882,NA,NA,188,2015
801891,700442,700441,189,2015
801892,702072,702071,189,2015
801901,700542,700541,190,2015
801902,700502,700501,190,2015
801911,700872,700871,191,2015
801912,701752,701751,191,2015
801921,701122,701121,192,2015
801922,701762,701761,192,2015
801931,701282,701281,193,2015
801932,700902,700901,193,2015
801941,701302,701301,194,2015
801942,700672,700671,194,2015
801951,701462,701461,195,2015
801952,701542,701541,195,2015
801961,701622,701621,196,2015
801962,NA,NA,196,2015
801971,702662,702661,197,2015
801972,NA,NA,197,2015
801991,NA,NA,199,2015
801992,701632,701631,199,2015
802001,700192,700191,200,2015
802002,701452,701451,200,2015
802011,700242,700241,201,2015
802012,700912,700911,201,2015
802021,700402,700401,202,2015
802022,701372,701371,202,2015
802031,700662,700661,203,2015
802032,701662,701661,203,2015
802041,700762,700761,204,2015
802042,700912,700911,204,2015
802061,701532,701531,206,2015
802062,701352,701351,206,2015
802071,701762,701761,207,2015
802072,700722,700721,207,2015
802081,702452,702451,208,2015
802082,NA,NA,208,2015
802091,701452,701451,209,2015
802092,702512,702511,209,2015
802101,701562,701561,210,2015
802102,NA,NA,210,2015
802111,700592,700591,211,2015
802112,700372,700371,211,2015
802121,NA,NA,212,2015
802122,NA,NA,212,2015
802131,700562,700561,213,2015
802132,701242,701241,213,2015
802141,701782,701781,214,2015
802142,701622,701621,214,2015
802161,NA,NA,216,2015
802162,701872,701871,216,2015
802171,NA,NA,217,2015
802172,701942,701941,217,2015
802181,NA,NA,218,2015
802182,701812,701811,218,2015
802191,NA,NA,219,2015
802192,NA,NA,219,2015
802201,NA,NA,220,2015
802202,701862,701861,220,2015
802211,701082,701081,221,2015
802212,702082,702081,221,2015
802221,NA,NA,222,2015
802222,702062,702061,222,2015
802231,NA,NA,223,2015
802232,702592,702591,223,2015
802241,701142,701141,224,2015
802242,NA,NA,224,2015
802251,NA,NA,225,2015
802252,701932,701931,225,2015
802261,NA,NA,226,2015
802262,702072,702071,226,2015
802271,NA,NA,227,2015
802272,702522,702521,227,2015
802281,701122,701121,228,2015
802282,NA,NA,228,2015
802291,702072,702071,229,2015
802292,701582,701581,229,2015
802301,NA,NA,230,2015
802302,701922,701921,230,2015
802311,700732,700731,231,2015
802312,702602,702601,231,2015
802321,700892,700891,232,2015
802322,NA,NA,232,2015
802331,701342,701341,233,2015
802332,702592,702591,233,2015
802341,701782,701781,234,2015
802342,702582,702581,234,2015
802351,702112,702111,235,2015
802352,NA,NA,235,2015
802361,NA,NA,236,2015
802362,702552,702551,236,2015
802371,NA,NA,237,2015
802372,702242,702241,237,2015
802381,701862,701861,238,2015
802382,700362,700361,238,2015
802391,701982,701981,239,2015
802392,702162,702161,239,2015
802401,702012,702011,240,2015
802402,702662,702661,240,2015
802421,702472,702471,242,2015
802422,700902,700901,242,2015
802431,702522,702521,243,2015
802432,702432,702431,243,2015
802441,700912,700911,244,2015
802442,702202,702201,244,2015
802451,702562,702561,245,2015
802452,702462,702461,245,2015
802461,NA,NA,246,2015
802462,701902,701901,246,2015
802471,NA,NA,247,2015
802472,702492,702491,247,2015
802481,700262,700261,248,2015
802482,NA,NA,248,2015
802491,700542,700541,249,2015
802492,702342,702341,249,2015
802501,NA,NA,250,2015
802502,702272,702271,250,2015
802511,NA,NA,251,2015
802512,700122,700121,251,2015
802521,702552,702551,252,2015
802522,702332,702331,252,2015
802531,700182,700181,253,2015
802532,702502,702501,253,2015
802541,701302,701301,254,2015
802542,702212,702211,254,2015
802551,701932,701931,255,2015
802552,701912,701911,255,2015
802561,702332,702331,256,2015
802562,702422,702421,256,2015
802571,702552,702551,257,2015
802572,702342,702341,257,2015
802581,701962,701961,258,2015
802582,701982,701981,258,2015
802591,700102,700101,259,2015
802592,701792,701791,259,2015
802601,700122,700121,260,2015
802602,701932,701931,260,2015
802611,700212,700211,261,2015
802612,701862,701861,261,2015
802621,700952,700951,262,2015
802622,702092,702091,262,2015
802631,701502,701501,263,2015
802632,702662,702661,263,2015
802641,701902,701901,264,2015
802642,700652,700651,264,2015
802651,702202,702201,265,2015
802652,701982,701981,265,2015
802661,702242,702241,266,2015
802662,701912,701911,266,2015
802671,702402,702401,267,2015
802672,701582,701581,267,2015
802681,702612,702611,268,2015
802682,701692,701691,268,2015
900011,800062,800061,1,2016
900012,800152,800151,1,2016
900021,800572,800571,2,2016
900022,801302,801301,2,2016
900031,800642,800641,3,2016
900032,800272,800271,3,2016
900041,800662,800661,4,2016
900042,800522,800521,4,2016
900051,800792,800791,5,2016
900052,801102,801101,5,2016
900061,800802,800801,6,2016
900062,801832,801831,6,2016
900071,801022,801021,7,2016
900072,800042,800041,7,2016
900081,801132,801131,8,2016
900082,800442,800441,8,2016
900091,801362,801361,9,2016
900092,800432,800431,9,2016
900101,801392,801391,10,2016
900102,801372,801371,10,2016
900111,801422,801421,11,2016
900112,800302,800301,11,2016
900121,801542,801541,12,2016
900122,800902,800901,12,2016
900131,801722,801721,13,2016
900132,801262,801261,13,2016
900141,800032,800031,14,2016
900142,800562,800561,14,2016
900151,800532,800531,15,2016
900152,801282,801281,15,2016
900161,800352,800351,16,2016
900162,801292,801291,16,2016
900171,801892,801891,17,2016
900172,800012,800011,17,2016
900181,800162,800161,18,2016
900182,800782,800781,18,2016
900191,800282,800281,19,2016
900192,801242,801241,19,2016
900201,800612,800611,20,2016
900202,801042,801041,20,2016
900211,800622,800621,21,2016
900212,801702,801701,21,2016
900221,800792,800791,22,2016
900222,801762,801761,22,2016
900231,801332,801331,23,2016
900232,800172,800171,23,2016
900251,801742,801741,25,2016
900252,800322,800321,25,2016
900261,801932,801931,26,2016
900262,800552,800551,26,2016
900271,800392,800391,27,2016
900272,800182,800181,27,2016
900281,800462,800461,28,2016
900282,801922,801921,28,2016
900291,800652,800651,29,2016
900292,801532,801531,29,2016
900301,801632,801631,30,2016
900302,801432,801431,30,2016
900311,801792,801791,31,2016
900312,801442,801441,31,2016
900321,802522,802521,32,2016
900322,801592,801591,32,2016
900331,NA,NA,33,2016
900332,801962,801961,33,2016
900341,800212,800211,34,2016
900342,800502,800501,34,2016
900351,801032,801031,35,2016
900352,800452,800451,35,2016
900381,800372,800371,38,2016
900382,801612,801611,38,2016
900391,800382,800381,39,2016
900392,801902,801901,39,2016
900401,800592,800591,40,2016
900402,800342,800341,40,2016
900411,800652,800651,41,2016
900412,800922,800921,41,2016
900421,801122,801121,42,2016
900422,800152,800151,42,2016
900431,801522,801521,43,2016
900432,NA,NA,43,2016
900441,801702,801701,44,2016
900442,800172,800171,44,2016
900451,801912,801911,45,2016
900452,800412,800411,45,2016
900461,801922,801921,46,2016
900462,800422,800421,46,2016
900471,800512,800511,47,2016
900472,801752,801751,47,2016
900481,800012,800011,48,2016
900482,801182,801181,48,2016
900491,800442,800441,49,2016
900492,801462,801461,49,2016
900501,800602,800601,50,2016
900502,800782,800781,50,2016
900511,800632,800631,51,2016
900512,802102,802101,51,2016
900521,800762,800761,52,2016
900522,802092,802091,52,2016
900531,800812,800811,53,2016
900532,800332,800331,53,2016
900541,800922,800921,54,2016
900542,800542,800541,54,2016
900551,800972,800971,55,2016
900552,800522,800521,55,2016
900561,801292,801291,56,2016
900562,801512,801511,56,2016
900571,801872,801871,57,2016
900572,NA,NA,57,2016
900581,802062,802061,58,2016
900582,800772,800771,58,2016
900591,800472,800471,59,2016
900592,802492,802491,59,2016
900601,801252,801251,60,2016
900602,802072,802071,60,2016
900611,800292,800291,61,2016
900612,801242,801241,61,2016
900621,800492,800491,62,2016
900622,801462,801461,62,2016
900631,800722,800721,63,2016
900632,800912,800911,63,2016
900641,801052,801051,64,2016
900642,800022,800021,64,2016
900661,801652,801651,66,2016
900662,NA,NA,66,2016
900671,NA,NA,67,2016
900672,800222,800221,67,2016
900681,802452,802451,68,2016
900682,800202,800201,68,2016
900691,801382,801381,69,2016
900692,800692,800691,69,2016
900701,801402,801401,70,2016
900702,801552,801551,70,2016
900711,801672,801671,71,2016
900712,801322,801321,71,2016
900721,801852,801851,72,2016
900722,801622,801621,72,2016
900731,800682,800681,73,2016
900732,NA,NA,73,2016
900741,801112,801111,74,2016
900742,801992,801991,74,2016
900751,800962,800961,75,2016
900752,800052,800051,75,2016
900761,801782,801781,76,2016
900762,NA,NA,76,2016
900771,802012,802011,77,2016
900772,NA,NA,77,2016
900791,800602,800601,79,2016
900792,800712,800711,79,2016
900801,800682,800681,80,2016
900802,801052,801051,80,2016
900821,801252,801251,82,2016
900822,801582,801581,82,2016
900831,801452,801451,83,2016
900832,800742,800741,83,2016
900841,801862,801861,84,2016
900842,NA,NA,84,2016
900851,802062,802061,85,2016
900852,801162,801161,85,2016
900861,800032,800031,86,2016
900862,800252,800251,86,2016
900871,800252,800251,87,2016
900872,801192,801191,87,2016
900881,801182,801181,88,2016
900882,800232,800231,88,2016
900891,801822,801821,89,2016
900892,NA,NA,89,2016
900901,801892,801891,90,2016
900902,801222,801221,90,2016
900911,802022,802021,91,2016
900912,801072,801071,91,2016
900921,NA,NA,92,2016
900922,800542,800541,92,2016
900931,800322,800321,93,2016
900932,801562,801561,93,2016
900941,800332,800331,94,2016
900942,801392,801391,94,2016
900951,801232,801231,95,2016
900952,NA,NA,95,2016
900961,800222,800221,96,2016
900962,802552,802551,96,2016
900971,800382,800381,97,2016
900972,802292,802291,97,2016
900981,800712,800711,98,2016
900982,802432,802431,98,2016
900991,800802,800801,99,2016
900992,NA,NA,99,2016
901001,800832,800831,100,2016
901002,802222,802221,100,2016
901011,801232,801231,101,2016
901012,802132,802131,101,2016
901021,801932,801931,102,2016
901022,801102,801101,102,2016
901031,802142,802141,103,2016
901032,802562,802561,103,2016
901041,802172,802171,104,2016
901042,NA,NA,104,2016
901051,802492,802491,105,2016
901052,802312,802311,105,2016
901061,802532,802531,106,2016
901062,800272,800271,106,2016
901071,802602,802601,107,2016
901072,801472,801471,107,2016
901081,802632,802631,108,2016
901082,802352,802351,108,2016
901091,802672,802671,109,2016
901092,801442,801441,109,2016
901101,NA,NA,110,2016
901102,802192,802191,110,2016
901111,NA,NA,111,2016
901112,802232,802231,111,2016
901121,802572,802571,112,2016
901122,802332,802331,112,2016
901131,800862,800861,113,2016
901132,802252,802251,113,2016
901141,801452,801451,114,2016
901142,800402,800401,114,2016
901151,801852,801851,115,2016
901152,802582,802581,115,2016
901161,801962,801961,116,2016
901162,802302,802301,116,2016
901171,801972,801971,117,2016
901172,NA,NA,117,2016
901181,802232,802231,118,2016
901182,802362,802361,118,2016
901191,800502,800501,119,2016
901192,800892,800891,119,2016
901201,800802,800801,120,2016
901202,802272,802271,120,2016
901211,801152,801151,121,2016
901212,802202,802201,121,2016
901221,802142,802141,122,2016
901222,802112,802111,122,2016
901231,802222,802221,123,2016
901232,NA,NA,123,2016
901241,802672,802671,124,2016
901242,800952,800951,124,2016
901251,801962,801961,125,2016
901252,802172,802171,125,2016
901261,801082,801081,126,2016
901262,802182,802181,126,2016
901291,802132,802131,129,2016
901292,802092,802091,129,2016
901301,802342,802341,130,2016
901302,802392,802391,130,2016
901311,802582,802581,131,2016
901312,NA,NA,131,2016
901321,800542,800541,132,2016
901322,801692,801691,132,2016
901331,801342,801341,133,2016
901332,801772,801771,133,2016
901361,801902,801901,136,2016
901362,800212,800211,136,2016
901371,801952,801951,137,2016
901372,802002,802001,137,2016
901381,801962,801961,138,2016
901382,NA,NA,138,2016
901401,802172,802171,140,2016
901402,801062,801061,140,2016
901431,NA,NA,143,2016
901432,802192,802191,143,2016
901441,801862,801861,144,2016
901442,801732,801731,144,2016
901451,802552,802551,145,2016
901452,802402,802401,145,2016
901461,800042,800041,146,2016
901462,801512,801511,146,2016
901471,800352,800351,147,2016
901472,802072,802071,147,2016
901481,800792,800791,148,2016
901482,800302,800301,148,2016
901491,801382,801381,149,2016
901492,802042,802041,149,2016
901501,801612,801611,150,2016
901502,800162,800161,150,2016
901521,800222,800221,152,2016
901522,802252,802251,152,2016
901531,800742,800741,153,2016
901532,801592,801591,153,2016
901541,801062,801061,154,2016
901542,802102,802101,154,2016
901551,801562,801561,155,2016
901552,802332,802331,155,2016
901561,801632,801631,156,2016
901562,802332,802331,156,2016
901571,802202,802201,157,2016
901572,NA,NA,157,2016
901591,801302,801301,159,2016
901592,802182,802181,159,2016
901601,800032,800031,160,2016
901602,802342,802341,160,2016
901611,800282,800281,161,2016
901612,800332,800331,161,2016
901621,800302,800301,162,2016
901622,800552,800551,162,2016
901631,800742,800741,163,2016
901632,800152,800151,163,2016
901641,800832,800831,164,2016
901642,800782,800781,164,2016
901651,801042,801041,165,2016
901652,802132,802131,165,2016
901661,801232,801231,166,2016
901662,802102,802101,166,2016
901671,801282,801281,167,2016
901672,801462,801461,167,2016
901681,801292,801291,168,2016
901682,801152,801151,168,2016
901691,801362,801361,169,2016
901692,800712,800711,169,2016
901711,802112,802111,171,2016
901712,NA,NA,171,2016
901721,802182,802181,172,2016
901722,NA,NA,172,2016
901731,802532,802531,173,2016
901732,NA,NA,173,2016
901741,NA,NA,174,2016
901742,NA,NA,174,2016
901751,802142,802141,175,2016
901752,800912,800911,175,2016
901771,800352,800351,177,2016
901772,802292,802291,177,2016
901781,800382,800381,178,2016
901782,802032,802031,178,2016
901791,800682,800681,179,2016
901792,801482,801481,179,2016
901801,801542,801541,180,2016
901802,NA,NA,180,2016
901811,801852,801851,181,2016
901812,NA,NA,181,2016
901821,801932,801931,182,2016
901822,801352,801351,182,2016
901831,801942,801941,183,2016
901832,801802,801801,183,2016
901841,802112,802111,184,2016
901842,801372,801371,184,2016
901851,802562,802561,185,2016
901852,802022,802021,185,2016
901861,802582,802581,186,2016
901862,801942,801941,186,2016
901881,NA,NA,188,2016
901882,801992,801991,188,2016
901891,NA,NA,189,2016
901892,802282,802281,189,2016
901901,NA,NA,190,2016
901902,802362,802361,190,2016
901911,800532,800531,191,2016
901912,801432,801431,191,2016
901921,800922,800921,192,2016
901922,801022,801021,192,2016
901941,801892,801891,194,2016
901942,801812,801811,194,2016
901951,800212,800211,195,2016
901952,800272,800271,195,2016
901961,800512,800511,196,2016
901962,800012,800011,196,2016
901971,801102,801101,197,2016
901972,802182,802181,197,2016
901991,801472,801471,199,2016
901992,801622,801621,199,2016
902001,801802,801801,200,2016
902002,NA,NA,200,2016
902011,801922,801921,201,2016
902012,800162,800161,201,2016
902031,800182,800181,203,2016
902032,NA,NA,203,2016
902041,NA,NA,204,2016
902042,NA,NA,204,2016
902051,NA,NA,205,2016
902052,801612,801611,205,2016
902061,800642,800641,206,2016
902062,800842,800841,206,2016
902071,800802,800801,207,2016
902072,800762,800761,207,2016
902081,801372,801371,208,2016
902082,802552,802551,208,2016
902091,801432,801431,209,2016
902092,802392,802391,209,2016
902101,801452,801451,210,2016
902102,NA,NA,210,2016
902111,801792,801791,211,2016
902112,802532,802531,211,2016
902131,802562,802561,213,2016
902132,801512,801511,213,2016
902141,802632,802631,214,2016
902142,801112,801111,214,2016
902151,NA,NA,215,2016
902152,802172,802171,215,2016
902161,800442,800441,216,2016
902162,800672,800671,216,2016
902171,801132,801131,217,2016
902172,800412,800411,217,2016
902201,800762,800761,220,2016
902202,801242,801241,220,2016
902211,801032,801031,221,2016
902212,800672,800671,221,2016
902221,801972,801971,222,2016
902222,NA,NA,222,2016
902261,801992,801991,226,2016
902262,801142,801141,226,2016
902281,800342,800341,228,2016
902282,802042,802041,228,2016
902291,800602,800601,229,2016
902292,802302,802301,229,2016
902301,800692,800691,230,2016
902302,NA,NA,230,2016
902321,801022,801021,232,2016
902322,801582,801581,232,2016
902331,801092,801091,233,2016
902332,802292,802291,233,2016
902341,801182,801181,234,2016
902342,801272,801271,234,2016
902361,801902,801901,236,2016
902362,NA,NA,236,2016
902371,802452,802451,237,2016
902372,NA,NA,237,2016
902381,NA,NA,238,2016
902382,801572,801571,238,2016
902391,801692,801691,239,2016
902392,NA,NA,239,2016
902401,801952,801951,240,2016
902402,802312,802311,240,2016
902421,NA,NA,242,2016
902422,801072,801071,242,2016
902431,NA,NA,243,2016
902432,801972,801971,243,2016
902441,NA,NA,244,2016
902442,801992,801991,244,2016
902451,801412,801411,245,2016
902452,801562,801561,245,2016
902461,801662,801661,246,2016
902462,NA,NA,246,2016
902471,801672,801671,247,2016
902472,801522,801521,247,2016
902491,801692,801691,249,2016
902492,800652,800651,249,2016
902511,801972,801971,251,2016
902512,801682,801681,251,2016
902521,800192,800191,252,2016
902522,801552,801551,252,2016
902531,801062,801061,253,2016
902532,NA,NA,253,2016
902541,801692,801691,254,2016
902542,801582,801581,254,2016
902551,801742,801741,255,2016
902552,801382,801381,255,2016
902561,802452,802451,256,2016
902562,800772,800771,256,2016
902571,NA,NA,257,2016
902572,801142,801141,257,2016
902581,800632,800631,258,2016
902582,NA,NA,258,2016
902591,801052,801051,259,2016
902592,800522,800521,259,2016
902601,801162,801161,260,2016
902602,802502,802501,260,2016
902611,NA,NA,261,2016
902612,802472,802471,261,2016
902631,802062,802061,263,2016
902632,800662,800661,263,2016
902641,802312,802311,264,2016
902642,801592,801591,264,2016
902651,800452,800451,265,2016
902652,801472,801471,265,2016
902661,802082,802081,266,2016
902662,802472,802471,266,2016
902671,802602,802601,267,2016
902672,802612,802611,267,2016
902691,NA,NA,269,2016
902692,801322,801321,269,2016
110011,900012,900011,1,2017
110012,NA,NA,1,2017
110021,900262,900261,2,2017
110022,902082,902081,2,2017
110041,900302,900301,4,2017
110042,902032,902031,4,2017
110051,900402,900401,5,2017
110052,901452,901451,5,2017
110061,900602,900601,6,2017
110062,900132,900131,6,2017
110071,900612,900611,7,2017
110072,900392,900391,7,2017
110081,900692,900691,8,2017
110082,900872,900871,8,2017
110091,900842,900841,9,2017
110092,900432,900431,9,2017
110111,901052,901051,11,2017
110112,900552,900551,11,2017
110121,901112,901111,12,2017
110122,900442,900441,12,2017
110131,901122,901121,13,2017
110132,900622,900621,13,2017
110151,901502,901501,15,2017
110152,900902,900901,15,2017
110161,901822,901821,16,2017
110162,900802,900801,16,2017
110171,901952,901951,17,2017
110172,900852,900851,17,2017
110181,900312,900311,18,2017
110182,902012,902011,18,2017
110191,901002,901001,19,2017
110192,900032,900031,19,2017
110201,900062,900061,20,2017
110202,900512,900511,20,2017
110211,900312,900311,21,2017
110212,900872,900871,21,2017
110231,900622,900621,23,2017
110232,901812,901811,23,2017
110241,900732,900731,24,2017
110242,NA,NA,24,2017
110251,900962,900961,25,2017
110252,900042,900041,25,2017
110271,901002,901001,27,2017
110272,900282,900281,27,2017
110281,901562,901561,28,2017
110282,900442,900441,28,2017
110291,901612,901611,29,2017
110292,900932,900931,29,2017
110301,902092,902091,30,2017
110302,900522,900521,30,2017
110311,900642,900641,31,2017
110312,900542,900541,31,2017
110321,901842,901841,32,2017
110322,900972,900971,32,2017
110331,900102,900101,33,2017
110332,900432,900431,33,2017
110341,900702,900701,34,2017
110342,900982,900981,34,2017
110351,900752,900751,35,2017
110352,901072,901071,35,2017
110361,900912,900911,36,2017
110362,900092,900091,36,2017
110371,900942,900941,37,2017
110372,900192,900191,37,2017
110381,901142,901141,38,2017
110382,900842,900841,38,2017
110421,901642,901641,42,2017
110422,900772,900771,42,2017
110431,901662,901661,43,2017
110432,900792,900791,43,2017
110441,902092,902091,44,2017
110442,900872,900871,44,2017
110451,902172,902171,45,2017
110452,900662,900661,45,2017
110461,901232,901231,46,2017
110462,900662,900661,46,2017
110471,901302,901301,47,2017
110472,901212,901211,47,2017
110481,901632,901631,48,2017
110482,900822,900821,48,2017
110501,902032,902031,50,2017
110502,900342,900341,50,2017
110511,900712,900711,51,2017
110512,901162,901161,51,2017
110541,901252,901251,54,2017
110542,901322,901321,54,2017
110551,902002,902001,55,2017
110552,NA,NA,55,2017
110561,902052,902051,56,2017
110562,901232,901231,56,2017
110571,902112,902111,57,2017
110572,901712,901711,57,2017
110581,902332,902331,58,2017
110582,902282,902281,58,2017
110591,900432,900431,59,2017
110592,901292,901291,59,2017
110601,901962,901961,60,2017
110602,901552,901551,60,2017
110611,900432,900431,61,2017
110612,901232,901231,61,2017
110621,900822,900821,62,2017
110622,901012,901011,62,2017
110631,900842,900841,63,2017
110632,900892,900891,63,2017
110641,901362,901361,64,2017
110642,902342,902341,64,2017
110651,901542,901541,65,2017
110652,900582,900581,65,2017
110661,901602,901601,66,2017
110662,901972,901971,66,2017
110671,902332,902331,67,2017
110672,900162,900161,67,2017
110681,NA,NA,68,2017
110682,900772,900771,68,2017
110701,900382,900381,70,2017
110702,901112,901111,70,2017
110721,900662,900661,72,2017
110722,NA,NA,72,2017
110731,900882,900881,73,2017
110732,900292,900291,73,2017
110751,901092,901091,75,2017
110752,901022,901021,75,2017
110761,901132,901131,76,2017
110762,901812,901811,76,2017
110771,901332,901331,77,2017
110772,901182,901181,77,2017
110781,901962,901961,78,2017
110782,900232,900231,78,2017
110791,902002,902001,79,2017
110792,NA,NA,79,2017
110801,902202,902201,80,2017
110802,902052,902051,80,2017
110811,900832,900831,81,2017
110812,901182,901181,81,2017
110821,900872,900871,82,2017
110822,NA,NA,82,2017
110831,901132,901131,83,2017
110832,900722,900721,83,2017
110841,901202,901201,84,2017
110842,NA,NA,84,2017
110851,901322,901321,85,2017
110852,901672,901671,85,2017
110861,901482,901481,86,2017
110862,902002,902001,86,2017
110871,901542,901541,87,2017
110872,901032,901031,87,2017
110881,901852,901851,88,2017
110882,901212,901211,88,2017
110901,902052,902051,90,2017
110902,NA,NA,90,2017
110911,NA,NA,91,2017
110912,901802,901801,91,2017
110921,NA,NA,92,2017
110922,900842,900841,92,2017
110931,NA,NA,93,2017
110932,902342,902341,93,2017
110941,900752,900751,94,2017
110942,901942,901941,94,2017
110951,901112,901111,95,2017
110952,900182,900181,95,2017
110961,NA,NA,96,2017
110962,901802,901801,96,2017
110971,NA,NA,97,2017
110972,900952,900951,97,2017
110981,NA,NA,98,2017
110982,902102,902101,98,2017
110991,NA,NA,99,2017
110992,901042,901041,99,2017
111001,NA,NA,100,2017
111002,900922,900921,100,2017
111011,NA,NA,101,2017
111012,900672,900671,101,2017
111021,NA,NA,102,2017
111022,900762,900761,102,2017
111031,902342,902341,103,2017
111032,NA,NA,103,2017
111041,902302,902301,104,2017
111042,NA,NA,104,2017
111051,902132,902131,105,2017
111052,900632,900631,105,2017
111061,902072,902071,106,2017
111062,901212,901211,106,2017
111071,901862,901861,107,2017
111072,901472,901471,107,2017
111081,902032,902031,108,2017
111082,901152,901151,108,2017
111091,901742,901741,109,2017
111092,NA,NA,109,2017
111101,901682,901681,110,2017
111102,901062,901061,110,2017
111111,901222,901221,111,2017
111112,901242,901241,111,2017
111121,901182,901181,112,2017
111122,900502,900501,112,2017
111141,901002,901001,114,2017
111142,901492,901491,114,2017
111151,900912,900911,115,2017
111152,900272,900271,115,2017
111161,900612,900611,116,2017
111162,901592,901591,116,2017
111171,900742,900741,117,2017
111172,901652,901651,117,2017
111181,900732,900731,118,2017
111182,901622,901621,118,2017
111201,901522,901521,120,2017
111202,901792,901791,120,2017
111221,901232,901231,122,2017
111222,NA,NA,122,2017
111231,901402,901401,123,2017
111232,900272,900271,123,2017
111241,901692,901691,124,2017
111242,902162,902161,124,2017
111251,901892,901891,125,2017
111252,NA,NA,125,2017
111261,901992,901991,126,2017
111262,901192,901191,126,2017
111271,902102,902101,127,2017
111272,901802,901801,127,2017
111281,902142,902141,128,2017
111282,900352,900351,128,2017
111301,900682,900681,130,2017
111302,902102,902101,130,2017
111311,900742,900741,131,2017
111312,901462,901461,131,2017
111321,901132,901131,132,2017
111322,902522,902521,132,2017
111331,901182,901181,133,2017
111332,NA,NA,133,2017
111341,901292,901291,134,2017
111342,902342,902341,134,2017
111351,901522,901521,135,2017
111352,900772,900771,135,2017
111361,901712,901711,136,2017
111362,NA,NA,136,2017
111381,902562,902561,138,2017
111382,902632,902631,138,2017
111391,NA,NA,139,2017
111392,901172,901171,139,2017
111401,900662,900661,140,2017
111402,902512,902511,140,2017
111421,901092,901091,142,2017
111422,NA,NA,142,2017
111431,900152,900151,143,2017
111432,902032,902031,143,2017
111441,901712,901711,144,2017
111442,NA,NA,144,2017
111451,NA,NA,145,2017
111452,900772,900771,145,2017
111471,901312,901311,147,2017
111472,NA,NA,147,2017
111481,901752,901751,148,2017
111482,901722,901721,148,2017
111491,901782,901781,149,2017
111492,900332,900331,149,2017
111501,901802,901801,150,2017
111502,902292,902291,150,2017
111511,901902,901901,151,2017
111512,NA,NA,151,2017
111521,902052,902051,152,2017
111522,900322,900321,152,2017
111531,NA,NA,153,2017
111532,901712,901711,153,2017
111541,900422,900421,154,2017
111542,NA,NA,154,2017
111551,900912,900911,155,2017
111552,902472,902471,155,2017
111561,900952,900951,156,2017
111562,NA,NA,156,2017
111571,901492,901491,157,2017
111572,902492,902491,157,2017
111581,901832,901831,158,2017
111582,NA,NA,158,2017
111591,902002,902001,159,2017
111592,NA,NA,159,2017
111601,NA,NA,160,2017
111602,900412,900411,160,2017
111611,NA,NA,161,2017
111612,901732,901731,161,2017
111621,NA,NA,162,2017
111622,902402,902401,162,2017
111631,NA,NA,163,2017
111632,901812,901811,163,2017
111641,901782,901781,164,2017
111642,NA,NA,164,2017
111651,901112,901111,165,2017
111652,NA,NA,165,2017
111661,901922,901921,166,2017
111662,900672,900671,166,2017
111671,902292,902291,167,2017
111672,900862,900861,167,2017
111681,902302,902301,168,2017
111682,901162,901161,168,2017
111691,NA,NA,169,2017
111692,901372,901371,169,2017
111701,NA,NA,170,2017
111702,901902,901901,170,2017
111721,NA,NA,172,2017
111722,900732,900731,172,2017
111731,NA,NA,173,2017
111732,901312,901311,173,2017
111741,NA,NA,174,2017
111742,902322,902321,174,2017
111751,901202,901201,175,2017
111752,NA,NA,175,2017
111761,901532,901531,176,2017
111762,902512,902511,176,2017
111771,901812,901811,177,2017
111772,900862,900861,177,2017
111781,901882,901881,178,2017
111782,NA,NA,178,2017
111791,902102,902101,179,2017
111792,902642,902641,179,2017
111801,902302,902301,180,2017
111802,902652,902651,180,2017
111821,NA,NA,182,2017
111822,901162,901161,182,2017
111831,NA,NA,183,2017
111832,902552,902551,183,2017
111841,NA,NA,184,2017
111842,900672,900671,184,2017
111851,900472,900471,185,2017
111852,902212,902211,185,2017
111861,901162,901161,186,2017
111862,902672,902671,186,2017
111871,901202,901201,187,2017
111872,900572,900571,187,2017
111881,901442,901441,188,2017
111882,902282,902281,188,2017
111891,NA,NA,189,2017
111892,901722,901721,189,2017
111901,NA,NA,190,2017
111902,901312,901311,190,2017
111921,902092,902091,192,2017
111922,901772,901771,192,2017
111931,902302,902301,193,2017
111932,900492,900491,193,2017
111941,901192,901191,194,2017
111942,900302,900301,194,2017
111951,900542,900541,195,2017
111952,902512,902511,195,2017
111961,901842,901841,196,2017
111962,900732,900731,196,2017
111971,902172,902171,197,2017
111972,900672,900671,197,2017
111981,902202,902201,198,2017
111982,900512,900511,198,2017
111991,901732,901731,199,2017
111992,902652,902651,199,2017
112001,901832,901831,200,2017
112002,900882,900881,200,2017
112021,901002,901001,202,2017
112022,900382,900381,202,2017
112031,901152,901151,203,2017
112032,901032,901031,203,2017
112041,901332,901331,204,2017
112042,902072,902071,204,2017
112051,901692,901691,205,2017
112052,902492,902491,205,2017
112071,902132,902131,207,2017
112072,900062,900061,207,2017
112081,902552,902551,208,2017
112082,900792,900791,208,2017
112111,900252,900251,211,2017
112112,902082,902081,211,2017
112121,901202,901201,212,2017
112122,900642,900641,212,2017
112131,901892,901891,213,2017
112132,900232,900231,213,2017
112141,NA,NA,214,2017
112142,901822,901821,214,2017
112151,NA,NA,215,2017
112152,901072,901071,215,2017
112161,902332,902331,216,2017
112162,901962,901961,216,2017
112171,901092,901091,217,2017
112172,902012,902011,217,2017
112181,901132,901131,218,2017
112182,900982,900981,218,2017
112191,901302,901301,219,2017
112192,901122,901121,219,2017
112201,900172,900171,220,2017
112202,900562,900561,220,2017
112211,901832,901831,221,2017
112212,900462,900461,221,2017
112221,NA,NA,222,2017
112222,900992,900991,222,2017
112231,NA,NA,223,2017
112232,900122,900121,223,2017
112241,900402,900401,224,2017
112242,900532,900531,224,2017
112251,900442,900441,225,2017
112252,900022,900021,225,2017
112261,900472,900471,226,2017
112262,NA,NA,226,2017
112271,901052,901051,227,2017
112272,900072,900071,227,2017
112281,901682,901681,228,2017
112282,900972,900971,228,2017
112291,901782,901781,229,2017
112292,900052,900051,229,2017
112301,901952,901951,230,2017
112302,900082,900081,230,2017
112311,902472,902471,231,2017
112312,901322,901321,231,2017
112321,900082,900081,232,2017
112322,900482,900481,232,2017
112331,900112,900111,233,2017
112332,900462,900461,233,2017
112341,900152,900151,234,2017
112342,901312,901311,234,2017
112351,900162,900161,235,2017
112352,900512,900511,235,2017
112361,900552,900551,236,2017
112362,900522,900521,236,2017
112371,902402,902401,237,2017
112372,NA,NA,237,2017
112381,901332,901331,238,2017
112382,900582,900581,238,2017
112391,901962,901961,239,2017
112392,900562,900561,239,2017
112401,902092,902091,240,2017
112402,901532,901531,240,2017
112411,900532,900531,241,2017
112412,900182,900181,241,2017
112421,900042,900041,242,2017
112422,900192,900191,242,2017
112431,900442,900441,243,2017
112432,900252,900251,243,2017
112441,900032,900031,244,2017
112442,901262,901261,244,2017
112451,900102,900101,245,2017
112452,900012,900011,245,2017
112461,900172,900171,246,2017
112462,900502,900501,246,2017
112471,900212,900211,247,2017
112472,900482,900481,247,2017
112481,900452,900451,248,2017
112482,901162,901161,248,2017
112491,901042,901041,249,2017
112492,900142,900141,249,2017
112501,901112,901111,250,2017
112502,900052,900051,250,2017
112511,901192,901191,251,2017
112512,901012,901011,251,2017
112521,901202,901201,252,2017
112522,900202,900201,252,2017
112531,901212,901211,253,2017
112532,900132,900131,253,2017
112541,901222,901221,254,2017
112542,901182,901181,254,2017
112551,901522,901521,255,2017
112552,900122,900121,255,2017
112561,901712,901711,256,2017
112562,900092,900091,256,2017
112571,901922,901921,257,2017
112572,901232,901231,257,2017
112591,NA,NA,259,2017
112592,902112,902111,259,2017
112601,NA,NA,260,2017
112602,901292,901291,260,2017
112611,NA,NA,261,2017
112612,901362,901361,261,2017
112621,900172,900171,262,2017
112622,901312,901311,262,2017
112631,900212,900211,263,2017
112632,901262,901261,263,2017
112651,900422,900421,265,2017
112652,901062,901061,265,2017
112661,901852,901851,266,2017
112662,902032,902031,266,2017
112671,900212,900211,267,2017
112672,901462,901461,267,2017
112681,900492,900491,268,2017
112682,901802,901801,268,2017
112691,900592,900591,269,2017
112692,900222,900221,269,2017
112701,901882,901881,270,2017
112702,901142,901141,270,2017
112711,NA,NA,271,2017
112712,901262,901261,271,2017
112721,900732,900731,272,2017
112722,901902,901901,272,2017
112731,901502,901501,273,2017
112732,901492,901491,273,2017
112741,902052,902051,274,2017
112742,901442,901441,274,2017
112751,901452,901451,275,2017
112752,901892,901891,275,2017
112761,901552,901551,276,2017
112762,901592,901591,276,2017
112771,902002,902001,277,2017
112772,NA,NA,277,2017
112781,902292,902291,278,2017
112782,NA,NA,278,2017
112791,NA,NA,279,2017
112792,901902,901901,279,2017
112801,NA,NA,280,2017
112802,901262,901261,280,2017
112811,900592,900591,281,2017
112812,901742,901741,281,2017
112821,901912,901911,282,2017
112822,NA,NA,282,2017
112831,NA,NA,283,2017
112832,902372,902371,283,2017
112841,NA,NA,284,2017
112842,901442,901441,284,2017
112851,901892,901891,285,2017
112852,901742,901741,285,2017
112861,NA,NA,286,2017
112862,900452,900451,286,2017
112871,902282,902281,287,2017
112872,NA,NA,287,2017
112881,902282,902281,288,2017
112882,NA,NA,288,2017
112891,NA,NA,289,2017
112892,902062,902061,289,2017
112901,902372,902371,290,2017
112902,NA,NA,290,2017
112922,NA,NA,292,2017
112921,NA,NA,292,2017
112931,NA,NA,293,2017
112932,NA,NA,293,2017
112941,NA,NA,294,2017
112942,NA,NA,294,2017
120011,110132,110131,1,2018
120012,110092,110091,1,2018
120021,110372,110371,2,2018
120022,110232,110231,2,2018
120031,110382,110381,3,2018
120032,110022,110021,3,2018
120041,110472,110471,4,2018
120042,110042,110041,4,2018
120071,110782,110781,7,2018
120072,110842,110841,7,2018
120091,110772,110771,9,2018
120092,110612,110611,9,2018
120101,111512,111511,10,2018
120102,111612,111611,10,2018
120111,111662,111661,11,2018
120112,111402,111401,11,2018
120121,111762,111761,12,2018
120122,110282,110281,12,2018
120131,902432,902431,13,2018
120132,NA,NA,13,2018
120141,110172,110171,14,2018
120142,110482,110481,14,2018
120151,110182,110181,15,2018
120152,110502,110501,15,2018
120161,110202,110201,16,2018
120162,110052,110051,16,2018
120171,110322,110321,17,2018
120172,110642,110641,17,2018
120181,110612,110611,18,2018
120182,111002,111001,18,2018
120191,110702,110701,19,2018
120192,110982,110981,19,2018
120211,111082,111081,21,2018
120212,110862,110861,21,2018
120221,111122,111121,22,2018
120222,110942,110941,22,2018
120231,111342,111341,23,2018
120232,111112,111111,23,2018
120241,111482,111481,24,2018
120242,111202,111201,24,2018
120251,111942,111941,25,2018
120252,111562,111561,25,2018
120261,111952,111951,26,2018
120262,111632,111631,26,2018
120271,112252,112251,27,2018
120272,110272,110271,27,2018
120281,112262,112261,28,2018
120282,NA,NA,28,2018
120291,NA,NA,29,2018
120292,111052,111051,29,2018
120301,111792,111791,30,2018
120302,110212,110211,30,2018
120311,112192,112191,31,2018
120312,111352,111351,31,2018
120321,110062,110061,32,2018
120322,111022,111021,32,2018
120331,110312,110311,33,2018
120332,111642,111641,33,2018
120341,111382,111381,34,2018
120342,111522,111521,34,2018
120351,111872,111871,35,2018
120352,111602,111601,35,2018
120361,111982,111981,36,2018
120362,110352,110351,36,2018
120371,112112,112111,37,2018
120372,110342,110341,37,2018
120381,112212,112211,38,2018
120382,110602,110601,38,2018
120391,112362,112361,39,2018
120392,110442,110441,39,2018
120401,110302,110301,40,2018
120402,111892,111891,40,2018
120421,NA,NA,42,2018
120422,902662,902661,42,2018
120451,110662,110661,45,2018
120452,110072,110071,45,2018
120461,110882,110881,46,2018
120462,112312,112311,46,2018
120481,111172,111171,48,2018
120482,110512,110511,48,2018
120491,111232,111231,49,2018
120492,110672,110671,49,2018
120501,111282,111281,50,2018
120502,111702,111701,50,2018
120511,111382,111381,51,2018
120512,110542,110541,51,2018
120521,111402,111401,52,2018
120522,110832,110831,52,2018
120531,110752,110751,53,2018
120532,112232,112231,53,2018
120541,111922,111921,54,2018
120542,110432,110431,54,2018
120551,NA,NA,55,2018
120552,111042,111041,55,2018
120571,110862,110861,57,2018
120572,110582,110581,57,2018
120581,110982,110981,58,2018
120582,902662,902661,58,2018
120601,111202,111201,60,2018
120602,112342,112341,60,2018
120611,111792,111791,61,2018
120612,110792,110791,61,2018
120621,902452,902451,62,2018
120622,NA,NA,62,2018
120631,110092,110091,63,2018
120632,111692,111691,63,2018
120641,110042,110041,64,2018
120642,112222,112221,64,2018
120651,110052,110051,65,2018
120652,112122,112121,65,2018
120661,110062,110061,66,2018
120662,NA,NA,66,2018
120681,110162,110161,68,2018
120682,111652,111651,68,2018
120691,110192,110191,69,2018
120692,111252,111251,69,2018
120711,110272,110271,71,2018
120712,111102,111101,71,2018
120721,110432,110431,72,2018
120722,111962,111961,72,2018
120731,110502,110501,73,2018
120732,111852,111851,73,2018
120741,110602,110601,74,2018
120742,112152,112151,74,2018
120751,110642,110641,75,2018
120752,112162,112161,75,2018
120771,110852,110851,77,2018
120772,110152,110151,77,2018
120781,110952,110951,78,2018
120782,110732,110731,78,2018
120791,111032,111031,79,2018
120792,110112,110111,79,2018
120801,111052,111051,80,2018
120802,110362,110361,80,2018
120811,111152,111151,81,2018
120812,111072,111071,81,2018
120831,111232,111231,83,2018
120832,112032,112031,83,2018
120841,111242,111241,84,2018
120842,112272,112271,84,2018
120851,111262,111261,85,2018
120852,110282,110281,85,2018
120861,111282,111281,86,2018
120862,110792,110791,86,2018
120871,111312,111311,87,2018
120872,111002,111001,87,2018
120881,111342,111341,88,2018
120882,111612,111611,88,2018
120891,111512,111511,89,2018
120892,111992,111991,89,2018
120901,111572,111571,90,2018
120902,112352,112351,90,2018
120911,111662,111661,91,2018
120912,111802,111801,91,2018
120931,111832,111831,93,2018
120932,110652,110651,93,2018
120941,111922,111921,94,2018
120942,111482,111481,94,2018
120951,111932,111931,95,2018
120952,111562,111561,95,2018
120961,111942,111941,96,2018
120962,110872,110871,96,2018
120971,111952,111951,97,2018
120972,112182,112181,97,2018
120981,111982,111981,98,2018
120982,110342,110341,98,2018
120991,112052,112051,99,2018
120992,110672,110671,99,2018
121001,112142,112141,100,2018
121002,111112,111111,100,2018
121021,112302,112301,102,2018
121022,111522,111521,102,2018
121031,112362,112361,103,2018
121032,110442,110441,103,2018
121051,NA,NA,105,2018
121052,902692,902691,105,2018
121061,NA,NA,106,2018
121062,111762,111761,106,2018
121071,110122,110121,107,2018
121072,111692,111691,107,2018
121081,110162,110161,108,2018
121082,111682,111681,108,2018
121091,110212,110211,109,2018
121092,112272,112271,109,2018
121101,110612,110611,110,2018
121102,112222,112221,110,2018
121121,110852,110851,112,2018
121122,110942,110941,112,2018
121141,110982,110981,114,2018
121142,111312,111311,114,2018
121151,111242,111241,115,2018
121152,111322,111321,115,2018
121161,111382,111381,116,2018
121162,112232,112231,116,2018
121171,111472,111471,117,2018
121172,NA,NA,117,2018
121181,111792,111791,118,2018
121182,110022,110021,118,2018
121191,112072,112071,119,2018
121192,110422,110421,119,2018
121201,112182,112181,120,2018
121202,110792,110791,120,2018
121211,112282,112281,121,2018
121212,110292,110291,121,2018
121221,110882,110881,122,2018
121222,111162,111161,122,2018
121231,110812,110811,123,2018
121232,111952,111951,123,2018
121241,110072,110071,124,2018
121242,111752,111751,124,2018
121261,110482,110481,126,2018
121262,111592,111591,126,2018
121281,111172,111171,128,2018
121282,111492,111491,128,2018
121291,111312,111311,129,2018
121292,111532,111531,129,2018
121301,111512,111511,130,2018
121302,112082,112081,130,2018
121311,111802,111801,131,2018
121312,112622,112621,131,2018
121331,112112,112111,133,2018
121332,112522,112521,133,2018
121341,112142,112141,134,2018
121342,112332,112331,134,2018
121351,112232,112231,135,2018
121352,110082,110081,135,2018
121361,NA,NA,136,2018
121362,112492,112491,136,2018
121371,NA,NA,137,2018
121372,112202,112201,137,2018
121381,NA,NA,138,2018
121382,112612,112611,138,2018
121391,110092,110091,139,2018
121392,112672,112671,139,2018
121401,110112,110111,140,2018
121402,112632,112631,140,2018
121411,112302,112301,141,2018
121412,110242,110241,141,2018
121421,112312,112311,142,2018
121422,112542,112541,142,2018
121431,110312,110311,143,2018
121432,111392,111391,143,2018
121441,NA,NA,144,2018
121442,111502,111501,144,2018
121451,110202,110201,145,2018
121452,112662,112661,145,2018
121461,110232,110231,146,2018
121462,112402,112401,146,2018
121471,110852,110851,147,2018
121472,111442,111441,147,2018
121491,111432,111431,149,2018
121492,111542,111541,149,2018
121501,111612,111611,150,2018
121502,111302,111301,150,2018
121511,111642,111641,151,2018
121512,111582,111581,151,2018
121521,111992,111991,152,2018
121522,110962,110961,152,2018
121531,112142,112141,153,2018
121532,112682,112681,153,2018
121541,112222,112221,154,2018
121542,112382,112381,154,2018
121551,NA,NA,155,2018
121552,110922,110921,155,2018
121561,NA,NA,156,2018
121562,110762,110761,156,2018
121571,NA,NA,157,2018
121572,110802,110801,157,2018
121581,110762,110761,158,2018
121582,112422,112421,158,2018
121591,111042,111041,159,2018
121592,111062,111061,159,2018
121601,111442,111441,160,2018
121602,NA,NA,160,2018
121621,111772,111771,162,2018
121622,110842,110841,162,2018
121631,112002,112001,163,2018
121632,111632,111631,163,2018
121641,112042,112041,164,2018
121642,111592,111591,164,2018
121651,112152,112151,165,2018
121652,111552,111551,165,2018
121661,112612,112611,166,2018
121662,112022,112021,166,2018
121671,112692,112691,167,2018
121672,111022,111021,167,2018
121681,NA,NA,168,2018
121682,112332,112331,168,2018
121691,NA,NA,169,2018
121692,112512,112511,169,2018
121701,NA,NA,170,2018
121702,112572,112571,170,2018
121711,110732,110731,171,2018
121712,111902,111901,171,2018
121721,110752,110751,172,2018
121722,111682,111681,172,2018
121731,111032,111031,173,2018
121732,111822,111821,173,2018
121741,111142,111141,174,2018
121742,111532,111531,174,2018
121751,111152,111151,175,2018
121752,110242,110241,175,2018
121761,111282,111281,176,2018
121762,111622,111621,176,2018
121771,111332,111331,177,2018
121772,NA,NA,177,2018
121781,111442,111441,178,2018
121782,NA,NA,178,2018
121791,111482,111481,179,2018
121792,111702,111701,179,2018
121801,111542,111541,180,2018
121802,111882,111881,180,2018
121811,111612,111611,181,2018
121812,NA,NA,181,2018
121821,111632,111631,182,2018
121822,111872,111871,182,2018
121841,111722,111721,184,2018
121842,110872,110871,184,2018
121851,111932,111931,185,2018
121852,111832,111831,185,2018
121861,112142,112141,186,2018
121862,NA,NA,186,2018
121871,112492,112491,187,2018
121872,110122,110121,187,2018
121881,110182,110181,188,2018
121882,111092,111091,188,2018
121891,110802,110801,189,2018
121892,110932,110931,189,2018
121901,111232,111231,190,2018
121902,111602,111601,190,2018
121911,111512,111511,191,2018
121912,112432,112431,191,2018
121921,112082,112081,192,2018
121922,110382,110381,192,2018
121931,112422,112421,193,2018
121932,111822,111821,193,2018
121941,110472,110471,194,2018
121942,111782,111781,194,2018
121951,110702,110701,195,2018
121952,NA,NA,195,2018
121971,111062,111061,197,2018
121972,NA,NA,197,2018
121981,111162,111161,198,2018
121982,NA,NA,198,2018
121991,111172,111171,199,2018
121992,NA,NA,199,2018
122001,111262,111261,200,2018
122002,NA,NA,200,2018
122011,111562,111561,201,2018
122012,112562,112561,201,2018
122041,112052,112051,204,2018
122042,111002,111001,204,2018
122051,112412,112411,205,2018
122052,110242,110241,205,2018
122061,112462,112461,206,2018
122062,111602,111601,206,2018
122071,111012,111011,207,2018
122072,NA,NA,207,2018
122091,111182,111181,209,2018
122092,111332,111331,209,2018
122101,111622,111621,210,2018
122102,NA,NA,210,2018
122121,112442,112441,212,2018
122122,110542,110541,212,2018
122131,111322,111321,213,2018
122132,111742,111741,213,2018
122141,111852,111851,214,2018
122142,111392,111391,214,2018
122151,111992,111991,215,2018
122152,110252,110251,215,2018
122161,112172,112171,216,2018
122162,NA,NA,216,2018
122171,111102,111101,217,2018
122172,NA,NA,217,2018
122181,111602,111601,218,2018
122182,NA,NA,218,2018
122191,112612,112611,219,2018
122192,NA,NA,219,2018
122201,112692,112691,220,2018
122202,NA,NA,220,2018
122221,110432,110431,222,2018
122222,110822,110821,222,2018
122231,110662,110661,223,2018
122232,111362,111361,223,2018
122241,110792,110791,224,2018
122242,NA,NA,224,2018
122261,111032,111031,226,2018
122262,NA,NA,226,2018
122271,111642,111641,227,2018
122272,112002,112001,227,2018
122281,112042,112041,228,2018
122282,111892,111891,228,2018
122301,NA,NA,230,2018
122302,110572,110571,230,2018
122311,110652,110651,231,2018
122312,110962,110961,231,2018
122321,110942,110941,232,2018
122322,111492,111491,232,2018
122331,111532,111531,233,2018
122332,NA,NA,233,2018
122341,111542,111541,234,2018
122342,NA,NA,234,2018
122351,111552,111551,235,2018
122352,111822,111821,235,2018
122371,111752,111751,237,2018
122372,111692,111691,237,2018
122381,111782,111781,238,2018
122382,111252,111251,238,2018
122401,112402,112401,240,2018
122402,NA,NA,240,2018
122411,112632,112631,241,2018
122412,NA,NA,241,2018
122421,112692,112691,242,2018
122422,111182,111181,242,2018
122431,111362,111361,243,2018
122432,NA,NA,243,2018
122451,110292,110291,245,2018
122452,112792,112791,245,2018
122461,111832,111831,246,2018
122462,112822,112821,246,2018
122471,112382,112381,247,2018
122472,112772,112771,247,2018
122491,NA,NA,249,2018
122492,112132,112131,249,2018
122501,110512,110511,250,2018
122502,112762,112761,250,2018
122511,111972,111971,251,2018
122512,NA,NA,251,2018
122521,112162,112161,252,2018
122522,110592,110591,252,2018
122531,112192,112191,253,2018
122532,110632,110631,253,2018
122541,NA,NA,254,2018
122542,110462,110461,254,2018
122551,NA,NA,255,2018
122552,111732,111731,255,2018
122561,110022,110021,256,2018
122562,112762,112761,256,2018
122571,110352,110351,257,2018
122572,NA,NA,257,2018
122581,110422,110421,258,2018
122582,NA,NA,258,2018
122591,110592,110591,259,2018
122592,112822,112821,259,2018
122601,112902,112901,260,2018
122602,112752,112751,260,2018
122631,NA,NA,263,2018
122632,112742,112741,263,2018
122641,110452,110451,264,2018
122642,NA,NA,264,2018
122651,110512,110511,265,2018
122652,NA,NA,265,2018
122661,110542,110541,266,2018
122662,112862,112861,266,2018
122671,111652,111651,267,2018
122672,110992,110991,267,2018
122681,112892,112891,268,2018
122682,112722,112721,268,2018
122691,110232,110231,269,2018
122692,NA,NA,269,2018
122701,111302,111301,270,2018
122702,NA,NA,270,2018
122711,111652,111651,271,2018
122712,112832,112831,271,2018
122721,112122,112121,272,2018
122722,111742,111741,272,2018
122751,112742,112741,275,2018
122752,111472,111471,275,2018
122761,112862,112861,276,2018
122762,112262,112261,276,2018
122781,111042,111041,278,2018
122782,NA,NA,278,2018
122791,111142,111141,279,2018
122792,NA,NA,279,2018
122801,111152,111151,280,2018
122802,111012,111011,280,2018
122811,111182,111181,281,2018
122812,111772,111771,281,2018
122821,111402,111401,282,2018
122822,112832,112831,282,2018
122831,111722,111721,283,2018
122832,NA,NA,283,2018
122861,112252,112251,286,2018
122862,112752,112751,286,2018
122881,112322,112321,288,2018
122882,NA,NA,288,2018
122891,110452,110451,289,2018
122892,NA,NA,289,2018
122901,111492,111491,290,2018
122902,NA,NA,290,2018
122911,112232,112231,291,2018
122912,NA,NA,291,2018
122921,110462,110461,292,2018
122922,112822,112821,292,2018
122931,112262,112261,293,2018
122932,111472,111471,293,2018
122941,112332,112331,294,2018
122942,NA,NA,294,2018
122951,112352,112351,295,2018
122952,NA,NA,295,2018
122971,NA,NA,297,2018
122972,111622,111621,297,2018
122981,112242,112241,298,2018
122982,NA,NA,298,2018
122991,112322,112321,299,2018
122992,NA,NA,299,2018
123001,112342,112341,300,2018
123002,NA,NA,300,2018
123011,111692,111691,301,2018
123012,NA,NA,301,2018
123021,112262,112261,302,2018
123022,112732,112731,302,2018
130011,120332,120331,1,2019
130012,121912,121911,1,2019
130021,121312,121311,2,2019
130022,120122,120121,2,2019
130041,121412,121411,4,2019
130042,120042,120041,4,2019
130051,121432,121431,5,2019
130052,121362,121361,5,2019
130061,121702,121701,6,2019
130062,120012,120011,6,2019
130071,121732,121731,7,2019
130072,120222,120221,7,2019
130081,121922,121921,8,2019
130082,120322,120321,8,2019
130091,121532,121531,9,2019
130092,121372,121371,9,2019
130101,121842,121841,10,2019
130102,121952,121951,10,2019
130111,120982,120981,11,2019
130112,120692,120691,11,2019
130121,121192,121191,12,2019
130122,121202,121201,12,2019
130131,121232,121231,13,2019
130132,120932,120931,13,2019
130141,121262,121261,14,2019
130142,122002,122001,14,2019
130151,121382,121381,15,2019
130152,120352,120351,15,2019
130161,121652,121651,16,2019
130162,121142,121141,16,2019
130171,121622,121621,17,2019
130172,121742,121741,17,2019
130181,121852,121851,18,2019
130182,121632,121631,18,2019
130191,120342,120341,19,2019
130192,120862,120861,19,2019
130201,121282,121281,20,2019
130202,121182,121181,20,2019
130221,121452,121451,22,2019
130222,121032,121031,22,2019
130231,121522,121521,23,2019
130232,121722,121721,23,2019
130241,121712,121711,24,2019
130242,121122,121121,24,2019
130251,121762,121761,25,2019
130252,120312,120311,25,2019
130261,121812,121811,26,2019
130262,NA,NA,26,2019
130271,121752,121751,27,2019
130272,121302,121301,27,2019
130281,121162,121161,28,2019
130282,121672,121671,28,2019
130291,121362,121361,29,2019
130292,NA,NA,29,2019
130301,121492,121491,30,2019
130302,121982,121981,30,2019
130311,121542,121541,31,2019
130312,120812,120811,31,2019
130331,121202,121201,33,2019
130332,121772,121771,33,2019
130341,121372,121371,34,2019
130342,121782,121781,34,2019
130351,121522,121521,35,2019
130352,121862,121861,35,2019
130371,120792,120791,37,2019
130372,121592,121591,37,2019
130381,121332,121331,38,2019
130382,120512,120511,38,2019
130391,121412,121411,39,2019
130392,120832,120831,39,2019
130401,121532,121531,40,2019
130402,120902,120901,40,2019
130421,120802,120801,42,2019
130422,122062,122061,42,2019
130431,120852,120851,43,2019
130432,122802,122801,43,2019
130441,121262,121261,44,2019
130442,121792,121791,44,2019
130451,121342,121341,45,2019
130452,120912,120911,45,2019
130481,121702,121701,48,2019
130482,122042,122041,48,2019
130511,122862,122861,51,2019
130512,121242,121241,51,2019
130521,NA,NA,52,2019
130522,122222,122221,52,2019
130531,121512,121511,53,2019
130532,121552,121551,53,2019
130541,121742,121741,54,2019
130542,122192,122191,54,2019
130561,120462,120461,56,2019
130562,120252,120251,56,2019
130571,120772,120771,57,2019
130572,120092,120091,57,2019
130581,120842,120841,58,2019
130582,120262,120261,58,2019
130591,120882,120881,59,2019
130592,122052,122051,59,2019
130601,121092,121091,60,2019
130602,121872,121871,60,2019
130611,122232,122231,61,2019
130612,120162,120161,61,2019
130621,121222,121221,62,2019
130622,121382,121381,62,2019
130631,121542,121541,63,2019
130632,121902,121901,63,2019
130641,121562,121561,64,2019
130642,NA,NA,64,2019
130651,121692,121691,65,2019
130652,120212,120211,65,2019
130661,121822,121821,66,2019
130662,122832,122831,66,2019
130671,122892,122891,67,2019
130672,122172,122171,67,2019
130681,NA,NA,68,2019
130682,121102,121101,68,2019
130691,NA,NA,69,2019
130692,120502,120501,69,2019
130701,121772,121771,70,2019
130702,122122,122121,70,2019
130711,121702,121701,71,2019
130712,122152,122151,71,2019
130721,120192,120191,72,2019
130722,122452,122451,72,2019
130731,120292,120291,73,2019
130732,NA,NA,73,2019
130741,120302,120301,74,2019
130742,122642,122641,74,2019
130751,121492,121491,75,2019
130752,120892,120891,75,2019
130761,121622,121621,76,2019
130762,120782,120781,76,2019
130771,121772,121771,77,2019
130772,122882,122881,77,2019
130791,121982,121981,79,2019
130792,120732,120731,79,2019
130801,NA,NA,80,2019
130802,122662,122661,80,2019
130811,121382,121381,81,2019
130812,120682,120681,81,2019
130821,121802,121801,82,2019
130822,121732,121731,82,2019
130831,121352,121351,83,2019
130832,122942,122941,83,2019
130841,121512,121511,84,2019
130842,121662,121661,84,2019
130851,121702,121701,85,2019
130852,122222,122221,85,2019
130861,121882,121881,86,2019
130862,121782,121781,86,2019
130871,121362,121361,87,2019
130872,NA,NA,87,2019
130881,121772,121771,88,2019
130882,122562,122561,88,2019
130901,NA,NA,90,2019
130902,120172,120171,90,2019
130911,NA,NA,91,2019
130912,121392,121391,91,2019
130931,121022,121021,93,2019
130932,121472,121471,93,2019
130941,121262,121261,94,2019
130942,121292,121291,94,2019
130951,120582,120581,95,2019
130952,121642,121641,95,2019
130961,120192,120191,96,2019
130962,121942,121941,96,2019
130971,120272,120271,97,2019
130972,122002,122001,97,2019
130981,120392,120391,98,2019
130982,121692,121691,98,2019
130991,120722,120721,99,2019
130992,120692,120691,99,2019
131001,120992,120991,100,2019
131002,122642,122641,100,2019
131011,122892,122891,101,2019
131012,120072,120071,101,2019
131021,120772,120771,102,2019
131022,120742,120741,102,2019
131031,121432,121431,103,2019
131032,120492,120491,103,2019
131041,121472,121471,104,2019
131042,120152,120151,104,2019
131051,NA,NA,105,2019
131052,122882,122881,105,2019
131061,NA,NA,106,2019
131062,120452,120451,106,2019
131071,120182,120181,107,2019
131072,120252,120251,107,2019
131081,120502,120501,108,2019
131082,120372,120371,108,2019
131101,121792,121791,110,2019
131102,121382,121381,110,2019
131111,121882,121881,111,2019
131112,NA,NA,111,2019
131121,122042,122041,112,2019
131122,121892,121891,112,2019
131131,122992,122991,113,2019
131132,121512,121511,113,2019
131141,NA,NA,114,2019
131142,121712,121711,114,2019
131151,120652,120651,115,2019
131152,121982,121981,115,2019
131161,120072,120071,116,2019
131162,120102,120101,116,2019
131171,120252,120251,117,2019
131172,120682,120681,117,2019
131181,121202,121201,118,2019
131182,120182,120181,118,2019
131191,121782,121781,119,2019
131192,121262,121261,119,2019
131201,122892,122891,120,2019
131202,122012,122011,120,2019
131211,NA,NA,121,2019
131212,120502,120501,121,2019
131221,120032,120031,122,2019
131222,121512,121511,122,2019
131231,120382,120381,123,2019
131232,122822,122821,123,2019
131241,120692,120691,124,2019
131242,122892,122891,124,2019
131251,121522,121521,125,2019
131252,121292,121291,125,2019
131261,121582,121581,126,2019
131262,121382,121381,126,2019
131271,121712,121711,127,2019
131272,121532,121531,127,2019
131281,121792,121791,128,2019
131282,121412,121411,128,2019
131291,121872,121871,129,2019
131292,122002,122001,129,2019
131301,121882,121881,130,2019
131302,NA,NA,130,2019
131311,121432,121431,131,2019
131312,121732,121731,131,2019
131321,121752,121751,132,2019
131322,121782,121781,132,2019
131331,120572,120571,133,2019
131332,120882,120881,133,2019
131341,121932,121931,134,2019
131342,121542,121541,134,2019
131351,121942,121941,135,2019
131352,120322,120321,135,2019
131361,120712,120711,136,2019
131362,121362,121361,136,2019
131371,121842,121841,137,2019
131372,121592,121591,137,2019
131381,121912,121911,138,2019
131382,122042,122041,138,2019
131391,121882,121881,139,2019
131392,122002,122001,139,2019
131401,120612,120611,140,2019
131402,122092,122091,140,2019
131411,120742,120741,141,2019
131412,121752,121751,141,2019
131421,121882,121881,142,2019
131422,121522,121521,142,2019
131431,120602,120601,143,2019
131432,120352,120351,143,2019
131441,121422,121421,144,2019
131442,120372,120371,144,2019
131451,121802,121801,145,2019
131452,121542,121541,145,2019
131461,121742,121741,146,2019
131462,120652,120651,146,2019
131471,NA,NA,147,2019
131472,122012,122011,147,2019
131491,120712,120711,149,2019
131492,121752,121751,149,2019
131501,121372,121371,150,2019
131502,121102,121101,150,2019
131511,121422,121421,151,2019
131512,121142,121141,151,2019
131521,121462,121461,152,2019
131522,121912,121911,152,2019
131531,121472,121471,153,2019
131532,121082,121081,153,2019
131541,NA,NA,154,2019
131542,121072,121071,154,2019
131551,120522,120521,155,2019
131552,121002,121001,155,2019
131561,121232,121231,156,2019
131562,121812,121811,156,2019
131581,121932,121931,158,2019
131582,121862,121861,158,2019
131591,122822,122821,159,2019
131592,121442,121441,159,2019
131611,121412,121411,161,2019
131612,NA,NA,161,2019
131621,122042,122041,162,2019
131622,NA,NA,162,2019
131631,NA,NA,163,2019
131632,121572,121571,163,2019
131641,121402,121401,164,2019
131642,121822,121821,164,2019
131651,121492,121491,165,2019
131652,121852,121851,165,2019
131661,122862,122861,166,2019
131662,121862,121861,166,2019
131671,121192,121191,167,2019
131672,121812,121811,167,2019
131681,121072,121071,168,2019
131682,NA,NA,168,2019
131691,121452,121451,169,2019
131692,121372,121371,169,2019
131701,121902,121901,170,2019
131702,121212,121211,170,2019
131711,121922,121921,171,2019
131712,122132,122131,171,2019
131721,122882,122881,172,2019
131722,NA,NA,172,2019
131741,NA,NA,174,2019
131742,122052,122051,174,2019
131751,121442,121441,175,2019
131752,NA,NA,175,2019
131761,NA,NA,176,2019
131762,121082,121081,176,2019
131771,NA,NA,177,2019
131772,122942,122941,177,2019
131781,NA,NA,178,2019
131782,123002,123001,178,2019
131791,121032,121031,179,2019
131792,122822,122821,179,2019
131801,121352,121351,180,2019
131802,122722,122721,180,2019
131811,121942,121941,181,2019
131812,122942,122941,181,2019
131821,122162,122161,182,2019
131822,123002,123001,182,2019
131831,NA,NA,183,2019
131832,122322,122321,183,2019
131841,121162,121161,184,2019
131842,123022,123021,184,2019
131851,NA,NA,185,2019
131852,122992,122991,185,2019
131861,121092,121091,186,2019
131862,122822,122821,186,2019
131871,121172,121171,187,2019
131872,121222,121221,187,2019
131881,120122,120121,188,2019
131882,122922,122921,188,2019
131891,120312,120311,189,2019
131892,121722,121721,189,2019
131901,120512,120511,190,2019
131902,122932,122931,190,2019
131911,121332,121331,191,2019
131912,121632,121631,191,2019
131931,121652,121651,193,2019
131932,121642,121641,193,2019
131951,122062,122061,195,2019
131952,122942,122941,195,2019
131961,122192,122191,196,2019
131962,122972,122971,196,2019
131971,122222,122221,197,2019
131972,120212,120211,197,2019
131981,122322,122321,198,2019
131982,122562,122561,198,2019
131991,120362,120361,199,2019
131992,121342,121341,199,2019
132001,121392,121391,200,2019
132002,121182,121181,200,2019
132011,121762,121761,201,2019
132012,121662,121661,201,2019
132021,122222,122221,202,2019
132022,121282,121281,202,2019
132031,122412,122411,203,2019
132032,120542,120541,203,2019
132041,123002,123001,204,2019
132042,122822,122821,204,2019
132051,120392,120391,205,2019
132052,122232,122231,205,2019
132061,120492,120491,206,2019
132062,122912,122911,206,2019
132071,121862,121861,207,2019
132072,120462,120461,207,2019
132081,122722,122721,208,2019
132082,121212,121211,208,2019
132091,123022,123021,209,2019
132092,121312,121311,209,2019
132101,NA,NA,210,2019
132102,122122,122121,210,2019
132111,120302,120301,211,2019
132112,122802,122801,211,2019
132121,122532,122531,212,2019
132122,120992,120991,212,2019
132131,122922,122921,213,2019
132132,121892,121891,213,2019
132141,122932,122931,214,2019
132142,122902,122901,214,2019
132151,121812,121811,215,2019
132152,122912,122911,215,2019
132161,122272,122271,216,2019
132162,121692,121691,216,2019
140011,130192,130191,1,2020
140012,131282,131281,1,2020
140021,130762,130761,2,2020
140022,130082,130081,2,2020
140031,130972,130971,3,2020
140032,130102,130101,3,2020
140041,131002,131001,4,2020
140042,130052,130051,4,2020
140051,131082,131081,5,2020
140052,130062,130061,5,2020
140061,131252,131251,6,2020
140062,131452,131451,6,2020
140071,131342,131341,7,2020
140072,130012,130011,7,2020
140081,130132,130131,8,2020
140082,130122,130121,8,2020
140091,131032,131031,9,2020
140092,130202,130201,9,2020
140101,130882,130881,10,2020
140102,130172,130171,10,2020
140111,131012,131011,11,2020
140112,130232,130231,11,2020
140121,131102,131101,12,2020
140122,131332,131331,12,2020
140131,131202,131201,13,2020
140132,130292,130291,13,2020
140151,130352,130351,15,2020
140152,132002,132001,15,2020
140161,130482,130481,16,2020
140162,130812,130811,16,2020
140171,130772,130771,17,2020
140172,NA,NA,17,2020
140181,130952,130951,18,2020
140182,130022,130021,18,2020
140191,131222,131221,19,2020
140192,130242,130241,19,2020
140201,130282,130281,20,2020
140202,130532,130531,20,2020
140211,130592,130591,21,2020
140212,130252,130251,21,2020
140221,130612,130611,22,2020
140222,130802,130801,22,2020
140231,130222,130221,23,2020
140232,130682,130681,23,2020
140241,130422,130421,24,2020
140242,130722,130721,24,2020
140251,130452,130451,25,2020
140252,130742,130741,25,2020
140261,130562,130561,26,2020
140262,130302,130301,26,2020
140271,130602,130601,27,2020
140272,130402,130401,27,2020
140281,131672,131671,28,2020
140282,130162,130161,28,2020
140291,130762,130761,29,2020
140292,NA,NA,29,2020
140301,130612,130611,30,2020
140302,NA,NA,30,2020
140311,130042,130041,31,2020
140312,131642,131641,31,2020
140321,130282,130281,32,2020
140322,NA,NA,32,2020
140331,130312,130311,33,2020
140332,130802,130801,33,2020
140341,130352,130351,34,2020
140342,132032,132031,34,2020
140351,130772,130771,35,2020
140352,131432,131431,35,2020
140361,130842,130841,36,2020
140362,130372,130371,36,2020
140371,130432,130431,37,2020
140372,130832,130831,37,2020
140381,NA,NA,38,2020
140382,130632,130631,38,2020
140391,NA,NA,39,2020
140392,130812,130811,39,2020
140401,NA,NA,40,2020
140402,130482,130481,40,2020
140411,130062,130061,41,2020
140412,130392,130391,41,2020
140421,130112,130111,42,2020
140422,NA,NA,42,2020
140431,130442,130441,43,2020
140432,NA,NA,43,2020
140441,130592,130591,44,2020
140442,130052,130051,44,2020
140461,130712,130711,46,2020
140462,130932,130931,46,2020
140471,130722,130721,47,2020
140472,130582,130581,47,2020
140481,130732,130731,48,2020
140482,NA,NA,48,2020
140491,130742,130741,49,2020
140492,131172,131171,49,2020
140501,130882,130881,50,2020
140502,130082,130081,50,2020
140511,130962,130961,51,2020
140512,130752,130751,51,2020
140521,131972,131971,52,2020
140522,130102,130101,52,2020
140531,131152,131151,53,2020
140532,131042,131041,53,2020
140541,NA,NA,54,2020
140542,131012,131011,54,2020
140551,130182,130181,55,2020
140552,130982,130981,55,2020
140561,130862,130861,56,2020
140562,131282,131281,56,2020
140571,131052,131051,57,2020
140572,NA,NA,57,2020
140581,130072,130071,58,2020
140582,130512,130511,58,2020
140591,130092,130091,59,2020
140592,130992,130991,59,2020
140601,130572,130571,60,2020
140602,NA,NA,60,2020
140611,130792,130791,61,2020
140612,130772,130771,61,2020
140621,131242,131241,62,2020
140622,NA,NA,62,2020
140631,NA,NA,63,2020
140632,131332,131331,63,2020
140641,131132,131131,64,2020
140642,NA,NA,64,2020
140651,130652,130651,65,2020
140652,130012,130011,65,2020
140661,130832,130831,66,2020
140662,NA,NA,66,2020
140671,131152,131151,67,2020
140672,130132,130131,67,2020
140681,131262,131261,68,2020
140682,130312,130311,68,2020
140691,131452,131451,69,2020
140692,130392,130391,69,2020
140701,NA,NA,70,2020
140702,130352,130351,70,2020
140711,130072,130071,71,2020
140712,130542,130541,71,2020
140721,130172,130171,72,2020
140722,130952,130951,72,2020
140731,130842,130841,73,2020
140732,131522,131521,73,2020
140741,131172,131171,74,2020
140742,130862,130861,74,2020
140751,131342,131341,75,2020
140752,NA,NA,75,2020
140761,NA,NA,76,2020
140762,130732,130731,76,2020
140771,131252,131251,77,2020
140772,130672,130671,77,2020
140781,130122,130121,78,2020
140782,131352,131351,78,2020
140791,130792,130791,79,2020
140792,131052,131051,79,2020
140801,131262,131261,80,2020
140802,NA,NA,80,2020
140821,131442,131441,82,2020
140822,NA,NA,82,2020
140831,130722,130721,83,2020
140832,NA,NA,83,2020
140841,131042,131041,84,2020
140842,NA,NA,84,2020
140851,130272,130271,85,2020
140852,132082,132081,85,2020
140881,131232,131231,88,2020
140882,131712,131711,88,2020
140891,131462,131461,89,2020
140892,NA,NA,89,2020
140941,NA,NA,94,2020
140942,131662,131661,94,2020
140951,NA,NA,95,2020
140952,132142,132141,95,2020
140961,NA,NA,96,2020
140962,131612,131611,96,2020
140971,131312,131311,97,2020
140972,131912,131911,97,2020
140981,132102,132101,98,2020
140982,NA,NA,98,2020
140991,130202,130201,99,2020
140992,132132,132131,99,2020
141001,130232,130231,100,2020
141002,131952,131951,100,2020
141011,130442,130441,101,2020
141012,131992,131991,101,2020
141031,130572,130571,103,2020
141032,132022,132021,103,2020
141041,130672,130671,104,2020
141042,131982,131981,104,2020
141051,130702,130701,105,2020
141052,130972,130971,105,2020
141061,130772,130771,106,2020
141062,NA,NA,106,2020
141101,NA,NA,110,2020
141102,131682,131681,110,2020
141111,NA,NA,111,2020
141112,131762,131761,111,2020
141121,131972,131971,112,2020
141122,NA,NA,112,2020
141131,130702,130701,113,2020
141132,NA,NA,113,2020
141141,131312,131311,114,2020
141142,NA,NA,114,2020
141151,131462,131461,115,2020
141152,131822,131821,115,2020
141161,131612,131611,116,2020
141162,NA,NA,116,2020
141171,131642,131641,117,2020
141172,131812,131811,117,2020
141181,132032,132031,118,2020
141182,131362,131361,118,2020
141191,132042,132041,119,2020
141192,131962,131961,119,2020
141201,NA,NA,120,2020
141202,131772,131771,120,2020
141211,NA,NA,121,2020
141212,130802,130801,121,2020
141221,130812,130811,122,2020
141222,131842,131841,122,2020
141231,132102,132101,123,2020
141232,NA,NA,123,2020
141241,132122,132121,124,2020
141242,131672,131671,124,2020
141251,130982,130981,125,2020
141252,132142,132141,125,2020
141271,131912,131911,127,2020
141272,131202,131201,127,2020
141281,132092,132091,128,2020
141282,NA,NA,128,2020
141291,NA,NA,129,2020
141292,131302,131301,129,2020
141301,130062,130061,130,2020
141302,NA,NA,130,2020
141311,130522,130521,131,2020
141312,NA,NA,131,2020
141331,132082,132081,133,2020
141332,131962,131961,133,2020
141341,130482,130481,134,2020
141342,131792,131791,134,2020
141351,131252,131251,135,2020
141352,NA,NA,135,2020
141361,131232,131231,136,2020
141362,NA,NA,136,2020
141371,130042,130041,137,2020
141372,131822,131821,137,2020
141381,130272,130271,138,2020
141382,131622,131621,138,2020
141391,130582,130581,139,2020
141392,132052,132051,139,2020
141401,130712,130711,140,2020
141402,131762,131761,140,2020
141411,130902,130901,141,2020
141412,NA,NA,141,2020
141421,130912,130911,142,2020
141422,NA,NA,142,2020
141441,130992,130991,144,2020
141442,131962,131961,144,2020
141461,131242,131241,146,2020
141462,130382,130381,146,2020
141481,131862,131861,148,2020
141482,132162,132161,148,2020
141491,132042,132041,149,2020
141492,132012,132011,149,2020
141531,130702,130701,153,2020
141532,130022,130021,153,2020
141541,130712,130711,154,2020
141542,132162,132161,154,2020
141551,130962,130961,155,2020
141552,130302,130301,155,2020
141561,131642,131641,156,2020
141562,130452,130451,156,2020
141571,131652,131651,157,2020
141572,131352,131351,157,2020
141581,131812,131811,158,2020
141582,131842,131841,158,2020
141621,NA,NA,162,2020
141622,130802,130801,162,2020
141631,NA,NA,163,2020
141632,132102,132101,163,2020
141641,130772,130771,164,2020
141642,131032,131031,164,2020
141651,131852,131851,165,2020
141652,NA,NA,165,2020
141661,130192,130191,166,2020
141662,131822,131821,166,2020
141701,130982,130981,170,2020
141702,130512,130511,170,2020
141711,131062,131061,171,2020
141712,NA,NA,171,2020
141721,131662,131661,172,2020
141722,130562,130561,172,2020
141731,131862,131861,173,2020
141732,130632,130631,173,2020
141741,131962,131961,174,2020
141742,NA,NA,174,2020
141751,132052,132051,175,2020
141752,132012,132011,175,2020
141761,132082,132081,176,2020
141762,132132,132131,176,2020
141781,NA,NA,178,2020
141782,130902,130901,178,2020
141831,NA,NA,183,2020
141832,132142,132141,183,2020
141841,NA,NA,184,2020
141842,130952,130951,184,2020
141871,130832,130831,187,2020
141872,131672,131671,187,2020
141881,130972,130971,188,2020
141882,132022,132021,188,2020
141901,130202,130201,190,2020
141902,131012,131011,190,2020
141921,131992,131991,192,2020
141922,NA,NA,192,2020
141931,131442,131441,193,2020
141932,NA,NA,193,2020
141941,130712,130711,194,2020
141942,NA,NA,194,2020
141961,130422,130421,196,2020
141962,130182,130181,196,2020
141981,130972,130971,198,2020
141982,131132,131131,198,2020
141991,131442,131441,199,2020
141992,NA,NA,199,2020
142001,130282,130281,200,2020
142002,130142,130141,200,2020
142021,130952,130951,202,2020
142022,NA,NA,202,2020
142031,NA,NA,203,2020
142032,130662,130661,203,2020
142041,NA,NA,204,2020
142042,132042,132041,204,2020
142051,130192,130191,205,2020
142052,131272,131271,205,2020
142061,130242,130241,206,2020
142062,130862,130861,206,2020
142071,130592,130591,207,2020
142072,131582,131581,207,2020
142081,131312,131311,208,2020
142082,131242,131241,208,2020
142091,131362,131361,209,2020
142092,131682,131681,209,2020
142101,131662,131661,210,2020
142102,131302,131301,210,2020
142121,NA,NA,212,2020
142122,132002,132001,212,2020
142131,130402,130401,213,2020
142132,130142,130141,213,2020
142141,130452,130451,214,2020
142142,131542,131541,214,2020
142151,130542,130541,215,2020
142152,130752,130751,215,2020
142161,130672,130671,216,2020
142162,131402,131401,216,2020
142171,131282,131281,217,2020
142172,131702,131701,217,2020
142181,131292,131291,218,2020
142182,131762,131761,218,2020
142191,131352,131351,219,2020
142192,NA,NA,219,2020
142211,131622,131621,221,2020
142212,NA,NA,221,2020
142221,132132,132131,222,2020
142222,131512,131511,222,2020
142251,NA,NA,225,2020
142252,131532,131531,225,2020
142261,NA,NA,226,2020
142262,131502,131501,226,2020
142271,130702,130701,227,2020
142272,131552,131551,227,2020
142281,130182,130181,228,2020
142282,131072,131071,228,2020
142291,130252,130251,229,2020
142292,131532,131531,229,2020
142311,130632,130631,231,2020
142312,130942,130941,231,2020
142321,130652,130651,232,2020
142322,NA,NA,232,2020
142331,130662,130661,233,2020
142332,NA,NA,233,2020
142341,131052,131051,234,2020
142342,NA,NA,234,2020
142361,131382,131381,236,2020
142362,130912,130911,236,2020
142371,131502,131501,237,2020
142372,131122,131121,237,2020
142381,131512,131511,238,2020
142382,130372,130371,238,2020
142391,131742,131741,239,2020
142392,NA,NA,239,2020
142401,132022,132021,240,2020
142402,130342,130341,240,2020
142411,132042,132041,241,2020
142412,131212,131211,241,2020
142421,131292,131291,242,2020
142422,131302,131301,242,2020
142431,130052,130051,243,2020
142432,131812,131811,243,2020
142441,130442,130441,244,2020
142442,130932,130931,244,2020
142451,130752,130751,245,2020
142452,131052,131051,245,2020
142461,131242,131241,246,2020
142462,131162,131161,246,2020
142471,131312,131311,247,2020
142472,131192,131191,247,2020
142481,131362,131361,248,2020
142482,131022,131021,248,2020
142491,131492,131491,249,2020
142492,131122,131121,249,2020
142501,131502,131501,250,2020
142502,131522,131521,250,2020
142511,131562,131561,251,2020
142512,131182,131181,251,2020
142521,131612,131611,252,2020
142522,130342,130341,252,2020
142531,NA,NA,253,2020
142532,131202,131201,253,2020
142541,NA,NA,254,2020
142542,131072,131071,254,2020
142551,130842,130841,255,2020
142552,NA,NA,255,2020
142561,131152,131151,256,2020
142562,NA,NA,256,2020
142571,131342,131341,257,2020
142572,NA,NA,257,2020
142581,131432,131431,258,2020
142582,NA,NA,258,2020
142591,130342,130341,259,2020
142592,131182,131181,259,2020
142601,130812,130811,260,2020
142602,131122,131121,260,2020
142611,130862,130861,261,2020
142612,130142,130141,261,2020
142621,131082,131081,262,2020
142622,131372,131371,262,2020
142631,131162,131161,263,2020
142632,131582,131581,263,2020
142641,131272,131271,264,2020
142642,130302,130301,264,2020
142651,131902,131901,265,2020
142652,131132,131131,265,2020
142661,NA,NA,266,2020
142662,131112,131111,266,2020
142671,NA,NA,267,2020
142672,131192,131191,267,2020
142681,NA,NA,268,2020
142682,131492,131491,268,2020
142691,NA,NA,269,2020
142692,131002,131001,269,2020
142701,NA,NA,270,2020
142702,131552,131551,270,2020
142711,NA,NA,271,2020
142712,131712,131711,271,2020
142721,131382,131381,272,2020
142722,131742,131741,272,2020
142731,131502,131501,273,2020
142732,130662,130661,273,2020
142741,130662,130661,274,2020
142742,132102,132101,274,2020
142751,130672,130671,275,2020
142752,131582,131581,275,2020
142761,130692,130691,276,2020
142762,NA,NA,276,2020
142771,130912,130911,277,2020
142772,NA,NA,277,2020
142781,131402,131401,278,2020
142782,132092,132091,278,2020
142791,NA,NA,279,2020
142792,131612,131611,279,2020
142801,130162,130161,280,2020
142802,130852,130851,280,2020
142811,131192,131191,281,2020
142812,130292,130291,281,2020
142821,131222,131221,282,2020
142822,131682,131681,282,2020
142831,131562,131561,283,2020
142832,131392,131391,283,2020
142841,131792,131791,284,2020
142842,130332,130331,284,2020
142851,NA,NA,285,2020
142852,130642,130641,285,2020
142861,130692,130691,286,2020
142862,131112,131111,286,2020
142871,130852,130851,287,2020
142872,131062,131061,287,2020
142881,131322,131321,288,2020
142882,130752,130751,288,2020
142891,130432,130431,289,2020
142892,131372,131371,289,2020
142901,130872,130871,290,2020
142902,NA,NA,290,2020
150011,140022,140021,1,2021
150012,141532,141531,1,2021
150021,140032,140031,2,2021
150022,140382,140381,2,2021
150031,140072,140071,3,2021
150032,140402,140401,3,2021
150041,140082,140081,4,2021
150042,140482,140481,4,2021
150051,140102,140101,5,2021
150052,140252,140251,5,2021
150061,140122,140121,6,2021
150062,131502,131501,6,2021
150071,140162,140161,7,2021
150072,131592,131591,7,2021
150081,140182,140181,8,2021
150082,131782,131781,8,2021
150091,140222,140221,9,2021
150092,131542,131541,9,2021
150101,140232,140231,10,2021
150102,131632,131631,10,2021
150111,140242,140241,11,2021
150112,141152,141151,11,2021
150121,140272,140271,12,2021
150122,141442,141441,12,2021
150131,140552,140551,13,2021
150132,131682,131681,13,2021
150151,131692,131691,15,2021
150152,141272,141271,15,2021
150161,140032,140031,16,2021
150162,141642,141641,16,2021
150171,140082,140081,17,2021
150172,140742,140741,17,2021
150181,140162,140161,18,2021
150182,140562,140561,18,2021
150191,140202,140201,19,2021
150192,140042,140041,19,2021
150201,140242,140241,20,2021
150202,140342,140341,20,2021
150211,140252,140251,21,2021
150212,140442,140441,21,2021
150221,140272,140271,22,2021
150222,140322,140321,22,2021
150231,140552,140551,23,2021
150232,140792,140791,23,2021
150241,140012,140011,24,2021
150242,140582,140581,24,2021
150251,140022,140021,25,2021
150252,140462,140461,25,2021
150261,140042,140041,26,2021
150262,141302,141301,26,2021
150271,140092,140091,27,2021
150272,140352,140351,27,2021
150281,140102,140101,28,2021
150282,141382,141381,28,2021
150291,140122,140121,29,2021
150292,140312,140311,29,2021
150301,140212,140211,30,2021
150302,140502,140501,30,2021
150321,140332,140331,32,2021
150322,140362,140361,32,2021
150331,140342,140341,33,2021
150332,140652,140651,33,2021
150341,140512,140511,34,2021
150342,140972,140971,34,2021
150351,140692,140691,35,2021
150352,140152,140151,35,2021
150371,141462,141461,37,2021
150372,140372,140371,37,2021
150381,141642,141641,38,2021
150382,140492,140491,38,2021
150391,NA,NA,39,2021
150392,140542,140541,39,2021
150401,140032,140031,40,2021
150402,141732,141731,40,2021
150411,140162,140161,41,2021
150412,140672,140671,41,2021
150421,141152,141151,42,2021
150422,140472,140471,42,2021
150441,140062,140061,44,2021
150442,141372,141371,44,2021
150451,140062,140061,45,2021
150452,140612,140611,45,2021
150471,140132,140131,47,2021
150472,141572,141571,47,2021
150481,140362,140361,48,2021
150482,140662,140661,48,2021
150491,140412,140411,49,2021
150492,140722,140721,49,2021
150501,140492,140491,50,2021
150502,141172,141171,50,2021
150511,140582,140581,51,2021
150512,140642,140641,51,2021
150521,140102,140101,52,2021
150522,141492,141491,52,2021
150531,140112,140111,53,2021
150532,141582,141581,53,2021
150551,140582,140581,55,2021
150552,141222,141221,55,2021
150561,140672,140671,56,2021
150562,141542,141541,56,2021
150571,140682,140681,57,2021
150572,141532,141531,57,2021
150581,NA,NA,58,2021
150582,140382,140381,58,2021
150591,140052,140051,59,2021
150592,140522,140521,59,2021
150601,140112,140111,60,2021
150602,140262,140261,60,2021
150611,140152,140151,61,2021
150612,141382,141381,61,2021
150621,140192,140191,62,2021
150622,140772,140771,62,2021
150631,140212,140211,63,2021
150632,140392,140391,63,2021
150641,140292,140291,64,2021
150642,140602,140601,64,2021
150651,140312,140311,65,2021
150652,140702,140701,65,2021
150661,140502,140501,66,2021
150662,141492,141491,66,2021
150671,140562,140561,67,2021
150672,140662,140661,67,2021
150681,140682,140681,68,2021
150682,140132,140131,68,2021
150691,140972,140971,69,2021
150692,140332,140331,69,2021
150701,141372,141371,70,2021
150702,141542,141541,70,2021
150711,141482,141481,71,2021
150712,140542,140541,71,2021
150721,141562,141561,72,2021
150722,140202,140201,72,2021
150731,141662,141661,73,2021
150732,140442,140441,73,2021
150741,140092,140091,74,2021
150742,141442,141441,74,2021
150751,140222,140221,75,2021
150752,140542,140541,75,2021
150761,140232,140231,76,2021
150762,140642,140641,76,2021
150771,140262,140261,77,2021
150772,140772,140771,77,2021
150781,140392,140391,78,2021
150782,140052,140051,78,2021
150791,140522,140521,79,2021
150792,141172,141171,79,2021
150801,141272,141271,80,2021
150802,140182,140181,80,2021
150811,141462,141461,81,2021
150812,140612,140611,81,2021
150821,141732,141731,82,2021
150822,140512,140511,82,2021
150831,140412,140411,83,2021
150832,140742,140741,83,2021
150841,140492,140491,84,2021
150842,141572,141571,84,2021
150851,140502,140501,85,2021
150852,140072,140071,85,2021
150861,140552,140551,86,2021
150862,140352,140351,86,2021
150871,140472,140471,87,2021
150872,141882,141881,87,2021
150881,140512,140511,88,2021
150882,140372,140371,88,2021
150891,140522,140521,89,2021
150892,140992,140991,89,2021
150911,140972,140971,91,2021
150912,141752,141751,91,2021
150921,141362,141361,92,2021
150922,140602,140601,92,2021
150931,141372,141371,93,2021
150932,140952,140951,93,2021
150941,141462,141461,94,2021
150942,141012,141011,94,2021
150951,141532,141531,95,2021
150952,141142,141141,95,2021
150961,141562,141561,96,2021
150962,140842,140841,96,2021
150971,141642,141641,97,2021
150972,140732,140731,97,2021
150981,141662,141661,98,2021
150982,141412,141411,98,2021
150991,140092,140091,99,2021
150992,140542,140541,99,2021
151001,140062,140061,100,2021
151002,140642,140641,100,2021
151061,140262,140261,106,2021
151062,140432,140431,106,2021
151071,140322,140321,107,2021
151072,140192,140191,107,2021
151081,140442,140441,108,2021
151082,140722,140721,108,2021
151091,140462,140461,109,2021
151092,140422,140421,109,2021
151101,140532,140531,110,2021
151102,142092,142091,110,2021
151111,140732,140731,111,2021
151112,142062,142061,111,2021
151121,140952,140951,112,2021
151122,141342,141341,112,2021
151151,140292,140291,115,2021
151152,140402,140401,115,2021
151161,140322,140321,116,2021
151162,140172,140171,116,2021
151171,140332,140331,117,2021
151172,140592,140591,117,2021
151181,140342,140341,118,2021
151182,140432,140431,118,2021
151191,140372,140371,119,2021
151192,141902,141901,119,2021
151201,140412,140411,120,2021
151202,141552,141551,120,2021
151211,140532,140531,121,2021
151212,140282,140281,121,2021
151231,140732,140731,123,2021
151232,140482,140481,123,2021
151241,140822,140821,124,2021
151242,140382,140381,124,2021
151251,141752,141751,125,2021
151252,140602,140601,125,2021
151261,140132,140131,126,2021
151262,140652,140651,126,2021
151271,140172,140171,127,2021
151272,140422,140421,127,2021
151281,140572,140571,128,2021
151282,140322,140321,128,2021
151291,140642,140641,129,2021
151292,141112,141111,129,2021
151301,140662,140661,130,2021
151302,140942,140941,130,2021
151311,140822,140821,131,2021
151312,141232,141231,131,2021
151321,140832,140831,132,2021
151322,140402,140401,132,2021
151331,140842,140841,133,2021
151332,140692,140691,133,2021
151341,141142,141141,134,2021
151342,140782,140781,134,2021
151361,141362,141361,136,2021
151362,141052,141051,136,2021
151391,141632,141631,139,2021
151392,140852,140851,139,2021
151401,141872,141871,140,2021
151402,141762,141761,140,2021
151411,141882,141881,141,2021
151412,142062,142061,141,2021
151421,NA,NA,142,2021
151422,140602,140601,142,2021
151441,140282,140281,144,2021
151442,140012,140011,144,2021
151451,140432,140431,145,2021
151452,141032,141031,145,2021
151471,140562,140561,147,2021
151472,141042,141041,147,2021
151491,140712,140711,149,2021
151492,141112,141111,149,2021
151501,140822,140821,150,2021
151502,141182,141181,150,2021
151511,140842,140841,151,2021
151512,141012,141011,151,2021
151521,140852,140851,152,2021
151522,141142,141141,152,2021
151531,140992,140991,153,2021
151532,140172,140171,153,2021
151541,141342,141341,154,2021
151542,140832,140831,154,2021
151551,141402,141401,155,2021
151552,140692,140691,155,2021
151561,141902,141901,156,2021
151562,140382,140381,156,2021
151571,140422,140421,157,2021
151572,142362,142361,157,2021
151581,140612,140611,158,2021
151582,142362,142361,158,2021
151591,140772,140771,159,2021
151592,142022,142021,159,2021
151601,140822,140821,160,2021
151602,141742,141741,160,2021
151611,141222,141221,161,2021
151612,142282,142281,161,2021
151621,141332,141331,162,2021
151622,141962,141961,162,2021
151631,141342,141341,163,2021
151632,142122,142121,163,2021
151641,141362,141361,164,2021
151642,141112,141111,164,2021
151651,141442,141441,165,2021
151652,142342,142341,165,2021
151661,141582,141581,166,2021
151662,142262,142261,166,2021
151671,141632,141631,167,2021
151672,141392,141391,167,2021
151681,141662,141661,168,2021
151682,142252,142251,168,2021
151691,141702,141701,169,2021
151692,140382,140381,169,2021
151701,141722,141721,170,2021
151702,142152,142151,170,2021
151711,141762,141761,171,2021
151712,142182,142181,171,2021
151721,141872,141871,172,2021
151722,142102,142101,172,2021
151731,142052,142051,173,2021
151732,142092,142091,173,2021
151741,142062,142061,174,2021
151742,142072,142071,174,2021
151751,142082,142081,175,2021
151752,142002,142001,175,2021
151761,142272,142271,176,2021
151762,142372,142371,176,2021
151771,140792,140791,177,2021
151772,142132,142131,177,2021
151781,140832,140831,178,2021
151782,141982,141981,178,2021
151791,141052,141051,179,2021
151792,142122,142121,179,2021
151801,141632,141631,180,2021
151802,141362,141361,180,2021
151821,142082,142081,182,2021
151822,142312,142311,182,2021
151831,NA,NA,183,2021
151832,140542,140541,183,2021
151841,140432,140431,184,2021
151842,142602,142601,184,2021
151861,140662,140661,186,2021
151862,142392,142391,186,2021
151871,140792,140791,187,2021
151872,142892,142891,187,2021
151881,140942,140941,188,2021
151882,142622,142621,188,2021
151891,140962,140961,189,2021
151892,142762,142761,189,2021
151901,140982,140981,190,2021
151902,142342,142341,190,2021
151911,141142,141141,191,2021
151912,142722,142721,191,2021
151921,141482,141481,192,2021
151922,141402,141401,192,2021
151931,141702,141701,193,2021
151932,142662,142661,193,2021
151941,141712,141711,194,2021
151942,141962,141961,194,2021
151951,141722,141721,195,2021
151952,142402,142401,195,2021
151961,141742,141741,196,2021
151962,141032,141031,196,2021
151971,141842,141841,197,2021
151972,142432,142431,197,2021
151981,141932,141931,198,2021
151982,142452,142451,198,2021
151991,142042,142041,199,2021
151992,142382,142381,199,2021
152001,142052,142051,200,2021
152002,142422,142421,200,2021
152011,142102,142101,201,2021
152012,142222,142221,201,2021
152021,142272,142271,202,2021
152022,142792,142791,202,2021
152031,142402,142401,203,2021
152032,142832,142831,203,2021
152041,142642,142641,204,2021
152042,142462,142461,204,2021
152051,142652,142651,205,2021
152052,142712,142711,205,2021
152071,142772,142771,207,2021
152072,140842,140841,207,2021
152081,142812,142811,208,2021
152082,142122,142121,208,2021
152091,142842,142841,209,2021
152092,142732,142731,209,2021
152101,140332,140331,210,2021
152102,142512,142511,210,2021
152111,140642,140641,211,2021
152112,142492,142491,211,2021
152121,140792,140791,212,2021
152122,142682,142681,212,2021
152131,140842,140841,213,2021
152132,140302,140301,213,2021
152141,141142,141141,214,2021
152142,142002,142001,214,2021
152151,141932,141931,215,2021
152152,142372,142371,215,2021
152161,142052,142051,216,2021
152162,142432,142431,216,2021
152171,142532,142531,217,2021
152172,142132,142131,217,2021
152181,142582,142581,218,2021
152182,141482,141481,218,2021
152191,142652,142651,219,2021
152192,142082,142081,219,2021
152201,142742,142741,220,2021
152202,140402,140401,220,2021
152211,142892,142891,221,2021
152212,140202,140201,221,2021
152221,140762,140761,222,2021
152222,141102,141101,222,2021
152231,140782,140781,223,2021
152232,140622,140621,223,2021
152241,140892,140891,224,2021
152242,140632,140631,224,2021
152251,140942,140941,225,2021
152252,141202,141201,225,2021
152261,142122,142121,226,2021
152262,141252,141251,226,2021
152271,142162,142161,227,2021
152272,141282,141281,227,2021
152281,142192,142191,228,2021
152282,141232,141231,228,2021
152291,142382,142381,229,2021
152292,141302,141301,229,2021
152301,142442,142441,230,2021
152302,140572,140571,230,2021
152311,142482,142481,231,2021
152312,142772,142771,231,2021
152321,142502,142501,232,2021
152322,142712,142711,232,2021
152331,140622,140621,233,2021
152332,140762,140761,233,2021
152341,140882,140881,234,2021
152342,142722,142721,234,2021
152351,140962,140961,235,2021
152352,142732,142731,235,2021
152361,140982,140981,236,2021
152362,142452,142451,236,2021
152371,141202,141201,237,2021
152372,142462,142461,237,2021
152381,141232,141231,238,2021
152382,142512,142511,238,2021
152391,141632,141631,239,2021
152392,140712,140711,239,2021
152401,142162,142161,240,2021
152402,140892,140891,240,2021
152411,142622,142621,241,2021
152412,141122,141121,241,2021
152421,142712,142711,242,2021
152422,141252,141251,242,2021
152431,140892,140891,243,2021
152432,141782,141781,243,2021
152441,141232,141231,244,2021
152442,141942,141941,244,2021
152451,141712,141711,245,2021
152452,141992,141991,245,2021
152461,141742,141741,246,2021
152462,142142,142141,246,2021
152471,141842,141841,247,2021
152472,141102,141101,247,2021
152481,141982,141981,248,2021
152482,142042,142041,248,2021
152491,142072,142071,249,2021
152492,142812,142811,249,2021
152501,142102,142101,250,2021
152502,141122,141121,250,2021
152511,142182,142181,251,2021
152512,142682,142681,251,2021
152521,142262,142261,252,2021
152522,142832,142831,252,2021
152531,142442,142441,253,2021
152532,142342,142341,253,2021
152541,140172,140171,254,2021
152542,141552,141551,254,2021
152551,141242,141241,255,2021
152552,140392,140391,255,2021
152561,142102,142101,256,2021
152562,141712,141711,256,2021
152571,142192,142191,257,2021
152572,142222,142221,257,2021
152581,142822,142821,258,2021
152582,142492,142491,258,2021
152591,140432,140431,259,2021
152592,141992,141991,259,2021
152601,140822,140821,260,2021
152602,142042,142041,260,2021
152611,141052,141051,261,2021
152612,142312,142311,261,2021
152621,142122,142121,262,2021
152622,141842,141841,262,2021
152631,142642,142641,263,2021
152632,140752,140751,263,2021
152641,140232,140231,264,2021
152642,142392,142391,264,2021
152651,142842,142841,265,2021
152652,142152,142151,265,2021
152661,142162,142161,266,2021
152662,142472,142471,266,2021
152671,142402,142401,267,2021
152672,142762,142761,267,2021
152681,142432,142431,268,2021
152682,142282,142281,268,2021
152691,140962,140961,269,2021
152692,140752,140751,269,2021
152701,142642,142641,270,2021
152702,142472,142471,270,2021
152711,142742,142741,271,2021
152712,142502,142501,271,2021
152721,142272,142271,272,2021
152722,140572,140571,272,2021
152731,140892,140891,273,2021
152732,140392,140391,273,2021
152741,140982,140981,274,2021
152742,141112,141111,274,2021
152751,141102,141101,275,2021
152752,141292,141291,275,2021
152761,141122,141121,276,2021
152762,142712,142711,276,2021
152771,141192,141191,277,2021
152772,142632,142631,277,2021
152781,141242,141241,278,2021
152782,142182,142181,278,2021
152791,141252,141251,279,2021
152792,141332,141331,279,2021
152801,141282,141281,280,2021
152802,141932,141931,280,2021
152811,141302,141301,281,2021
152812,142682,142681,281,2021
152821,142152,142151,282,2021
152822,142262,142261,282,2021
152831,142362,142361,283,2021
152832,142732,142731,283,2021
152841,142522,142521,284,2021
152842,142222,142221,284,2021
152851,142552,142551,285,2021
152852,142042,142041,285,2021
152861,142582,142581,286,2021
152862,142772,142771,286,2021
152871,142602,142601,287,2021
152872,142452,142451,287,2021
152881,142822,142821,288,2021
152882,142512,142511,288,2021
152891,140172,140171,289,2021
152892,141182,141181,289,2021
152901,140392,140391,290,2021
152902,141992,141991,290,2021
152911,140892,140891,291,2021
152912,142812,142811,291,2021
152921,140982,140981,292,2021
152922,140762,140761,292,2021
152931,141122,141121,293,2021
152932,142822,142821,293,2021
152951,141302,141301,295,2021
152952,142462,142461,295,2021
152961,141332,141331,296,2021
152962,141102,141101,296,2021
152971,141552,141551,297,2021
152972,142732,142731,297,2021
152981,142582,142581,298,2021
152982,141632,141631,298,2021
152991,142602,142601,299,2021
152992,142742,142741,299,2021
153011,141062,141061,301,2021
153012,142332,142331,301,2021
153031,141122,141121,303,2021
153032,142522,142521,303,2021
153041,141182,141181,304,2021
153042,142192,142191,304,2021
153051,141192,141191,305,2021
153052,142772,142771,305,2021
153071,142342,142341,307,2021
153072,141712,141711,307,2021
153081,142682,142681,308,2021
153082,142702,142701,308,2021
153101,140322,140321,310,2021
153102,142262,142261,310,2021
153111,142312,142311,311,2021
153112,142422,142421,311,2021
153121,141102,141101,312,2021
153122,142192,142191,312,2021
153131,141192,141191,313,2021
153132,142332,142331,313,2021
153141,141282,141281,314,2021
153142,141742,141741,314,2021
153151,142072,142071,315,2021
153152,141232,141231,315,2021
153161,142372,142371,316,2021
153162,141062,141061,316,2021
153171,142762,142761,317,2021
153172,142472,142471,317,2021
153181,142772,142771,318,2021
153182,141712,141711,318,2021
153191,142842,142841,319,2021
153192,142262,142261,319,2021
153201,140982,140981,320,2021
153202,141782,141781,320,2021
153211,141112,141111,321,2021
153212,142612,142611,321,2021
153221,141842,141841,322,2021
153222,142252,142251,322,2021
153231,142662,142661,323,2021
153232,142532,142531,323,2021
153241,141872,141871,324,2021
153242,142762,142761,324,2021
153251,141002,141001,325,2021
153252,142332,142331,325,2021
153261,NA,NA,326,2021
153262,141202,141201,326,2021
160011,150022,150021,1,2022
160012,151232,151231,1,2022
160021,150052,150051,2,2022
160022,151082,151081,2,2022
160031,150112,150111,3,2022
160032,150442,150441,3,2022
160041,150132,150131,4,2022
160042,150522,150521,4,2022
160051,150152,150151,5,2022
160052,150302,150301,5,2022
160061,150172,150171,6,2022
160062,150242,150241,6,2022
160071,150202,150201,7,2022
160072,150652,150651,7,2022
160081,150212,150211,8,2022
160082,150962,150961,8,2022
160091,150232,150231,9,2022
160092,150872,150871,9,2022
160101,150252,150251,10,2022
160102,150972,150971,10,2022
160111,150272,150271,11,2022
160112,150012,150011,11,2022
160121,150292,150291,12,2022
160122,150122,150121,12,2022
160131,150352,150351,13,2022
160132,150012,150011,13,2022
160141,150382,150381,14,2022
160142,150102,150101,14,2022
160151,150452,150451,15,2022
160152,150282,150281,15,2022
160161,150472,150471,16,2022
160162,151172,151171,16,2022
160181,150952,150951,18,2022
160182,150912,150911,18,2022
160211,151112,151111,21,2022
160212,150342,150341,21,2022
160221,151192,151191,22,2022
160222,150862,150861,22,2022
160231,150052,150051,23,2022
160232,150112,150111,23,2022
160241,150132,150131,24,2022
160242,141992,141991,24,2022
160251,150152,150151,25,2022
160252,150262,150261,25,2022
160261,150202,150201,26,2022
160262,151182,151181,26,2022
160271,150242,150241,27,2022
160272,150102,150101,27,2022
160281,150352,150351,28,2022
160282,150032,150031,28,2022
160291,150402,150401,29,2022
160292,150372,150371,29,2022
160301,150472,150471,30,2022
160302,150762,150761,30,2022
160311,150502,150501,31,2022
160312,151002,151001,31,2022
160321,150862,150861,32,2022
160322,150042,150041,32,2022
160331,150952,150951,33,2022
160332,150282,150281,33,2022
160341,150972,150971,34,2022
160342,150492,150491,34,2022
160351,150992,150991,35,2022
160352,150302,150301,35,2022
160361,151082,151081,36,2022
160362,150332,150331,36,2022
160371,151152,151151,37,2022
160372,150442,150441,37,2022
160381,151202,151201,38,2022
160382,150982,150981,38,2022
160391,151252,151251,39,2022
160392,150292,150291,39,2022
160401,150022,150021,40,2022
160402,151302,151301,40,2022
160411,150412,150411,41,2022
160412,150772,150771,41,2022
160421,150452,150451,42,2022
160422,151262,151261,42,2022
160431,150512,150511,43,2022
160432,151762,151761,43,2022
160441,151002,151001,44,2022
160442,150742,150741,44,2022
160451,151112,151111,45,2022
160452,151402,151401,45,2022
160461,151152,151151,46,2022
160462,150852,150851,46,2022
160471,151232,151231,47,2022
160472,151312,151311,47,2022
160481,151332,151331,48,2022
160482,150722,150721,48,2022
160491,151362,151361,49,2022
160492,151322,151321,49,2022
160501,151452,151451,50,2022
160502,150682,150681,50,2022
160511,151472,151471,51,2022
160512,150572,150571,51,2022
160521,151492,151491,52,2022
160522,151442,151441,52,2022
160531,151502,151501,53,2022
160532,151532,151531,53,2022
160541,151522,151521,54,2022
160542,150192,150191,54,2022
160551,151552,151551,55,2022
160552,151412,151411,55,2022
160561,151612,151611,56,2022
160562,151092,151091,56,2022
160571,151622,151621,57,2022
160572,151592,151591,57,2022
160581,151652,151651,58,2022
160582,151212,151211,58,2022
160591,151672,151671,59,2022
160592,151712,151711,59,2022
160601,151682,151681,60,2022
160602,151662,151661,60,2022
160611,150232,150231,61,2022
160612,150532,150531,61,2022
160631,150912,150911,63,2022
160632,150422,150421,63,2022
160641,151202,151201,64,2022
160642,151602,151601,64,2022
160651,151332,151331,65,2022
160652,151632,151631,65,2022
160661,151292,151291,66,2022
160662,150562,150561,66,2022
160671,151392,151391,67,2022
160672,151732,151731,67,2022
160681,151452,151451,68,2022
160682,150772,150771,68,2022
160691,151502,151501,69,2022
160692,150252,150251,69,2022
160701,151682,151681,70,2022
160702,151692,151691,70,2022
160711,150212,150211,71,2022
160712,152712,152711,71,2022
160721,150342,150341,72,2022
160722,151972,151971,72,2022
160731,150382,150381,73,2022
160732,151982,151981,73,2022
160741,150572,150571,74,2022
160742,151932,151931,74,2022
160751,150892,150891,75,2022
160752,151742,151741,75,2022
160771,151512,151511,77,2022
160772,151712,151711,77,2022
160781,151552,151551,78,2022
160782,151962,151961,78,2022
160791,151612,151611,79,2022
160792,152032,152031,79,2022
160801,151692,151691,80,2022
160802,152052,152051,80,2022
160811,151772,151771,81,2022
160812,152232,152231,81,2022
160821,151822,151821,82,2022
160822,152252,152251,82,2022
160831,151902,151901,83,2022
160832,151922,151921,83,2022
160841,151912,151911,84,2022
160842,152172,152171,84,2022
160851,152122,152121,85,2022
160852,152382,152381,85,2022
160861,152142,152141,86,2022
160862,152342,152341,86,2022
160871,152532,152531,87,2022
160872,150032,150031,87,2022
160881,152602,152601,88,2022
160882,150122,150121,88,2022
160901,150052,150051,90,2022
160902,152512,152511,90,2022
160921,150202,150201,92,2022
160922,152152,152151,92,2022
160931,150232,150231,93,2022
160932,152112,152111,93,2022
160941,150372,150371,94,2022
160942,152242,152241,94,2022
160951,150472,150471,95,2022
160952,152142,152141,95,2022
160961,150562,150561,96,2022
160962,152312,152311,96,2022
160971,150572,150571,97,2022
160972,150892,150891,97,2022
160981,150722,150721,98,2022
160982,152362,152361,98,2022
160991,150992,150991,99,2022
160992,150402,150401,99,2022
161011,151332,151331,101,2022
161012,152682,152681,101,2022
161021,151362,151361,102,2022
161022,152572,152571,102,2022
161031,151562,151561,103,2022
161032,152292,152291,103,2022
161041,151742,151741,104,2022
161042,152612,152611,104,2022
161051,151762,151761,105,2022
161052,152532,152531,105,2022
161061,151972,151971,106,2022
161062,152522,152521,106,2022
161071,152182,152181,107,2022
161072,152162,152161,107,2022
161081,150192,150191,108,2022
161082,153252,153251,108,2022
161091,150252,150251,109,2022
161092,153042,153041,109,2022
161101,150282,150281,110,2022
161102,153052,153051,110,2022
161111,150452,150451,111,2022
161112,153242,153241,111,2022
161121,150472,150471,112,2022
161122,152922,152921,112,2022
161131,150692,150691,113,2022
161132,152962,152961,113,2022
161141,150862,150861,114,2022
161142,150222,150221,114,2022
161151,151202,151201,115,2022
161152,150482,150481,115,2022
161161,151362,151361,116,2022
161162,150612,150611,116,2022
161171,151502,151501,117,2022
161172,150552,150551,117,2022
161181,151522,151521,118,2022
161182,150622,150621,118,2022
161191,151792,151791,119,2022
161192,152902,152901,119,2022
161201,151822,151821,120,2022
161202,152802,152801,120,2022
161211,152092,152091,121,2022
161212,152622,152621,121,2022
161221,152192,152191,122,2022
161222,152832,152831,122,2022
161231,152312,152311,123,2022
161232,152792,152791,123,2022
161241,153222,153221,124,2022
161242,152882,152881,124,2022
161251,150272,150271,125,2022
161252,152972,152971,125,2022
161261,150332,150331,126,2022
161262,153132,153131,126,2022
161271,150522,150521,127,2022
161272,150652,150651,127,2022
161281,150692,150691,128,2022
161282,151902,151901,128,2022
161291,151192,151191,129,2022
161292,150172,150171,129,2022
161311,151472,151471,131,2022
161312,151172,151171,131,2022
161321,151562,151561,132,2022
161322,150262,150261,132,2022
161331,151632,151631,133,2022
161332,150532,150531,133,2022
161341,151872,151871,134,2022
161342,152342,152341,134,2022
161351,152012,152011,135,2022
161352,152682,152681,135,2022
161361,152152,152151,136,2022
161362,151392,151391,136,2022
161371,152882,152881,137,2022
161372,151312,151311,137,2022
161381,152902,152901,138,2022
161382,150042,150041,138,2022
161391,150602,150601,139,2022
161392,151272,151271,139,2022
161401,150702,150701,140,2022
161402,151242,151241,140,2022
161411,150742,150741,141,2022
161412,151582,151581,141,2022
161421,150752,150751,142,2022
161422,150732,150731,142,2022
161431,150762,150761,143,2022
161432,150782,150781,143,2022
161441,150792,150791,144,2022
161442,151092,151091,144,2022
161451,150802,150801,145,2022
161452,151292,151291,145,2022
161461,150872,150871,146,2022
161462,151342,151341,146,2022
161471,150882,150881,147,2022
161472,152992,152991,147,2022
161481,151182,151181,148,2022
161482,150662,150661,148,2022
161491,151492,151491,149,2022
161492,150812,150811,149,2022
161501,151562,151561,150,2022
161502,153132,153131,150,2022
161511,151592,151591,151,2022
161512,150412,150411,151,2022
161521,151622,151621,152,2022
161522,150612,150611,152,2022
161531,151762,151761,153,2022
161532,150822,150821,153,2022
161551,152092,152091,155,2022
161552,151262,151261,155,2022
161561,152112,152111,156,2022
161562,153112,153111,156,2022
161571,152492,152491,157,2022
161572,151602,151601,157,2022
161581,152502,152501,158,2022
161582,151662,151661,158,2022
161591,150102,150101,159,2022
161592,150792,150791,159,2022
161601,150322,150321,160,2022
161602,150502,150501,160,2022
161611,150492,150491,161,2022
161612,150622,150621,161,2022
161631,150732,150731,163,2022
161632,150812,150811,163,2022
161641,150782,150781,164,2022
161642,151212,151211,164,2022
161661,150882,150881,166,2022
161662,152882,152881,166,2022
161671,151302,151301,167,2022
161672,152972,152971,167,2022
161681,151792,151791,168,2022
161682,150042,150041,168,2022
161691,152162,152161,169,2022
161692,150302,150301,169,2022
161701,152182,152181,170,2022
161702,150442,150441,170,2022
161711,150342,150341,171,2022
161712,152292,152291,171,2022
161721,150402,150401,172,2022
161722,152192,152191,172,2022
161731,150852,150851,173,2022
161732,150962,150961,173,2022
161741,151272,151271,174,2022
161742,152102,152101,174,2022
161751,151572,151571,175,2022
161752,152212,152211,175,2022
161761,151792,151791,176,2022
161762,150682,150681,176,2022
161801,151992,151991,180,2022
161802,152322,152321,180,2022
161811,152022,152021,181,2022
161812,151412,151411,181,2022
161821,152092,152091,182,2022
161822,152512,152511,182,2022
161831,152112,152111,183,2022
161832,152382,152381,183,2022
161841,152162,152161,184,2022
161842,151582,151581,184,2022
161851,152182,152181,185,2022
161852,151732,151731,185,2022
161861,152232,152231,186,2022
161862,152422,152421,186,2022
161871,152262,152261,187,2022
161872,152412,152411,187,2022
161881,152392,152391,188,2022
161882,152252,152251,188,2022
161891,152492,152491,189,2022
161892,152552,152551,189,2022
161901,152522,152521,190,2022
161902,152122,152121,190,2022
161911,152902,152901,191,2022
161912,152562,152561,191,2022
161921,150482,150481,192,2022
161922,152652,152651,192,2022
161931,150832,150831,193,2022
161932,151982,151981,193,2022
161941,151242,151241,194,2022
161942,152772,152771,194,2022
161951,152012,152011,195,2022
161952,151342,151341,195,2022
161961,152242,152241,196,2022
161962,152722,152721,196,2022
161971,152402,152401,197,2022
161972,151962,151961,197,2022
161981,153252,153251,198,2022
161982,151932,151931,198,2022
161991,150322,150321,199,2022
161992,153142,153141,199,2022
162001,150422,150421,200,2022
162002,153152,153151,200,2022
162011,150702,150701,201,2022
162012,153192,153191,201,2022
162021,152302,152301,202,2022
162022,152822,152821,202,2022
162031,152912,152911,203,2022
162032,150082,150081,203,2022
162041,152932,152931,204,2022
162042,152872,152871,204,2022
162051,152952,152951,205,2022
162052,150182,150181,205,2022
162061,150822,150821,206,2022
162062,152892,152891,206,2022
162071,152402,152401,207,2022
162072,152982,152981,207,2022
162091,150942,150941,209,2022
162092,151992,151991,209,2022
162101,151122,151121,210,2022
162102,152962,152961,210,2022
162111,151802,151801,211,2022
162112,152052,152051,211,2022
162121,150712,150711,212,2022
162122,152202,152201,212,2022
162131,150842,150841,213,2022
162132,152642,152641,213,2022
162141,150982,150981,214,2022
162142,151272,151271,214,2022
162151,151322,151321,215,2022
162152,151292,151291,215,2022
162161,151872,151871,216,2022
162162,151302,151301,216,2022
162171,152172,152171,217,2022
162172,151902,151901,217,2022
162181,153112,153111,218,2022
162182,153132,153131,218,2022
162191,153242,153241,219,2022
162192,151092,151091,219,2022
162201,151512,151511,220,2022
162202,151892,151891,220,2022
162211,151802,151801,221,2022
162212,150482,150481,221,2022
162221,151962,151961,222,2022
162222,151752,151751,222,2022
162231,151982,151981,223,2022
162232,151942,151941,223,2022
162241,152892,152891,224,2022
162242,152742,152741,224,2022
162261,152522,152521,226,2022
162262,152372,152371,226,2022
162271,151292,151291,227,2022
162272,150712,150711,227,2022
162281,151632,151631,228,2022
162282,150512,150511,228,2022
162301,152392,152391,230,2022
162302,153072,153071,230,2022
162311,150172,150171,231,2022
162312,150672,150671,231,2022
162321,150322,150321,232,2022
162322,152932,152931,232,2022
162331,151532,151531,233,2022
162332,153102,153101,233,2022
162341,152282,152281,234,2022
162342,153162,153161,234,2022
162381,151442,151441,238,2022
162382,153072,153071,238,2022
162391,150322,150321,239,2022
162392,153172,153171,239,2022
162401,152022,152021,240,2022
162402,153252,153251,240,2022
162411,152122,152121,241,2022
162412,151242,151241,241,2022
162421,152502,152501,242,2022
162422,151912,151911,242,2022
162431,150182,150181,243,2022
162432,153042,153041,243,2022
162441,152892,152891,244,2022
162442,150092,150091,244,2022
162451,151692,151691,245,2022
162452,150072,150071,245,2022
162461,151942,151941,246,2022
162462,150162,150161,246,2022
162471,152152,152151,247,2022
162472,153052,153051,247,2022
162481,152242,152241,248,2022
162482,151312,151311,248,2022
162491,152322,152321,249,2022
162492,151892,151891,249,2022
162501,152912,152911,250,2022
162502,152202,152201,250,2022
162511,152602,152601,251,2022
162512,152952,152951,251,2022
162531,150082,150081,253,2022
162532,153162,153161,253,2022
162541,150482,150481,254,2022
162542,151892,151891,254,2022
162551,150592,150591,255,2022
162552,153102,153101,255,2022
162561,150602,150601,256,2022
162562,150162,150161,256,2022
162571,150662,150661,257,2022
162572,152032,152031,257,2022
162581,153042,153041,258,2022
162582,150752,150751,258,2022
162591,153242,153241,259,2022
162592,152802,152801,259,2022
162601,150592,150591,260,2022
162602,152962,152961,260,2022
162611,150932,150931,261,2022
162612,150292,150291,261,2022
162621,150992,150991,262,2022
162622,150642,150641,262,2022
162631,151242,151241,263,2022
162632,151252,151251,263,2022
162641,151492,151491,264,2022
162642,153192,153191,264,2022
162671,153252,153251,267,2022
162672,150172,150171,267,2022
162681,150632,150631,268,2022
162682,151072,151071,268,2022
162691,150982,150981,269,2022
162692,152902,152901,269,2022
162701,151182,151181,270,2022
162702,151322,151321,270,2022
162711,151682,151681,271,2022
162712,152392,152391,271,2022
162721,151992,151991,272,2022
162722,152872,152871,272,2022
162731,152822,152821,273,2022
162732,150172,150171,273,2022
162741,151102,151101,274,2022
162742,151152,151151,274,2022
162751,151302,151301,275,2022
162752,151422,151421,275,2022
162781,151932,151931,278,2022
162782,151392,151391,278,2022
162801,152322,152321,280,2022
162802,150672,150671,280,2022
162811,152412,152411,281,2022
162812,150642,150641,281,2022
162821,152822,152821,282,2022
162822,151122,151121,282,2022
162831,152932,152931,283,2022
162832,150942,150941,283,2022
162841,153082,153081,284,2022
162842,151402,151401,284,2022
162851,150952,150951,285,2022
162852,151602,151601,285,2022
162861,151002,151001,286,2022
162862,151102,151101,286,2022
162871,151542,151541,287,2022
162872,150092,150091,287,2022
162881,151892,151891,288,2022
162882,151422,151421,288,2022
162891,151972,151971,289,2022
162892,151702,151701,289,2022
162901,152252,152251,290,2022
162902,152102,152101,290,2022
162911,152312,152311,291,2022
162912,150422,150421,291,2022
162921,152352,152351,292,2022
162922,152532,152531,292,2022
162931,152412,152411,293,2022
162932,151122,151121,293,2022
162941,152802,152801,294,2022
162942,152382,152381,294,2022
162951,153172,153171,295,2022
162952,152552,152551,295,2022
162961,150982,150981,296,2022
162962,150672,150671,296,2022
162971,151992,151991,297,2022
162972,152512,152511,297,2022
162981,151422,151421,298,2022
162982,152072,152071,298,2022
162991,152492,152491,299,2022
162992,152862,152861,299,2022
163001,152642,152641,300,2022
163002,152562,152561,300,2022
163011,152792,152791,301,2022
163012,152812,152811,301,2022
163021,152932,152931,302,2022
163022,152842,152841,302,2022
163031,153172,153171,303,2022
163032,152582,152581,303,2022
163041,153192,153191,304,2022
163042,152372,152371,304,2022
163051,151232,151231,305,2022
163052,152662,152661,305,2022
163061,151062,151061,306,2022
163062,152422,152421,306,2022
163071,151672,151671,307,2022
163072,152662,152661,307,2022
163081,152022,152021,308,2022
163082,151912,151911,308,2022
163091,152262,152261,309,2022
163092,152362,152361,309,2022
163111,152632,152631,311,2022
163112,152782,152781,311,2022
163121,152772,152771,312,2022
163122,152572,152571,312,2022
163131,152822,152821,313,2022
163132,151542,151541,313,2022
163141,153192,153191,314,2022
163142,152582,152581,314,2022
163151,151272,151271,315,2022
163152,153202,153201,315,2022
163161,151292,151291,316,2022
163162,153182,153181,316,2022
163181,151422,151421,318,2022
163182,151642,151641,318,2022
163191,151662,151661,319,2022
163192,152982,152981,319,2022
163201,151772,151771,320,2022
163202,153052,153051,320,2022
163211,151892,151891,321,2022
163212,152072,152071,321,2022
163221,151952,151951,322,2022
163222,153072,153071,322,2022
163231,152262,152261,323,2022
163232,151652,151651,323,2022
163241,152612,152611,324,2022
163242,153102,153101,324,2022
163251,153152,153151,325,2022
163252,153222,153221,325,2022
163261,153172,153171,326,2022
163262,152712,152711,326,2022
163271,151272,151271,327,2022
163272,153212,153211,327,2022
163281,151652,151651,328,2022
163282,152592,152591,328,2022
163291,152002,152001,329,2022
163292,153202,153201,329,2022
163321,152832,152831,332,2022
163322,151642,151641,332,2022
163341,152992,152991,334,2022
163342,152602,152601,334,2022
163351,153162,153161,335,2022
163352,153082,153081,335,2022
163361,151152,151151,336,2022
163362,152132,152131,336,2022
163371,151312,151311,337,2022
163372,152702,152701,337,2022
163391,152282,152281,339,2022
163392,152472,152471,339,2022
163401,152302,152301,340,2022
163402,152432,152431,340,2022
163411,152452,152451,341,2022
163412,152672,152671,341,2022
163421,152672,152671,342,2022
163422,151722,151721,342,2022
163431,152762,152761,343,2022
163432,152082,152081,343,2022
170011,160032,160031,1,2023
170012,160472,160471,1,2023
170021,160062,160061,2,2023
170022,160442,160441,2,2023
170031,160092,160091,3,2023
170032,160542,160541,3,2023
170041,160102,160101,4,2023
170042,161172,161171,4,2023
170051,160142,160141,5,2023
170052,160452,160451,5,2023
170061,160212,160211,6,2023
170062,160372,160371,6,2023
170071,160232,160231,7,2023
170072,161952,161951,7,2023
170081,160292,160291,8,2023
170082,161912,161911,8,2023
170091,160362,160361,9,2023
170092,162192,162191,9,2023
170101,160412,160411,10,2023
170102,161982,161981,10,2023
170111,160472,160471,11,2023
170112,162022,162021,11,2023
170121,160482,160481,12,2023
170122,161882,161881,12,2023
170131,161012,161011,13,2023
170132,161752,161751,13,2023
170141,161222,161221,14,2023
170142,160222,160221,14,2023
170151,161442,161441,15,2023
170152,160182,160181,15,2023
170161,161502,161501,16,2023
170162,161192,161191,16,2023
170171,161532,161531,17,2023
170172,161292,161291,17,2023
170181,161552,161551,18,2023
170182,161282,161281,18,2023
170191,161612,161611,19,2023
170192,161142,161141,19,2023
170201,161862,161861,20,2023
170202,161562,161561,20,2023
170211,161872,161871,21,2023
170212,161832,161831,21,2023
170221,161992,161991,22,2023
170222,160022,160021,22,2023
170231,162002,162001,23,2023
170232,160162,160161,23,2023
170241,162332,162331,24,2023
170242,160122,160121,24,2023
170251,162402,162401,25,2023
170252,161322,161321,25,2023
170261,162432,162431,26,2023
170262,160182,160181,26,2023
170271,160282,160281,27,2023
170272,152862,152861,27,2023
170281,160512,160511,28,2023
170282,153262,153261,28,2023
170291,161202,161201,29,2023
170292,161482,161481,29,2023
170301,161342,161341,30,2023
170302,161272,161271,30,2023
170311,161422,161421,31,2023
170312,161162,161161,31,2023
170321,161662,161661,32,2023
170322,160992,160991,32,2023
170331,161922,161921,33,2023
170332,160962,160961,33,2023
170341,162262,162261,34,2023
170342,160112,160111,34,2023
170351,160292,160291,35,2023
170352,160382,160381,35,2023
170361,160332,160331,36,2023
170362,160092,160091,36,2023
170371,160352,160351,37,2023
170372,160962,160961,37,2023
170381,160412,160411,38,2023
170382,161292,161291,38,2023
170391,161162,161161,39,2023
170392,160052,160051,39,2023
170411,161422,161421,41,2023
170412,160132,160131,41,2023
170421,161512,161511,42,2023
170422,160272,160271,42,2023
170431,161582,161581,43,2023
170432,160442,160441,43,2023
170441,161872,161871,44,2023
170442,160492,160491,44,2023
170451,161922,161921,45,2023
170452,161572,161571,45,2023
170461,160502,160501,46,2023
170462,160312,160311,46,2023
170471,160012,160011,47,2023
170472,161702,161701,47,2023
170481,160042,160041,48,2023
170482,160982,160981,48,2023
170491,160392,160391,49,2023
170492,160862,160861,49,2023
170501,160462,160461,50,2023
170502,162382,162381,50,2023
170511,160552,160551,51,2023
170512,160672,160671,51,2023
170521,161312,161311,52,2023
170522,160662,160661,52,2023
170531,161382,161381,53,2023
170532,160422,160421,53,2023
170541,161402,161401,54,2023
170542,161412,161411,54,2023
170551,161762,161761,55,2023
170552,161852,161851,55,2023
170561,162442,162441,56,2023
170562,161942,161941,56,2023
170571,160352,160351,57,2023
170572,161432,161431,57,2023
170581,160362,160361,58,2023
170582,161822,161821,58,2023
170591,160382,160381,59,2023
170592,161732,161731,59,2023
170601,161252,161251,60,2023
170602,160882,160881,60,2023
170611,161352,161351,61,2023
170612,160872,160871,61,2023
170621,161382,161381,62,2023
170622,160902,160901,62,2023
170631,161562,161561,63,2023
170632,161972,161971,63,2023
170641,161612,161611,64,2023
170642,162902,162901,64,2023
170651,160462,160461,65,2023
170652,160262,160261,65,2023
170661,161242,161241,66,2023
170662,160592,160591,66,2023
170671,161332,161331,67,2023
170672,160672,160671,67,2023
170681,161432,161431,68,2023
170682,160612,160611,68,2023
170691,161762,161761,69,2023
170692,161802,161801,69,2023
170701,161862,161861,70,2023
170702,160632,160631,70,2023
170711,161952,161951,71,2023
170712,161902,161901,71,2023
170721,162112,162111,72,2023
170722,160872,160871,72,2023
170731,162192,162191,73,2023
170732,160302,160301,73,2023
170741,160062,160061,74,2023
170742,162872,162871,74,2023
170751,160952,160951,75,2023
170752,160122,160121,75,2023
170761,160982,160981,76,2023
170762,162392,162391,76,2023
170771,161222,161221,77,2023
170772,160322,160321,77,2023
170781,161372,161371,78,2023
170782,160502,160501,78,2023
170791,161732,161731,79,2023
170792,161452,161451,79,2023
170801,162262,162261,80,2023
170802,161152,161151,80,2023
170811,162382,162381,81,2023
170812,160922,160921,81,2023
170821,162972,162971,82,2023
170822,161982,161981,82,2023
170831,163002,163001,83,2023
170832,161942,161941,83,2023
170841,160332,160331,84,2023
170842,162272,162271,84,2023
170851,160562,160561,85,2023
170852,162892,162891,85,2023
170861,160632,160631,86,2023
170862,160532,160531,86,2023
170871,160792,160791,87,2023
170872,160272,160271,87,2023
170881,160952,160951,88,2023
170882,163002,163001,88,2023
170891,161672,161671,89,2023
170892,162952,162951,89,2023
170901,161892,161891,90,2023
170902,161132,161131,90,2023
170911,162332,162331,91,2023
170912,161602,161601,91,2023
170921,162852,162851,92,2023
170922,161852,161851,92,2023
170931,162952,162951,93,2023
170932,160012,160011,93,2023
170941,160052,160051,94,2023
170942,161472,161471,94,2023
170951,160512,160511,95,2023
170952,162992,162991,95,2023
170961,160562,160561,96,2023
170962,161182,161181,96,2023
170971,160662,160661,97,2023
170972,161052,161051,97,2023
170981,160792,160791,98,2023
170982,161122,161121,98,2023
170991,161692,161691,99,2023
170992,161882,161881,99,2023
171001,161742,161741,100,2023
171002,162892,162891,100,2023
171011,162922,162921,101,2023
171012,160902,160901,101,2023
171021,162932,162931,102,2023
171022,161012,161011,102,2023
171031,160642,160641,103,2023
171032,162112,162111,103,2023
171041,160392,160391,104,2023
171042,161392,161391,104,2023
171051,160702,160701,105,2023
171052,161362,161361,105,2023
171061,160782,160781,106,2023
171062,160042,160041,106,2023
171071,160882,160881,107,2023
171072,161042,161041,107,2023
171081,160942,160941,108,2023
171082,161842,161841,108,2023
171091,161342,161341,109,2023
171092,162912,162911,109,2023
171101,161712,161711,110,2023
171102,162862,162861,110,2023
171111,162852,162851,111,2023
171112,162062,162061,111,2023
171121,162972,162971,112,2023
171122,160102,160101,112,2023
171131,160412,160411,113,2023
171132,NA,NA,113,2023
171141,160242,160241,114,2023
171142,160522,160521,114,2023
171151,160692,160691,115,2023
171152,160842,160841,115,2023
171161,160752,160751,116,2023
171162,162582,162581,116,2023
171171,160772,160771,117,2023
171172,162542,162541,117,2023
171181,160832,160831,118,2023
171182,162552,162551,118,2023
171191,161072,161071,119,2023
171192,162532,162531,119,2023
171211,161062,161061,121,2023
171212,162722,162721,121,2023
171221,160402,160401,122,2023
171222,162502,162501,122,2023
171231,160532,160531,123,2023
171232,162182,162181,123,2023
171241,160702,160701,124,2023
171242,162592,162591,124,2023
171251,161432,161431,125,2023
171252,162462,162461,125,2023
171261,161942,161941,126,2023
171262,160712,160711,126,2023
171271,162002,162001,127,2023
171272,160802,160801,127,2023
171281,162952,162951,128,2023
171282,162472,162471,128,2023
171291,160372,160371,129,2023
171292,160852,160851,129,2023
171301,160612,160611,130,2023
171302,162702,162701,130,2023
171311,160972,160971,131,2023
171312,162922,162921,131,2023
171321,162582,162581,132,2023
171322,162672,162671,132,2023
171331,162622,162621,133,2023
171332,161992,161991,133,2023
171341,162932,162931,134,2023
171342,160822,160821,134,2023
171351,160072,160071,135,2023
171352,162392,162391,135,2023
171361,160742,160741,136,2023
171362,162602,162601,136,2023
171371,160922,160921,137,2023
171372,161632,161631,137,2023
171391,161922,161921,139,2023
171392,161092,161091,139,2023
171411,160082,160081,141,2023
171412,162642,162641,141,2023
171421,161192,161191,142,2023
171422,162552,162551,142,2023
171441,162502,162501,144,2023
171442,162562,162561,144,2023
171451,162672,162671,145,2023
171452,161492,161491,145,2023
171461,160152,160151,146,2023
171462,161462,161461,146,2023
171471,161352,161351,147,2023
171472,162712,162711,147,2023
171491,160292,160291,149,2023
171492,161522,161521,149,2023
171501,160472,160471,150,2023
171502,160932,160931,150,2023
171511,160812,160811,151,2023
171512,163002,163001,151,2023
171531,161892,161891,153,2023
171532,162702,162701,153,2023
171541,162392,162391,154,2023
171542,162472,162471,154,2023
171551,162462,162461,155,2023
171552,160652,160651,155,2023
171561,161502,161501,156,2023
171562,161932,161931,156,2023
171571,162022,162021,157,2023
171572,161912,161911,157,2023
171581,160642,160641,158,2023
171582,163212,163211,158,2023
171591,160712,160711,159,2023
171592,163402,163401,159,2023
171601,162112,162111,160,2023
171602,163412,163411,160,2023
171611,163012,163011,161,2023
171612,163372,163371,161,2023
171621,160692,160691,162,2023
171622,163272,163271,162,2023
171641,160222,160221,164,2023
171642,163412,163411,164,2023
171651,160372,160371,165,2023
171652,163282,163281,165,2023
171661,160522,160521,166,2023
171662,163092,163091,166,2023
171671,160642,160641,167,2023
171672,163322,163321,167,2023
171681,160882,160881,168,2023
171682,163082,163081,168,2023
171691,161172,161171,169,2023
171692,163202,163201,169,2023
171701,161372,161371,170,2023
171702,163232,163231,170,2023
171711,161502,161501,171,2023
171712,NA,NA,171,2023
171721,161572,161571,172,2023
171722,163212,163211,172,2023
171731,161922,161921,173,2023
171732,160242,160241,173,2023
171741,161052,161051,174,2023
171742,163242,163241,174,2023
171751,161832,161831,175,2023
171752,160682,160681,175,2023
171761,163112,163111,176,2023
171762,163342,163341,176,2023
171771,160292,160291,177,2023
171772,163032,163031,177,2023
171781,160472,160471,178,2023
171782,162572,162571,178,2023
171791,160532,160531,179,2023
171792,163072,163071,179,2023
171801,160972,160971,180,2023
171802,162172,162171,180,2023
171811,161402,161401,181,2023
171812,162492,162491,181,2023
171821,161682,161681,182,2023
171822,162692,162691,182,2023
171831,161752,161751,183,2023
171832,163122,163121,183,2023
171841,161942,161941,184,2023
171842,162832,162831,184,2023
171851,162462,162461,185,2023
171852,162322,162321,185,2023
171861,162732,162731,186,2023
171862,162282,162281,186,2023
171871,162822,162821,187,2023
171872,163052,163051,187,2023
171881,163022,163021,188,2023
171882,160992,160991,188,2023
171891,161562,161561,189,2023
171892,162592,162591,189,2023
171901,160582,160581,190,2023
171902,161592,161591,190,2023
171911,160652,160651,191,2023
171912,162682,162681,191,2023
171921,161332,161331,192,2023
171922,161812,161811,192,2023
171931,161402,161401,193,2023
171932,162422,162421,193,2023
171941,161522,161521,194,2023
171942,162092,162091,194,2023
171951,161832,161831,195,2023
171952,161582,161581,195,2023
171961,162172,162171,196,2023
171962,161232,161231,196,2023
171971,162282,162281,197,2023
171972,162632,162631,197,2023
171981,162592,162591,198,2023
171982,161262,161261,198,2023
171991,163082,163081,199,2023
171992,162732,162731,199,2023
172001,163412,163411,200,2023
172002,162012,162011,200,2023
172011,160062,160061,201,2023
172012,162742,162741,201,2023
172021,161152,161151,202,2023
172022,160842,160841,202,2023
172031,161372,161371,203,2023
172032,163422,163421,203,2023
172041,161412,161411,204,2023
172042,161242,161241,204,2023
172051,161692,161691,205,2023
172052,162272,162271,205,2023
172061,161752,161751,206,2023
172062,162402,162401,206,2023
172071,161822,161821,207,2023
172072,162042,162041,207,2023
172081,161842,161841,208,2023
172082,160782,160781,208,2023
172091,162532,162531,209,2023
172092,161132,161131,209,2023
172101,163122,163121,210,2023
172102,161312,161311,210,2023
172111,161762,161761,211,2023
172112,162822,162821,211,2023
172121,161422,161421,212,2023
172122,162672,162671,212,2023
172131,161462,161461,213,2023
172132,162242,162241,213,2023
172141,161472,161471,214,2023
172142,162412,162411,214,2023
172151,161482,161481,215,2023
172152,162152,162151,215,2023
172161,161532,161531,216,2023
172162,162312,162311,216,2023
172171,161662,161661,217,2023
172172,163152,163151,217,2023
172181,161682,161681,218,2023
172182,162102,162101,218,2023
172191,161742,161741,219,2023
172192,163132,163131,219,2023
172201,161962,161961,220,2023
172202,163192,163191,220,2023
172211,162092,162091,221,2023
172212,162422,162421,221,2023
172221,162442,162441,222,2023
172222,162692,162691,222,2023
172231,162722,162721,223,2023
172232,162902,162901,223,2023
172241,163012,163011,224,2023
172242,162322,162321,224,2023
172251,163252,163251,225,2023
172252,162842,162841,225,2023
172261,163432,163431,226,2023
172262,162642,162641,226,2023
172271,161192,161191,227,2023
172272,161672,161671,227,2023
172281,161442,161441,228,2023
172282,162242,162241,228,2023
172291,161512,161511,229,2023
172292,162712,162711,229,2023
172301,161632,161631,230,2023
172302,162102,162101,230,2023
172311,162012,162011,231,2023
172312,163282,163281,231,2023
172321,162042,162041,232,2023
172322,163272,163271,232,2023
172331,162062,162061,233,2023
172332,161362,161361,233,2023
172341,162502,162501,234,2023
172342,163232,163231,234,2023
172351,163082,163081,235,2023
172352,163432,163431,235,2023
172361,161692,161691,236,2023
172362,162872,162871,236,2023
172371,162582,162581,237,2023
172372,163372,163371,237,2023
172381,162722,162721,238,2023
172382,160482,160481,238,2023
172391,161092,161091,239,2023
172392,163092,163091,239,2023
172401,161122,161121,240,2023
172402,162162,162161,240,2023
172411,161142,161141,241,2023
172412,162052,162051,241,2023
172421,161152,161151,242,2023
172422,162032,162031,242,2023
172431,161242,161241,243,2023
172432,162122,162121,243,2023
172451,161872,161871,245,2023
172452,160162,160161,245,2023
172461,161882,161881,246,2023
172462,160422,160421,246,2023
172471,162002,162001,247,2023
172472,162222,162221,247,2023
172481,162012,162011,248,2023
172482,160262,160261,248,2023
172491,162042,162041,249,2023
172492,161072,161071,249,2023
172501,163252,163251,250,2023
172502,161182,161181,250,2023
172511,163412,163411,251,2023
172512,160132,160131,251,2023
172521,161372,161371,252,2023
172522,161272,161271,252,2023
172541,161162,161161,254,2023
172542,161202,161201,254,2023
172551,161172,161171,255,2023
172552,160812,160811,255,2023
172561,161192,161191,256,2023
172562,160802,160801,256,2023
172571,161332,161331,257,2023
172572,161042,161041,257,2023
172581,161362,161361,258,2023
172582,161082,161081,258,2023
172591,161742,161741,259,2023
172592,160752,160751,259,2023
172601,161892,161891,260,2023
172602,162562,162561,260,2023
172611,162192,162191,261,2023
172612,161552,161551,261,2023
172621,162332,162331,262,2023
172622,161602,161601,262,2023
172631,163052,163051,263,2023
172632,161702,161701,263,2023
172641,161512,161511,264,2023
172642,161802,161801,264,2023
172651,161102,161101,265,2023
172652,163062,163061,265,2023
172661,161392,161391,266,2023
172662,162302,162301,266,2023
172671,161492,161491,267,2023
172672,161062,161061,267,2023
172681,161572,161571,268,2023
172682,162452,162451,268,2023
172691,161672,161671,269,2023
172692,160862,160861,269,2023
172701,161962,161961,270,2023
172702,162182,162181,270,2023
172711,162242,162241,271,2023
172712,162602,162601,271,2023
172721,162312,162311,272,2023
172722,162342,162341,272,2023
172731,162322,162321,273,2023
172732,160142,160141,273,2023
172741,162382,162381,274,2023
172742,162032,162031,274,2023
172751,162672,162671,275,2023
172752,162832,162831,275,2023
172761,162702,162701,276,2023
172762,161392,161391,276,2023
172771,162742,162741,277,2023
172772,162682,162681,277,2023
172781,162912,162911,278,2023
172782,163022,163021,278,2023
172791,163112,163111,279,2023
172792,163032,163031,279,2023
172801,163252,163251,280,2023
172802,162432,162431,280,2023
172821,163282,163281,282,2023
172822,163242,163241,282,2023
172831,161202,161201,283,2023
172832,162572,162571,283,2023
172841,161252,161251,284,2023
172842,161992,161991,284,2023
172851,161812,161811,285,2023
172852,162472,162471,285,2023
172861,162002,162001,286,2023
172862,163212,163211,286,2023
172871,162182,162181,287,2023
172872,162902,162901,287,2023
172881,162242,162241,288,2023
172882,162632,162631,288,2023
172891,162282,162281,289,2023
172892,161062,161061,289,2023
172901,162742,162741,290,2023
172902,163072,163071,290,2023
172911,163052,163051,291,2023
172912,163132,163131,291,2023
172921,163122,163121,292,2023
172922,162172,162171,292,2023
172931,163412,163411,293,2023
172932,161122,161121,293,2023
172941,163232,163231,294,2023
172942,163422,163421,294,2023
172951,161822,161821,295,2023
172952,162212,162211,295,2023
172961,161862,161861,296,2023
172962,163162,163161,296,2023
172971,161932,161931,297,2023
172972,161232,161231,297,2023
172981,162022,162021,298,2023
172982,163342,163341,298,2023
172991,162052,162051,299,2023
172992,162162,162161,299,2023
173001,162172,162171,300,2023
173002,162132,162131,300,2023
173011,162302,162301,301,2023
173012,162152,162151,301,2023
173021,162412,162411,302,2023
173022,163362,163361,302,2023
173031,162452,162451,303,2023
173032,162492,162491,303,2023
173041,162512,162511,304,2023
173042,162732,162731,304,2023
173051,162822,162821,305,2023
173052,162272,162271,305,2023
173061,163032,163031,306,2023
173062,162262,162261,306,2023
173071,163272,163271,307,2023
173072,161712,161711,307,2023
173081,161452,161451,308,2023
173082,161802,161801,308,2023
173091,161882,161881,309,2023
173092,163322,163321,309,2023
173101,162152,162151,310,2023
173102,161952,161951,310,2023
173111,162162,162161,311,2023
173112,163072,163071,311,2023
173121,162212,162211,312,2023
173122,161492,161491,312,2023
173131,162342,162341,313,2023
173132,162102,162101,313,2023
173141,162512,162511,314,2023
173142,160982,160981,314,2023
173151,162932,162931,315,2023
173152,162402,162401,315,2023
173161,160772,160771,316,2023
173162,163222,163221,316,2023
173171,162212,162211,317,2023
173172,162612,162611,317,2023
173181,163422,163421,318,2023
173182,162852,162851,318,2023
173191,162952,162951,319,2023
173192,162782,162781,319,2023
173201,162102,162101,320,2023
173202,162672,162671,320,2023
173211,162152,162151,321,2023
173212,162492,162491,321,2023
173221,162212,162211,322,2023
173222,162422,162421,322,2023
173231,162302,162301,323,2023
173232,163242,163241,323,2023
173241,163202,163201,324,2023
173242,163192,163191,324,2023
180011,170032,170031,1,2024
180012,171842,171841,1,2024
180021,170182,170181,2,2024
180022,170422,170421,2,2024
180041,170532,170531,4,2024
180042,170672,170671,4,2024
180051,170592,170591,5,2024
180052,170022,170021,5,2024
180061,170932,170931,6,2024
180062,170142,170141,6,2024
180071,170982,170981,7,2024
180072,170062,170061,7,2024
180081,171102,171101,8,2024
180082,171512,171511,8,2024
180091,171182,171181,9,2024
180092,171792,171791,9,2024
180111,170152,170151,11,2024
180112,170272,170271,11,2024
180121,170172,170171,12,2024
180122,170922,170921,12,2024
180131,170222,170221,13,2024
180132,170382,170381,13,2024
180141,170962,170961,14,2024
180142,170582,170581,14,2024
180151,170012,170011,15,2024
180152,171882,171881,15,2024
180161,170132,170131,16,2024
180162,171692,171691,16,2024
180171,170182,170181,17,2024
180172,171132,171131,17,2024
180181,170422,170421,18,2024
180182,171032,171031,18,2024
180191,170432,170431,19,2024
180192,171092,171091,19,2024
180201,170682,170681,20,2024
180202,170332,170331,20,2024
180211,171012,171011,21,2024
180212,170452,170451,21,2024
180221,171262,171261,22,2024
180222,170442,170441,22,2024
180231,170062,170061,23,2024
180232,170482,170481,23,2024
180241,170132,170131,24,2024
180242,170622,170621,24,2024
180261,170222,170221,26,2024
180262,170712,170711,26,2024
180271,170232,170231,27,2024
180272,171252,171251,27,2024
180281,170262,170261,28,2024
180282,170082,170081,28,2024
180291,170302,170301,29,2024
180292,170122,170121,29,2024
180301,170322,170321,30,2024
180302,170282,170281,30,2024
180311,170442,170441,31,2024
180312,170072,170071,31,2024
180321,170542,170541,32,2024
180322,171602,171601,32,2024
180331,170612,170611,33,2024
180332,171362,171361,33,2024
180341,171022,171021,34,2024
180342,171802,171801,34,2024
180351,171132,171131,35,2024
180352,171562,171561,35,2024
180361,171272,171271,36,2024
180362,170602,170601,36,2024
180371,171332,171331,37,2024
180372,170512,170511,37,2024
180381,172052,172051,38,2024
180382,170692,170691,38,2024
180391,162482,162481,39,2024
180392,170352,170351,39,2024
180401,170112,170111,40,2024
180402,170702,170701,40,2024
180411,170252,170251,41,2024
180412,170502,170501,41,2024
180421,170312,170311,42,2024
180422,170912,170911,42,2024
180431,170372,170371,43,2024
180432,171172,171171,43,2024
180451,170572,170571,45,2024
180452,171352,171351,45,2024
180461,170992,170991,46,2024
180462,170102,170101,46,2024
180471,171072,171071,47,2024
180472,170212,170211,47,2024
180481,171282,171281,48,2024
180482,170192,170191,48,2024
180491,171312,171311,49,2024
180492,170742,170741,49,2024
180501,171342,171341,50,2024
180502,171572,171571,50,2024
180511,171702,171701,51,2024
180512,170292,170291,51,2024
180521,170042,170041,52,2024
180522,171292,171291,52,2024
180531,170052,170051,53,2024
180532,171112,171111,53,2024
180541,170092,170091,54,2024
180542,171052,171051,54,2024
180551,170342,170341,55,2024
180552,171582,171581,55,2024
180561,170412,170411,56,2024
180562,171612,171611,56,2024
180571,170462,170461,57,2024
180572,170802,170801,57,2024
180581,170832,170831,58,2024
180582,170842,170841,58,2024
180591,170952,170951,59,2024
180592,170722,170721,59,2024
180601,171002,171001,60,2024
180602,171982,171981,60,2024
180611,171082,171081,61,2024
180612,172002,172001,61,2024
180621,171152,171151,62,2024
180622,170472,170471,62,2024
180631,171222,171221,63,2024
180632,171122,171121,63,2024
180641,170202,170201,64,2024
180642,171422,171421,64,2024
180651,170242,170241,65,2024
180652,170882,170881,65,2024
180661,170362,170361,66,2024
180662,170852,170851,66,2024
180671,170562,170561,67,2024
180672,170392,170391,67,2024
180681,171242,171241,68,2024
180682,171872,171871,68,2024
180691,170552,170551,69,2024
180692,171852,171851,69,2024
180701,171072,171071,70,2024
180702,170652,170651,70,2024
180711,171122,171121,71,2024
180712,170642,170641,71,2024
180721,162482,162481,72,2024
180722,171132,171131,72,2024
180741,170862,170861,74,2024
180742,170972,170971,74,2024
180751,171232,171231,75,2024
180752,170522,170521,75,2024
180761,171812,171811,76,2024
180762,170662,170661,76,2024
180771,170032,170031,77,2024
180772,170162,170161,77,2024
180781,170042,170041,78,2024
180782,171192,171191,78,2024
180791,170052,170051,79,2024
180792,171462,171461,79,2024
180811,170852,170851,81,2024
180812,171962,171961,81,2024
180821,170882,170881,82,2024
180822,171392,171391,82,2024
180831,170982,170981,83,2024
180832,171372,171371,83,2024
180841,170992,170991,84,2024
180842,170822,170821,84,2024
180861,170082,170081,86,2024
180862,172522,172521,86,2024
180881,170312,170311,88,2024
180882,172232,172231,88,2024
180891,170392,170391,89,2024
180892,172222,172221,89,2024
180901,170412,170411,90,2024
180902,172202,172201,90,2024
180911,170492,170491,91,2024
180912,171552,171551,91,2024
180921,170522,170521,92,2024
180922,171302,171301,92,2024
180931,170752,170751,93,2024
180932,171062,171061,93,2024
180941,170862,170861,94,2024
180942,171862,171861,94,2024
180951,172092,172091,95,2024
180952,171782,171781,95,2024
180961,172602,172601,96,2024
180962,172032,172031,96,2024
180971,170012,170011,97,2024
180972,171322,171321,97,2024
180981,170252,170251,98,2024
180982,171652,171651,98,2024
180991,170292,170291,99,2024
180992,171712,171711,99,2024
181001,170492,170491,100,2024
181002,171442,171441,100,2024
181011,170702,170701,101,2024
181012,171762,171761,101,2024
181021,170712,170711,102,2024
181022,171492,171491,102,2024
181031,170822,170821,103,2024
181032,171642,171641,103,2024
181041,170842,170841,104,2024
181042,172192,172191,104,2024
181051,171392,171391,105,2024
181052,172342,172341,105,2024
181071,172712,172711,107,2024
181072,172742,172741,107,2024
181081,172762,172761,108,2024
181082,171892,171891,108,2024
181091,170762,170761,109,2024
181092,171942,171941,109,2024
181101,170792,170791,110,2024
181102,171732,171731,110,2024
181121,172632,172631,112,2024
181122,172362,172361,112,2024
181131,172652,172651,113,2024
181132,172802,172801,113,2024
181141,172842,172841,114,2024
181142,171772,171771,114,2024
181151,170092,170091,115,2024
181152,172112,172111,115,2024
181171,170352,170351,117,2024
181172,172732,172731,117,2024
181181,170472,170471,118,2024
181182,170782,170781,118,2024
181201,170692,170691,120,2024
181202,172282,172281,120,2024
181211,170742,170741,121,2024
181212,172332,172331,121,2024
181221,170792,170791,122,2024
181222,172312,172311,122,2024
181231,170802,170801,123,2024
181232,172282,172281,123,2024
181241,170872,170871,124,2024
181242,172392,172391,124,2024
181251,171022,171021,125,2024
181252,171992,171991,125,2024
181271,172602,172601,127,2024
181272,173012,173011,127,2024
181281,170072,170071,128,2024
181282,162142,162141,128,2024
181301,170632,170631,130,2024
181302,172272,172271,130,2024
181321,170672,170671,132,2024
181322,173022,173021,132,2024
181331,170782,170781,133,2024
181332,170772,170771,133,2024
181341,170812,170811,134,2024
181342,172432,172431,134,2024
181371,172562,172561,137,2024
181372,173002,173001,137,2024
181401,170102,170101,140,2024
181402,170762,170761,140,2024
181411,170142,170141,141,2024
181412,172932,172931,141,2024
181421,170192,170191,142,2024
181422,173042,173041,142,2024
181431,170232,170231,143,2024
181432,173052,173051,143,2024
181451,170502,170501,145,2024
181452,170952,170951,145,2024
181461,170562,170561,146,2024
181462,170982,170981,146,2024
181471,170632,170631,147,2024
181472,170862,170861,147,2024
181481,170992,170991,148,2024
181482,173072,173071,148,2024
181491,170842,170841,149,2024
181492,172302,172301,149,2024
181501,170172,170171,150,2024
181502,171722,171721,150,2024
181511,170212,170211,151,2024
181512,172482,172481,151,2024
181521,170452,170451,152,2024
181522,172132,172131,152,2024
181531,170642,170641,153,2024
181532,173132,173131,153,2024
181541,170832,170831,154,2024
181542,173192,173191,154,2024
181551,171702,171701,155,2024
181552,173102,173101,155,2024
181561,171872,171871,156,2024
181562,172922,172921,156,2024
181571,172092,172091,157,2024
181572,170732,170731,157,2024
181581,172802,172801,158,2024
181582,172262,172261,158,2024
181591,170162,170161,159,2024
181592,171412,171411,159,2024
181601,170812,170811,160,2024
181602,172022,172021,160,2024
181611,170872,170871,161,2024
181612,170892,170891,161,2024
181621,170912,170911,162,2024
181622,172182,172181,162,2024
181631,171182,171181,163,2024
181632,173122,173121,163,2024
181641,172372,172371,164,2024
181642,172322,172321,164,2024
181651,172462,172461,165,2024
181652,172122,172121,165,2024
181661,172482,172481,166,2024
181662,171902,171901,166,2024
181671,172682,172681,167,2024
181672,171212,171211,167,2024
181681,172712,172711,168,2024
181682,173242,173241,168,2024
181691,172722,172721,169,2024
181692,173142,173141,169,2024
181711,173192,173191,171,2024
181712,172592,172591,171,2024
181721,170012,170011,172,2024
181722,173232,173231,172,2024
181731,170662,170661,173,2024
181732,172912,172911,173,2024
181741,170922,170921,174,2024
181742,172622,172621,174,2024
181751,170962,170961,175,2024
181752,172512,172511,175,2024
181761,171032,171031,176,2024
181762,172502,172501,176,2024
181771,171502,171501,177,2024
181772,172612,172611,177,2024
181781,171572,171571,178,2024
181782,172902,172901,178,2024
181791,172472,172471,179,2024
181792,173032,173031,179,2024
181801,172842,172841,180,2024
181802,172552,172551,180,2024
181811,170332,170331,181,2024
181812,171682,171681,181,2024
181821,170722,170721,182,2024
181822,171622,171621,182,2024
181841,170952,170951,184,2024
181842,171952,171951,184,2024
181851,172832,172831,185,2024
181852,172242,172241,185,2024
181861,172842,172841,186,2024
181862,171922,171921,186,2024
181871,172902,172901,187,2024
181872,172822,172821,187,2024
181881,172972,172971,188,2024
181882,172692,172691,188,2024
181891,173002,173001,189,2024
181892,172782,172781,189,2024
181901,173142,173141,190,2024
181902,172792,172791,190,2024
181911,173182,173181,191,2024
181912,172642,172641,191,2024
181921,170772,170771,192,2024
181922,172772,172771,192,2024
181931,171102,171101,193,2024
181932,172352,172351,193,2024
181941,171782,171781,194,2024
181942,172752,172751,194,2024
181951,171812,171811,195,2024
181952,172042,172041,195,2024
181961,172022,172021,196,2024
181962,172852,172851,196,2024
181971,172072,172071,197,2024
181972,172862,172861,197,2024
181981,172392,172391,198,2024
181982,172672,172671,198,2024
181991,172872,172871,199,2024
181992,172942,172941,199,2024
182001,173112,173111,200,2024
182002,172892,172891,200,2024
182011,170482,170481,201,2024
182012,172542,172541,201,2024
182021,170532,170531,202,2024
182022,171472,171471,202,2024
182031,170572,170571,203,2024
182032,172402,172401,203,2024
182041,170612,170611,204,2024
182042,171042,171041,204,2024
182051,171292,171291,205,2024
182052,172962,172961,205,2024
182061,171332,171331,206,2024
182062,173062,173061,206,2024
182071,171692,171691,207,2024
182072,172952,172951,207,2024
182081,171802,171801,208,2024
182082,173202,173201,208,2024
182091,172382,172381,209,2024
182092,173152,173151,209,2024
182101,172732,172731,210,2024
182102,173162,173161,210,2024
182121,172892,172891,212,2024
182122,170282,170281,212,2024
182131,173172,173171,213,2024
182132,170022,170021,213,2024
182141,170582,170581,214,2024
182142,173172,173171,214,2024
182151,171222,171221,215,2024
182152,173072,173071,215,2024
182161,171912,171911,216,2024
182162,173102,173101,216,2024
182171,172352,172351,217,2024
182172,173132,173131,217,2024
182181,172432,172431,218,2024
182182,172942,172941,218,2024
182191,172912,172911,219,2024
182192,172962,172961,219,2024
182201,173242,173241,220,2024
182202,172512,172511,220,2024
182211,173112,173111,221,2024
182212,170272,170271,221,2024
182221,170542,170541,222,2024
182222,171592,171591,222,2024
182241,170682,170681,224,2024
182242,172252,172251,224,2024
182251,170732,170731,225,2024
182252,171822,171821,225,2024
182261,171012,171011,226,2024
182262,171972,171971,226,2024
182271,171172,171171,227,2024
182272,172492,172491,227,2024
182281,171762,171761,228,2024
182282,173212,173211,228,2024
182291,172372,172371,229,2024
182292,171312,171311,229,2024
182301,172382,172381,230,2024
182302,170202,170201,230,2024
182311,172612,172611,231,2024
182312,171362,171361,231,2024
182321,170042,170041,232,2024
182322,172182,172181,232,2024
182331,170752,170751,233,2024
182332,172122,172121,233,2024
182341,170852,170851,234,2024
182342,171892,171891,234,2024
182351,170872,170871,235,2024
182352,171962,171961,235,2024
182361,170882,170881,236,2024
182362,172072,172071,236,2024
182371,170912,170911,237,2024
182372,172932,172931,237,2024
182381,170932,170931,238,2024
182382,172922,172921,238,2024
182391,170962,170961,239,2024
182392,173052,173051,239,2024
182401,171352,171351,240,2024
182402,172972,172971,240,2024
182411,172232,172231,241,2024
182412,172342,172341,241,2024
182421,172472,172471,242,2024
182422,171192,171191,242,2024
182431,172952,172951,243,2024
182432,171152,171151,243,2024
182451,170432,170431,245,2024
182452,171142,171141,245,2024
182461,170972,170971,246,2024
182462,170902,170901,246,2024
182471,171002,171001,247,2024
182472,172152,172151,247,2024
182481,171492,171491,248,2024
182482,170112,170111,248,2024
182491,171592,171591,249,2024
182492,170322,170321,249,2024
182501,171612,171611,250,2024
182502,171212,171211,250,2024
182511,171742,171741,251,2024
182512,172522,172521,251,2024
182521,171912,171911,252,2024
182522,172462,172461,252,2024
182531,171932,171931,253,2024
182532,172112,172111,253,2024
182541,171942,171941,254,2024
182542,172132,172131,254,2024
182551,172142,172141,255,2024
182552,171992,171991,255,2024
182571,170362,170361,257,2024
182572,172872,172871,257,2024
182581,170502,170501,258,2024
182582,172172,172171,258,2024
182591,171412,171411,259,2024
182592,172632,172631,259,2024
182601,171652,171651,260,2024
182602,173192,173191,260,2024
182611,171792,171791,261,2024
182612,173202,173201,261,2024
182631,172222,172221,263,2024
182632,172692,172691,263,2024
182641,172592,172591,264,2024
182642,172202,172201,264,2024
182651,172622,172621,265,2024
182652,171982,171981,265,2024
182661,172682,172681,266,2024
182662,171852,171851,266,2024
182671,171592,171591,267,2024
182672,171972,171971,267,2024
182681,173242,173241,268,2024
182682,172362,172361,268,2024
182691,170592,170591,269,2024
182692,172882,172881,269,2024
182701,171142,171141,270,2024
182702,172312,172311,270,2024
182711,171442,171441,271,2024
182712,172862,172861,271,2024
182721,171502,171501,272,2024
182722,170122,170121,272,2024
182731,171512,171511,273,2024
182732,172562,172561,273,2024
182741,171812,171811,274,2024
182742,171552,171551,274,2024
182761,172012,172011,276,2024
182762,172272,172271,276,2024
182771,172602,172601,277,2024
182772,172242,172241,277,2024
182791,172432,172431,279,2024
182792,171582,171581,279,2024
182801,171832,171831,280,2024
182802,170462,170461,280,2024
182811,173202,173201,281,2024
182812,171242,171241,281,2024
182821,171462,171461,282,2024
182822,170902,170901,282,2024
182831,171602,171601,283,2024
182832,172042,172041,283,2024
182841,171772,171771,284,2024
182842,171842,171841,284,2024
182851,172042,172041,285,2024
182852,172742,172741,285,2024
182861,172152,172151,286,2024
182862,170152,170151,286,2024
182871,172772,172771,287,2024
182872,171052,171051,287,2024
182881,170342,170341,288,2024
182882,170512,170511,288,2024
182891,171692,171691,289,2024
182892,172722,172721,289,2024
182901,172932,172931,290,2024
182902,171862,171861,290,2024
182911,172162,172161,291,2024
182912,172452,172451,291,2024
182921,170552,170551,292,2024
182922,172582,172581,292,2024
182931,171092,171091,293,2024
182932,172032,172031,293,2024
182941,171422,171421,294,2024
182942,172052,172051,294,2024
182951,171472,171471,295,2024
182952,172062,172061,295,2024
182961,171622,171621,296,2024
182962,171282,171281,296,2024
182971,171952,171951,297,2024
182972,171662,171661,297,2024
182981,172142,172141,298,2024
182982,173082,173081,298,2024
182991,172172,172171,299,2024
182992,171342,171341,299,2024
183001,172402,172401,300,2024
183002,171562,171561,300,2024
183011,172832,172831,301,2024
183012,171252,171251,301,2024
183021,173122,173121,302,2024
183022,172822,172821,302,2024
183031,170372,170371,303,2024
183032,173232,173231,303,2024
183041,171162,171161,304,2024
183042,173062,173061,304,2024
183051,171702,171701,305,2024
183052,173212,173211,305,2024
183061,171752,171751,306,2024
183062,171882,171881,306,2024
183071,172012,172011,307,2024
183072,172542,172541,307,2024
183081,172152,172151,308,2024
183082,170382,170381,308,2024
183091,172172,172171,309,2024
183092,172002,172001,309,2024
183101,172322,172321,310,2024
183102,172502,172501,310,2024
183111,172492,172491,311,2024
183112,170622,170621,311,2024
183131,170562,170561,313,2024
183132,172062,172061,313,2024
183141,171542,171541,314,2024
183142,172302,172301,314,2024
183151,171662,171661,315,2024
183152,172332,172331,315,2024
183161,171892,171891,316,2024
183162,172192,172191,316,2024
183171,172162,172161,317,2024
183172,172652,172651,317,2024
183181,172672,172671,318,2024
183182,171582,171581,318,2024
183191,172722,172721,319,2024
183192,170602,170601,319,2024
183211,173082,173081,321,2024
183212,171702,171701,321,2024
183221,172542,172541,322,2024
183222,NA,NA,322,2024
183231,171442,171441,323,2024
183232,162942,162941,323,2024
183241,171782,171781,324,2024
183242,172462,172461,324,2024
183271,171992,171991,327,2024
183272,171232,171231,327,2024
183291,172562,172561,329,2024
183292,173002,173001,329,2024
183301,172592,172591,330,2024
183302,173212,173211,330,2024
183311,172712,172711,331,2024
183312,172102,172101,331,2024
183321,171122,171121,332,2024
183322,172342,172341,332,2024
183331,171142,171141,333,2024
183332,173172,173171,333,2024
183351,171842,171841,335,2024
183352,173102,173101,335,2024
183361,172032,172031,336,2024
183362,173232,173231,336,2024
183371,172072,172071,337,2024
183372,173172,173171,337,2024
183381,172092,172091,338,2024
183382,170832,170831,338,2024
183391,172522,172521,339,2024
183392,173072,173071,339,2024
183401,172682,172681,340,2024
183402,171012,171011,340,2024
183411,172872,172871,341,2024
183412,173132,173131,341,2024
183421,173062,173061,342,2024
183422,172642,172641,342,2024
183431,171502,171501,343,2024
183432,172002,172001,343,2024
183441,171542,171541,344,2024
183442,172802,172801,344,2024
183461,172402,172401,346,2024
183462,170532,170531,346,2024
183471,172502,172501,347,2024
183472,172622,172621,347,2024
190011,180162,180161,1,2025
190012,180412,180411,1,2025
190021,180202,180201,2,2025
190022,180952,180951,2,2025
190031,180272,180271,3,2025
190032,180292,180291,3,2025
190041,180312,180311,4,2025
190042,180352,180351,4,2025
190051,180322,180321,5,2025
190052,180172,180171,5,2025
190061,180482,180481,6,2025
190062,181822,181821,6,2025
190071,180592,180591,7,2025
190072,181032,181031,7,2025
190081,180702,180701,8,2025
190082,181572,181571,8,2025
190091,181172,181171,9,2025
190092,180842,180841,9,2025
190111,181952,181951,11,2025
190112,181272,181271,11,2025
190121,181982,181981,12,2025
190122,181542,181541,12,2025
190131,181992,181991,13,2025
190132,180392,180391,13,2025
190151,182122,182121,15,2025
190152,181892,181891,15,2025
190161,180232,180231,16,2025
190162,180722,180721,16,2025
190171,180272,180271,17,2025
190172,180992,180991,17,2025
190181,180312,180311,18,2025
190182,181462,181461,18,2025
190191,180422,180421,19,2025
190192,180762,180761,19,2025
190201,180682,180681,20,2025
190202,181072,181071,20,2025
190211,180742,180741,21,2025
190212,180302,180301,21,2025
190221,181862,181861,22,2025
190222,182052,182051,22,2025
190241,180902,180901,24,2025
190242,180082,180081,24,2025
190261,181532,181531,26,2025
190262,180622,180621,26,2025
190271,180202,180201,27,2025
190272,180672,180671,27,2025
190281,180422,180421,28,2025
190282,182312,182311,28,2025
190291,180572,180571,29,2025
190292,180892,180891,29,2025
190311,180562,180561,31,2025
190312,180502,180501,31,2025
190321,181922,181921,32,2025
190322,180602,180601,32,2025
190331,180192,180191,33,2025
190332,180542,180541,33,2025
190341,180632,180631,34,2025
190342,180832,180831,34,2025
190351,181232,181231,35,2025
190352,180512,180511,35,2025
190361,181302,181301,36,2025
190362,180342,180341,36,2025
190371,180022,180021,37,2025
190372,180642,180641,37,2025
190381,180082,180081,38,2025
190382,180222,180221,38,2025
190391,180132,180131,39,2025
190392,181682,181681,39,2025
190401,180172,180171,40,2025
190402,180472,180471,40,2025
190411,180232,180231,41,2025
190412,180962,180961,41,2025
190421,180242,180241,42,2025
190422,181762,181761,42,2025
190431,180282,180281,43,2025
190432,181972,181971,43,2025
190441,180482,180481,44,2025
190442,181692,181691,44,2025
190451,181232,181231,45,2025
190452,181792,181791,45,2025
190501,180152,180151,50,2025
190502,180652,180651,50,2025
190521,180072,180071,52,2025
190522,180582,180581,52,2025
190531,180132,180131,53,2025
190532,181512,181511,53,2025
190541,181932,181931,54,2025
190542,172102,172101,54,2025
190551,180742,180741,55,2025
190552,180042,180041,55,2025
190561,180022,180021,56,2025
190562,182302,182301,56,2025
190571,180072,180071,57,2025
190572,181592,181591,57,2025
190581,180132,180131,58,2025
190582,180912,180911,58,2025
190591,180282,180281,59,2025
190592,181332,181331,59,2025
190601,180322,180321,60,2025
190602,180262,180261,60,2025
190611,180362,180361,61,2025
190612,180822,180821,61,2025
190621,180392,180391,62,2025
190622,181622,181621,62,2025
190631,180422,180421,63,2025
190632,181012,181011,63,2025
190641,180432,180431,64,2025
190642,181552,181551,64,2025
190651,180502,180501,65,2025
190652,180372,180371,65,2025
190661,180552,180551,66,2025
190662,180692,180691,66,2025
190671,180562,180561,67,2025
190672,181202,181201,67,2025
190691,180592,180591,69,2025
190692,180792,180791,69,2025
190701,180602,180601,70,2025
190702,182292,182291,70,2025
190711,180612,180611,71,2025
190712,182082,182081,71,2025
190721,180672,180671,72,2025
190722,181402,181401,72,2025
190761,180922,180921,76,2025
190762,180862,180861,76,2025
190771,181002,181001,77,2025
190772,181212,181211,77,2025
190781,181042,181041,78,2025
190782,180462,180461,78,2025
190791,181092,181091,79,2025
190792,181252,181251,79,2025
190801,181492,181491,80,2025
190802,181502,181501,80,2025
190811,182072,182071,81,2025
190812,180982,180981,81,2025
190821,180242,180241,82,2025
190822,181472,181471,82,2025
190831,180122,180121,83,2025
190832,182002,182001,83,2025
190841,181482,181481,84,2025
190842,181182,181181,84,2025
190861,181022,181021,86,2025
190862,172422,172421,86,2025
190871,181142,181141,87,2025
190872,181242,181241,87,2025
190881,181202,181201,88,2025
190882,180052,180051,88,2025
190891,181222,181221,89,2025
190892,180882,180881,89,2025
190901,181422,181421,90,2025
190902,182212,182211,90,2025
190911,182132,182131,91,2025
190912,180332,180331,91,2025
190921,180722,180721,92,2025
190922,180062,180061,92,2025
190931,180352,180351,93,2025
190932,180402,180401,93,2025
190941,180412,180411,94,2025
190942,181732,181731,94,2025
190951,180302,180301,95,2025
190952,181662,181661,95,2025
190961,181972,181971,96,2025
190962,181742,181741,96,2025
190971,180062,180061,97,2025
190972,180522,180521,97,2025
190981,180092,180091,98,2025
190982,181962,181961,98,2025
190991,180262,180261,99,2025
190992,181412,181411,99,2025
191001,180292,180291,100,2025
191002,180752,180751,100,2025
191011,180372,180371,101,2025
191012,180942,180941,101,2025
191021,180452,180451,102,2025
191022,181322,181321,102,2025
191031,180512,180511,103,2025
191032,181652,181651,103,2025
191041,180552,180551,104,2025
191042,180142,180141,104,2025
191061,181762,181761,106,2025
191062,181082,181081,106,2025
191071,181982,181981,107,2025
191072,181602,181601,107,2025
191081,182182,182181,108,2025
191082,180182,180181,108,2025
191091,180152,180151,109,2025
191092,180812,180811,109,2025
191101,180122,180121,110,2025
191102,180712,180711,110,2025
191111,180342,180341,111,2025
191112,181852,181851,111,2025
191121,180412,180411,112,2025
191122,180782,180781,112,2025
191131,180432,180431,113,2025
191132,181672,181671,113,2025
191141,180382,180381,114,2025
191142,181782,181781,114,2025
191161,180472,180471,116,2025
191162,181122,181121,116,2025
191181,181452,181451,118,2025
191182,180012,180011,118,2025
191191,180072,180071,119,2025
191192,180992,180991,119,2025
191201,180302,180301,120,2025
191202,181132,181131,120,2025
191211,180482,180481,121,2025
191212,180112,180111,121,2025
191221,180542,180541,122,2025
191222,181942,181941,122,2025
191231,180592,180591,123,2025
191232,180862,180861,123,2025
191241,181882,181881,124,2025
191242,181722,181721,124,2025
191251,181482,181481,125,2025
191252,181342,181341,125,2025
191261,180552,180551,126,2025
191262,180922,180921,126,2025
191271,180062,180061,127,2025
191272,181072,181071,127,2025
191281,180242,180241,128,2025
191282,181992,181991,128,2025
191291,180202,180201,129,2025
191292,181792,181791,129,2025
191301,180282,180281,130,2025
191302,181952,181951,130,2025
191311,180342,180341,131,2025
191312,181302,181301,131,2025
191321,180372,180371,132,2025
191322,180652,180651,132,2025
191331,180362,180361,133,2025
191332,180112,180111,133,2025
191341,180902,180901,134,2025
191342,181032,181031,134,2025
191351,181152,181151,135,2025
191352,180582,180581,135,2025
191361,181142,181141,136,2025
191362,181132,181131,136,2025
191371,181232,181231,137,2025
191372,181542,181541,137,2025
191381,180182,180181,138,2025
191382,181022,181021,138,2025
191391,180232,180231,139,2025
191392,180642,180641,139,2025
191401,180192,180191,140,2025
191402,180762,180761,140,2025
191411,180352,180351,141,2025
191412,180822,180821,141,2025
191421,180402,180401,142,2025
191422,182082,182081,142,2025
191431,180602,180601,143,2025
191432,181922,181921,143,2025
191441,181572,181571,144,2025
191442,180222,180221,144,2025
191451,180152,180151,145,2025
191452,182002,182001,145,2025
191471,180572,180571,147,2025
191472,181642,181641,147,2025
191481,180682,180681,148,2025
191482,180932,180931,148,2025
191491,180892,180891,149,2025
191492,181772,181771,149,2025
191501,181272,181271,150,2025
191502,180972,180971,150,2025
191511,181692,181691,151,2025
191512,181432,181431,151,2025
191521,180402,180401,152,2025
191522,180842,180841,152,2025
191551,180302,180301,155,2025
191552,181052,181051,155,2025
191561,180432,180431,156,2025
191562,181582,181581,156,2025
191571,181452,181451,157,2025
191572,181472,181471,157,2025
191581,181732,181731,158,2025
191582,180162,180161,158,2025
191591,180192,180191,159,2025
191592,182382,182381,159,2025
191601,182082,182081,160,2025
191602,182472,182471,160,2025
191611,182412,182411,161,2025
191612,182422,182421,161,2025
191621,182542,182541,162,2025
191622,182522,182521,162,2025
191631,182582,182581,163,2025
191632,182402,182401,163,2025
191641,182612,182611,164,2025
191642,182492,182491,164,2025
191651,180962,180961,165,2025
191652,182682,182681,165,2025
191661,181072,181071,166,2025
191662,182532,182531,166,2025
191671,180312,180311,167,2025
191672,182462,182461,167,2025
191681,180632,180631,168,2025
191682,182352,182351,168,2025
191691,180952,180951,169,2025
191692,182392,182391,169,2025
191701,181342,181341,170,2025
191702,182432,182431,170,2025
191711,180282,180281,171,2025
191712,182652,182651,171,2025
191721,182612,182611,172,2025
191722,182362,182361,172,2025
191731,180092,180091,173,2025
191732,182812,182811,173,2025
191741,180882,180881,174,2025
191742,182452,182451,174,2025
191751,181002,181001,175,2025
191752,182252,182251,175,2025
191771,181462,181461,177,2025
191772,182862,182861,177,2025
191781,182362,182361,178,2025
191782,183182,183181,178,2025
191801,182412,182411,180,2025
191802,182692,182691,180,2025
191811,182652,182651,181,2025
191812,182732,182731,181,2025
191821,182832,182831,182,2025
191822,183002,183001,182,2025
191831,182842,182841,183,2025
191832,183032,183031,183,2025
191841,182872,182871,184,2025
191842,182802,182801,184,2025
191851,182882,182881,185,2025
191852,182792,182791,185,2025
191861,182902,182901,186,2025
191862,183372,183371,186,2025
191871,182992,182991,187,2025
191872,182602,182601,187,2025
191881,180162,180161,188,2025
191882,183062,183061,188,2025
191901,180292,180291,190,2025
191902,182962,182961,190,2025
191911,180562,180561,191,2025
191912,183162,183161,191,2025
191921,180762,180761,192,2025
191922,183082,183081,192,2025
191931,180822,180821,193,2025
191932,182502,182501,193,2025
191941,180832,180831,194,2025
191942,183322,183321,194,2025
191951,180922,180921,195,2025
191952,183242,183241,195,2025
191961,181332,181331,196,2025
191962,183152,183151,196,2025
191971,182362,182361,197,2025
191972,182482,182481,197,2025
191991,182612,182611,199,2025
191992,182972,182971,199,2025
192001,182702,182701,200,2025
192002,182712,182711,200,2025
192011,182882,182881,201,2025
192012,182662,182661,201,2025
192021,183212,183211,202,2025
192022,182822,182821,202,2025
192031,182812,182811,203,2025
192032,183022,183021,203,2025
192041,183072,183071,204,2025
192042,182742,182741,204,2025
192051,183242,183241,205,2025
192052,183172,183171,205,2025
192061,180792,180791,206,2025
192062,182792,182791,206,2025
192071,180192,180191,207,2025
192072,182582,182581,207,2025
192081,180062,180061,208,2025
192082,182472,182471,208,2025
192091,180042,180041,209,2025
192092,181662,181661,209,2025
192101,180382,180381,210,2025
192102,182552,182551,210,2025
192121,182122,182121,212,2025
192122,183462,183461,212,2025
192131,182362,182361,213,2025
192132,183182,183181,213,2025
192141,182512,182511,214,2025
192142,180462,180461,214,2025
192151,182762,182761,215,2025
192152,182372,182371,215,2025
192161,182912,182911,216,2025
192162,180622,180621,216,2025
192171,182982,182981,217,2025
192172,183042,183041,217,2025
192181,183192,183191,218,2025
192182,183472,183471,218,2025
192191,181142,181141,219,2025
192192,180772,180771,219,2025
192201,181172,181171,220,2025
192202,183402,183401,220,2025
192211,181242,181241,221,2025
192212,183352,183351,221,2025
192221,181272,181271,222,2025
192222,183412,183411,222,2025
192231,180672,180671,223,2025
192232,183422,183421,223,2025
192241,181872,181871,224,2025
192242,181612,181611,224,2025
192251,181922,181921,225,2025
192252,181582,181581,225,2025
192271,182182,182181,227,2025
192272,181802,181801,227,2025
192281,180962,180961,228,2025
192282,181632,181631,228,2025
192291,180992,180991,229,2025
192292,183432,183431,229,2025
192301,181482,181481,230,2025
192302,183222,183221,230,2025
192311,181432,181431,231,2025
192312,181752,181751,231,2025
192321,180182,180181,232,2025
192322,182372,182371,232,2025
192331,180782,180781,233,2025
192332,182212,182211,233,2025
192341,181202,181201,234,2025
192342,181122,181121,234,2025
192351,181342,181341,235,2025
192352,183462,183461,235,2025
192361,181542,181541,236,2025
192362,181042,181041,236,2025
192371,181622,181621,237,2025
192372,182712,182711,237,2025
192401,182012,182011,240,2025
192402,183012,183011,240,2025
192411,182022,182021,241,2025
192412,182842,182841,241,2025
192421,182122,182121,242,2025
192422,182382,182381,242,2025
192431,182252,182251,243,2025
192432,181682,181681,243,2025
192441,182272,182271,244,2025
192442,183382,183381,244,2025
192451,182402,182401,245,2025
192452,182992,182991,245,2025
192461,182812,182811,246,2025
192462,181642,181641,246,2025
192471,183222,183221,247,2025
192472,182932,182931,247,2025
192481,180682,180681,248,2025
192482,182032,182031,248,2025
192491,180892,180891,249,2025
192492,182342,182341,249,2025
192501,180952,180951,250,2025
192502,182522,182521,250,2025
192511,181002,181001,251,2025
192512,183212,183211,251,2025
192521,181032,181031,252,2025
192522,181582,181581,252,2025
192531,181122,181121,253,2025
192532,182352,182351,253,2025
192541,181502,181501,254,2025
192542,180712,180711,254,2025
192551,181712,181711,255,2025
192552,180982,180981,255,2025
192561,181852,181851,256,2025
192562,182282,182281,256,2025
192571,182062,182061,257,2025
192572,182162,182161,257,2025
192581,182092,182091,258,2025
192582,182832,182831,258,2025
192591,182172,182171,259,2025
192592,181902,181901,259,2025
192601,182192,182191,260,2025
192602,182142,182141,260,2025
192611,182202,182201,261,2025
192612,182152,182151,261,2025
192621,182272,182271,262,2025
192622,181722,181721,262,2025
192631,182422,182421,263,2025
192632,182902,182901,263,2025
192641,180812,180811,264,2025
192642,183042,183041,264,2025
192651,181092,181091,265,2025
192652,182762,182761,265,2025
192661,181252,181251,266,2025
192662,181902,181901,266,2025
192671,181452,181451,267,2025
192672,183412,183411,267,2025
192681,181692,181691,268,2025
192682,180112,180111,268,2025
192701,181872,181871,270,2025
192702,180452,180451,270,2025
192711,181972,181971,271,2025
192712,183022,183021,271,2025
192721,181982,181981,272,2025
192722,182662,182661,272,2025
192731,182002,182001,273,2025
192732,181182,181181,273,2025
192741,182012,182011,274,2025
192742,183182,183181,274,2025
192751,182022,182021,275,2025
192752,181512,181511,275,2025
192761,182072,182071,276,2025
192762,182042,182041,276,2025
192771,182092,182091,277,2025
192772,181412,181411,277,2025
192781,182192,182191,278,2025
192782,182872,182871,278,2025
192791,182272,182271,279,2025
192792,182322,182321,279,2025
192801,183062,183061,280,2025
192802,182682,182681,280,2025
192811,182262,182261,281,2025
192812,183092,183091,281,2025
192821,182722,182721,282,2025
192822,182852,182851,282,2025
192831,181522,181521,283,2025
192832,182202,182201,283,2025
192841,182142,182141,284,2025
192842,182732,182731,284,2025
192851,182152,182151,285,2025
192852,182062,182061,285,2025
192861,182132,182131,286,2025
192862,182962,182961,286,2025
192871,182312,182311,287,2025
192872,182162,182161,287,2025
192881,182282,182281,288,2025
192882,180652,180651,288,2025
192891,181672,181671,289,2025
192892,180792,180791,289,2025
192901,181712,181711,290,2025
192902,181222,181221,290,2025
192911,181782,181781,291,2025
192912,181862,181861,291,2025
192931,183102,183101,293,2025
192932,182742,182741,293,2025
192941,182052,182051,294,2025
192942,182632,182631,294,2025
192951,182462,182461,295,2025
192952,181322,181321,295,2025
192961,183012,183011,296,2025
192962,182172,182171,296,2025
192971,180902,180901,297,2025
192972,183392,183391,297,2025
192981,181242,181241,298,2025
192982,181492,181491,298,2025
193001,182182,182181,300,2025
193002,182892,182891,300,2025
193011,182192,182191,301,2025
193012,182572,182571,301,2025
193021,182212,182211,302,2025
193022,182372,182371,302,2025
193031,180622,180621,303,2025
193032,182512,182511,303,2025
193041,181042,181041,304,2025
193042,180722,180721,304,2025
193051,181592,181591,305,2025
193052,180332,180331,305,2025
193061,181642,181641,306,2025
193062,180612,180611,306,2025
193071,181712,181711,307,2025
193072,181222,181221,307,2025
193081,181792,181791,308,2025
193082,183372,183371,308,2025
193091,181932,181931,309,2025
193092,181562,181561,309,2025
193101,182172,182171,310,2025
193102,181802,181801,310,2025
193111,182392,182391,311,2025
193112,183362,183361,311,2025
193131,182982,182981,313,2025
193132,183032,183031,313,2025
193141,183212,183211,314,2025
193142,183072,183071,314,2025
193151,182222,182221,315,2025
193152,183082,183081,315,2025
193161,183272,183271,316,2025
193162,182602,182601,316,2025
193171,181872,181871,317,2025
193172,181172,181171,317,2025
193181,182202,182201,318,2025
193182,183102,183101,318,2025
193191,182662,182661,319,2025
193192,183222,183221,319,2025
193201,182842,182841,320,2025
193202,180172,180171,320,2025
193211,181572,181571,321,2025
193212,180392,180391,321,2025
193221,181592,181591,322,2025
193222,182932,182931,322,2025
193231,181622,181621,323,2025
193232,183052,183051,323,2025
193241,181782,181781,324,2025
193242,183142,183141,324,2025
193251,181682,181681,325,2025
193252,181912,181911,325,2025
193261,181762,181761,326,2025
193262,183162,183161,326,2025
193271,181942,181941,327,2025
193272,182632,182631,327,2025
193281,182022,182021,328,2025
193282,182862,182861,328,2025
193291,183062,183061,329,2025
193292,181882,181881,329,2025
193301,183322,183321,330,2025
193302,183442,183441,330,2025
193311,183362,183361,331,2025
193312,181812,181811,331,2025
193321,183402,183401,332,2025
193322,182952,182951,332,2025
193331,181882,181881,333,2025
193332,182592,182591,333,2025
193341,181942,181941,334,2025
193342,181152,181151,334,2025
193351,182612,182611,335,2025
193352,181962,181961,335,2025
193361,182972,182971,336,2025
193362,180702,180701,336,2025
193371,182982,182981,337,2025
193372,180912,180911,337,2025
193381,183012,183011,338,2025
193382,181742,181741,338,2025
193391,182222,182221,339,2025
193392,181732,181731,339,2025
193401,182542,182541,340,2025
193402,183432,183431,340,2025
193411,182852,182851,341,2025
193412,182432,182431,341,2025
193421,181082,181081,342,2025
193422,183112,183111,342,2025
193451,182972,182971,345,2025
193452,182822,182821,345,2025
193461,183402,183401,346,2025
193462,183092,183091,346,2025
193471,182842,182841,347,2025
193472,180462,180461,347,2025
193481,181712,181711,348,2025
193482,183002,183001,348,2025
