Date,Male,Male.PC.FSG,Female,Female.PC.FSG,PC.FSG,MFG,F,DI,Female.PC.FSG.Crosses.Completed,Male.PC.FSG.Crosses.Completed,Notes,yr,Sire,Dam
2008-01-01,None,WT,None,WT,2,Unknown,0,1,1,1,NA,2008,100022,100021
2008-01-01,None,WT,None,WT,3,Unknown,0,1,1,1,NA,2008,100032,100031
2008-01-01,None,WT,None,WT,4,Unknown,0,1,1,1,NA,2008,100042,100041
2008-01-01,None,WT,None,WT,5,Unknown,0,1,1,1,NA,2008,100052,100051
2008-01-01,None,WT,None,WT,7,Unknown,0,1,1,1,NA,2008,100072,100071
2008-01-01,None,WT,None,WT,8,Unknown,0,1,1,1,NA,2008,100082,100081
2008-01-01,None,WT,None,WT,9,Unknown,0,1,1,1,NA,2008,100092,100091
2008-01-01,None,WT,None,WT,10,Unknown,0,1,1,1,NA,2008,100102,100101
2008-01-01,None,WT,None,WT,12,Unknown,0,1,1,1,NA,2008,100122,100121
2008-01-01,None,WT,None,WT,14,Unknown,0,1,1,1,NA,2008,100142,100141
2008-01-01,None,WT,None,WT,15,Unknown,0,1,1,1,NA,2008,100152,100151
2008-01-01,None,WT,None,WT,16,Unknown,0,1,1,1,NA,2008,100162,100161
2008-01-01,None,WT,None,WT,17,Unknown,0,1,1,1,NA,2008,100172,100171
2008-01-01,None,WT,None,WT,18,Unknown,0,1,1,1,NA,2008,100182,100181
2008-01-01,None,WT,None,WT,19,Unknown,0,1,1,1,NA,2008,100192,100191
2008-01-01,None,WT,None,WT,20,Unknown,0,1,1,1,NA,2008,100202,100201
2008-01-01,None,WT,None,WT,23,Unknown,0,1,1,1,NA,2008,100232,100231
2008-01-01,None,WT,None,WT,26,Unknown,0,1,1,1,NA,2008,100262,100261
2008-01-01,None,WT,None,WT,28,Unknown,0,1,1,1,NA,2008,100282,100281
2008-01-01,None,WT,None,WT,29,Unknown,0,1,1,1,NA,2008,100292,100291
2008-01-01,None,WT,None,WT,30,Unknown,0,1,1,1,NA,2008,100302,100301
2008-01-01,None,WT,None,WT,31,Unknown,0,1,1,1,NA,2008,100312,100311
2008-01-01,None,WT,None,WT,32,Unknown,0,1,1,1,NA,2008,100322,100321
2008-01-01,None,WT,None,WT,34,Unknown,0,1,1,1,NA,2008,100342,100341
2008-01-01,None,WT,None,WT,35,Unknown,0,1,1,1,NA,2008,100352,100351
2008-01-01,None,WT,None,WT,36,Unknown,0,1,1,1,NA,2008,100362,100361
2008-01-01,None,WT,None,WT,37,Unknown,0,1,1,1,NA,2008,100372,100371
2008-01-01,None,WT,None,WT,38,Unknown,0,1,1,1,NA,2008,100382,100381
2008-01-01,None,WT,None,WT,39,Unknown,0,1,1,1,NA,2008,100392,100391
2008-01-01,None,WT,None,WT,41,Unknown,0,1,1,1,NA,2008,100412,100411
2008-01-01,None,WT,None,WT,42,Unknown,0,1,1,1,NA,2008,100422,100421
2008-01-01,None,WT,None,WT,43,Unknown,0,1,1,1,NA,2008,100432,100431
2008-01-01,None,WT,None,WT,44,Unknown,0,1,1,1,NA,2008,100442,100441
2008-01-01,None,WT,None,WT,45,Unknown,0,1,1,1,NA,2008,100452,100451
2008-01-01,None,WT,None,WT,46,Unknown,0,1,1,1,NA,2008,100462,100461
2008-01-01,None,WT,None,WT,49,Unknown,0,1,1,1,NA,2008,100492,100491
2008-01-01,None,WT,None,WT,50,Unknown,0,1,1,1,NA,2008,100502,100501
2008-01-01,None,WT,None,WT,51,Unknown,0,1,1,1,NA,2008,100512,100511
2008-01-01,None,WT,None,WT,52,Unknown,0,1,1,1,NA,2008,100522,100521
2008-01-01,None,WT,None,WT,54,Unknown,0,1,1,1,NA,2008,100542,100541
2008-01-01,None,WT,None,WT,55,Unknown,0,1,1,1,NA,2008,100552,100551
2008-01-01,None,WT,None,WT,56,Unknown,0,1,1,1,NA,2008,100562,100561
2008-01-01,None,WT,None,WT,58,Unknown,0,1,1,1,NA,2008,100582,100581
2008-01-01,None,WT,None,WT,59,Unknown,0,1,1,1,NA,2008,100592,100591
2008-01-01,None,WT,None,WT,60,Unknown,0,1,1,1,NA,2008,100602,100601
2008-01-01,None,WT,None,WT,61,Unknown,0,1,1,1,NA,2008,100612,100611
2008-01-01,None,WT,None,WT,62,Unknown,0,1,1,1,NA,2008,100622,100621
2008-01-01,None,WT,None,WT,63,Unknown,0,1,1,1,NA,2008,100632,100631
2008-01-01,None,WT,None,WT,64,Unknown,0,1,1,1,NA,2008,100642,100641
2008-01-01,None,WT,None,WT,65,Unknown,0,1,1,1,NA,2008,100652,100651
2008-01-01,None,WT,None,WT,66,Unknown,0,1,1,1,NA,2008,100662,100661
2008-01-01,None,WT,None,WT,67,Unknown,0,1,1,1,NA,2008,100672,100671
2008-01-01,None,WT,None,WT,68,Unknown,0,1,1,1,NA,2008,100682,100681
2008-01-01,None,WT,None,WT,69,Unknown,0,1,1,1,NA,2008,100692,100691
2008-01-01,None,WT,None,WT,70,Unknown,0,1,1,1,NA,2008,100702,100701
2008-01-01,None,WT,None,WT,71,Unknown,0,1,1,1,NA,2008,100712,100711
2008-01-01,None,WT,None,WT,72,Unknown,0,1,1,1,NA,2008,100722,100721
2008-01-01,None,WT,None,WT,73,Unknown,0,1,1,1,NA,2008,100732,100731
2008-01-01,None,WT,None,WT,74,Unknown,0,1,1,1,NA,2008,100742,100741
2008-01-01,None,WT,None,WT,75,Unknown,0,1,1,1,NA,2008,100752,100751
2008-01-01,None,WT,None,WT,76,Unknown,0,1,1,1,NA,2008,100762,100761
2008-01-01,None,WT,None,WT,77,Unknown,0,1,1,1,NA,2008,100772,100771
2008-01-01,None,WT,None,WT,78,Unknown,0,1,1,1,NA,2008,100782,100781
2008-01-01,None,WT,None,WT,79,Unknown,0,1,1,1,NA,2008,100792,100791
2008-01-01,None,WT,None,WT,84,Unknown,0,1,1,1,NA,2008,100842,100841
2008-01-01,None,WT,None,WT,85,Unknown,0,1,1,1,NA,2008,100852,100851
2008-01-01,None,WT,None,WT,86,Unknown,0,1,1,1,NA,2008,100862,100861
2008-01-01,None,WT,None,WT,87,Unknown,0,1,1,1,NA,2008,100872,100871
2008-01-01,None,WT,None,WT,88,Unknown,0,1,1,1,NA,2008,100882,100881
2008-01-01,None,WT,None,WT,89,Unknown,0,1,1,1,NA,2008,100892,100891
2008-01-01,None,WT,None,WT,90,Unknown,0,1,1,1,NA,2008,100902,100901
2008-01-01,None,WT,None,WT,92,Unknown,0,1,1,1,NA,2008,100922,100921
2008-01-01,None,WT,None,WT,93,Unknown,0,1,1,1,NA,2008,100932,100931
2008-01-01,None,WT,None,WT,94,Unknown,0,1,1,1,NA,2008,100942,100941
2008-01-01,None,WT,None,WT,95,Unknown,0,1,1,1,NA,2008,100952,100951
2008-01-01,None,WT,None,WT,96,Unknown,0,1,1,1,NA,2008,100962,100961
2008-01-01,None,WT,None,WT,97,Unknown,0,1,1,1,NA,2008,100972,100971
2008-01-01,None,WT,None,WT,98,Unknown,0,1,1,1,NA,2008,100982,100981
2008-01-01,None,WT,None,WT,100,Unknown,0,1,1,1,NA,2008,101002,101001
2008-01-01,None,WT,None,WT,101,Unknown,0,1,1,1,NA,2008,101012,101011
2008-01-01,None,WT,None,WT,102,Unknown,0,1,1,1,NA,2008,101022,101021
2008-01-01,None,WT,None,WT,103,Unknown,0,1,1,1,NA,2008,101032,101031
2008-01-01,None,WT,None,WT,104,Unknown,0,1,1,1,NA,2008,101042,101041
2008-01-01,None,WT,None,WT,105,Unknown,0,1,1,1,NA,2008,101052,101051
2008-01-01,None,WT,None,WT,106,Unknown,0,1,1,1,NA,2008,101062,101061
2008-01-01,None,WT,None,WT,107,Unknown,0,1,1,1,NA,2008,101072,101071
2008-01-01,None,WT,None,WT,108,Unknown,0,1,1,1,NA,2008,101082,101081
2008-01-01,None,WT,None,WT,110,Unknown,0,1,1,1,NA,2008,101102,101101
2008-01-01,None,WT,None,WT,111,Unknown,0,1,1,1,NA,2008,101112,101111
2008-01-01,None,WT,None,WT,112,Unknown,0,1,1,1,NA,2008,101122,101121
2008-01-01,None,WT,None,WT,115,Unknown,0,1,1,1,NA,2008,101152,101151
2008-01-01,None,WT,None,WT,116,Unknown,0,1,1,1,NA,2008,101162,101161
2008-01-01,None,WT,None,WT,117,Unknown,0,1,1,1,NA,2008,101172,101171
2008-01-01,None,WT,None,WT,118,Unknown,0,1,1,1,NA,2008,101182,101181
2008-01-01,None,WT,None,WT,119,Unknown,0,1,1,1,NA,2008,101192,101191
2008-01-01,None,WT,None,WT,121,Unknown,0,1,1,1,NA,2008,101212,101211
2008-01-01,None,WT,None,WT,122,Unknown,0,1,1,1,NA,2008,101222,101221
2008-01-01,None,WT,None,WT,123,Unknown,0,1,1,1,NA,2008,101232,101231
2008-01-01,None,WT,None,WT,124,Unknown,0,1,1,1,NA,2008,101242,101241
2008-01-01,None,WT,None,WT,125,Unknown,0,1,1,1,NA,2008,101252,101251
2008-01-01,None,WT,None,WT,127,Unknown,0,1,1,1,NA,2008,101272,101271
2008-01-01,None,WT,None,WT,129,Unknown,0,1,1,1,NA,2008,101292,101291
2008-01-01,None,WT,None,WT,130,Unknown,0,1,1,1,NA,2008,101302,101301
2008-01-01,None,WT,None,WT,131,Unknown,0,1,1,1,NA,2008,101312,101311
2008-01-01,None,WT,None,WT,132,Unknown,0,1,1,1,NA,2008,101322,101321
2008-01-01,None,WT,None,WT,134,Unknown,0,1,1,1,NA,2008,101342,101341
2008-01-01,None,WT,None,WT,135,Unknown,0,1,1,1,NA,2008,101352,101351
2008-01-01,None,WT,None,WT,136,Unknown,0,1,1,1,NA,2008,101362,101361
2008-01-01,None,WT,None,WT,137,Unknown,0,1,1,1,NA,2008,101372,101371
2008-01-01,None,WT,None,WT,138,Unknown,0,1,1,1,NA,2008,101382,101381
2008-01-01,None,WT,None,WT,140,Unknown,0,1,1,1,NA,2008,101402,101401
2008-01-01,None,WT,None,WT,141,Unknown,0,1,1,1,NA,2008,101412,101411
2008-01-01,None,WT,None,WT,143,Unknown,0,1,1,1,NA,2008,101432,101431
2008-01-01,None,WT,None,WT,145,Unknown,0,1,1,1,NA,2008,101452,101451
2008-01-01,None,WT,None,WT,146,Unknown,0,1,1,1,NA,2008,101462,101461
2008-01-01,None,WT,None,WT,147,Unknown,0,1,1,1,NA,2008,101472,101471
2008-01-01,None,WT,None,WT,149,Unknown,0,1,1,1,NA,2008,101492,101491
2008-01-01,None,WT,None,WT,150,Unknown,0,1,1,1,NA,2008,101502,101501
2008-01-01,None,WT,None,WT,151,Unknown,0,1,1,1,NA,2008,101512,101511
2008-01-01,None,WT,None,WT,152,Unknown,0,1,1,1,NA,2008,101522,101521
2008-01-01,None,WT,None,WT,153,Unknown,0,1,1,1,NA,2008,101532,101531
2008-01-01,None,WT,None,WT,161,Unknown,0,1,1,1,NA,2008,101612,101611
2008-01-01,None,WT,None,WT,163,Unknown,0,1,1,1,NA,2008,101632,101631
2008-01-01,None,WT,None,WT,164,Unknown,0,1,1,1,NA,2008,101642,101641
2008-01-01,None,WT,None,WT,166,Unknown,0,1,1,1,NA,2008,101662,101661
2008-01-01,None,WT,None,WT,204,Unknown,0,1,1,1,NA,2008,102042,102041
2008-01-01,None,WT,None,WT,206,Unknown,0,1,1,1,NA,2008,102062,102061
2008-01-01,None,WT,None,WT,209,Unknown,0,1,1,1,NA,2008,102092,102091
2008-01-01,None,WT,None,WT,212,Unknown,0,1,1,1,NA,2008,102122,102121
2008-01-01,None,WT,None,WT,213,Unknown,0,1,1,1,NA,2008,102132,102131
2008-01-01,None,WT,None,WT,214,Unknown,0,1,1,1,NA,2008,102142,102141
2008-01-01,None,WT,None,WT,217,Unknown,0,1,1,1,NA,2008,102172,102171
2008-01-01,None,WT,None,WT,222,Unknown,0,1,1,1,NA,2008,102222,102221
2008-01-01,None,WT,None,WT,223,Unknown,0,1,1,1,NA,2008,102232,102231
2008-01-01,None,WT,None,WT,230,Unknown,0,1,1,1,NA,2008,102302,102301
2008-01-01,None,WT,None,WT,231,Unknown,0,1,1,1,NA,2008,102312,102311
2008-01-01,None,WT,None,WT,232,Unknown,0,1,1,1,NA,2008,102322,102321
2008-01-01,None,WT,None,WT,233,Unknown,0,1,1,1,NA,2008,102332,102331
2008-01-01,None,WT,None,WT,235,Unknown,0,1,1,1,NA,2008,102352,102351
2008-01-01,None,WT,None,WT,248,Unknown,0,1,1,1,NA,2008,102482,102481
2008-01-01,None,WT,None,WT,249,Unknown,0,1,1,1,NA,2008,102492,102491
2008-01-01,None,WT,None,WT,251,Unknown,0,1,1,1,NA,2008,102512,102511
2008-01-01,None,WT,None,WT,252,Unknown,0,1,1,1,NA,2008,102522,102521
2008-01-01,None,WT,None,WT,254,Unknown,0,1,1,1,NA,2008,102542,102541
2008-01-01,None,WT,None,WT,255,Unknown,0,1,1,1,NA,2008,102552,102551
2009-01-01,None,WT,None,3,1,Unknown,0,1.5,2,1,NA,2009,200012,200011
2009-01-01,None,WT,None,104,2,Unknown,0,1.5,2,1,NA,2009,200022,200021
2009-01-01,None,2,None,7,3,Unknown,0,2,4,4,NA,2009,200032,200031
2009-01-01,None,161,None,166,4,Unknown,0,2,4,3,NA,2009,200042,200041
2009-01-01,None,26,None,124,5,Unknown,0,2,3,4,NA,2009,200052,200051
2009-01-01,None,WT,None,138,6,Unknown,0,1.5,4,1,NA,2009,200062,200061
2009-01-01,None,43,None,93,7,Unknown,0,2,2,2,NA,2009,200072,200071
2009-01-01,None,2,None,134,8,Unknown,0,2,2,4,NA,2009,200082,200081
2009-01-01,None,8,None,35,9,Unknown,0,2,1,4,NA,2009,200092,200091
2009-01-01,None,WT,None,107,10,Unknown,0,1.5,1,1,NA,2009,200102,200101
2009-01-01,None,39,None,WT,11,Unknown,0,1.5,1,2,NA,2009,200112,200111
2009-01-01,None,30,None,WT,12,Unknown,0,1.5,1,5,NA,2009,200122,200121
2009-01-01,None,39,None,WT,14,Unknown,0,1.5,1,2,NA,2009,200142,200141
2009-01-01,None,93,None,WT,15,Unknown,0,1.5,1,2,NA,2009,200152,200151
2009-01-01,None,12,None,86,17,Unknown,0,2,3,3,NA,2009,200172,200171
2009-01-01,None,7,None,3,18,Unknown,0,2,2,4,NA,2009,200182,200181
2009-01-01,None,WT,None,87,20,Unknown,0,1.5,4,1,NA,2009,200202,200201
2009-01-01,None,30,None,WT,23,Unknown,0,1.5,1,5,NA,2009,200232,200231
2009-01-01,None,WT,None,235,25,Unknown,0,1.5,2,1,NA,2009,200252,200251
2009-01-01,None,8,None,122,29,Unknown,0,2,4,4,NA,2009,200292,200291
2009-01-01,None,18,None,151,30,Unknown,0,2,3,8,NA,2009,200302,200301
2009-01-01,None,166,None,62,31,Unknown,0,2,1,4,NA,2009,200312,200311
2009-01-01,None,15,None,WT,32,Unknown,0,1.5,1,2,NA,2009,200322,200321
2009-01-01,None,251,None,77,34,Unknown,0,2,1,4,NA,2009,200342,200341
2009-01-01,None,WT,None,161,35,Unknown,0,1.5,3,1,NA,2009,200352,200351
2009-01-01,None,86,None,116,36,Unknown,0,2,3,3,NA,2009,200362,200361
2009-01-01,None,16,None,110,37,Unknown,0,2,3,5,NA,2009,200372,200371
2009-01-01,None,30,None,19,38,Unknown,0,2,3,5,NA,2009,200382,200381
2009-01-01,None,8,None,78,40,Unknown,0,2,3,4,NA,2009,200402,200401
2009-01-01,None,30,None,115,41,Unknown,0,2,1,5,NA,2009,200412,200411
2009-01-01,None,WT,None,150,43,Unknown,0,1.5,4,1,NA,2009,200432,200431
2009-01-01,None,37,None,34,45,Unknown,0,2,5,1,NA,2009,200452,200451
2009-01-01,None,111,None,147,47,Unknown,0,2,2,4,NA,2009,200472,200471
2009-01-01,None,8,None,105,49,Unknown,0,2,1,4,NA,2009,200492,200491
2009-01-01,None,46,None,251,52,Unknown,0,2,4,1,NA,2009,200522,200521
2009-01-01,None,WT,None,26,54,Unknown,0,1.5,4,1,NA,2009,200542,200541
2009-01-01,None,4,None,150,56,Unknown,0,2,4,3,NA,2009,200562,200561
2009-01-01,None,98,None,67,57,Unknown,0,2,3,2,NA,2009,200572,200571
2009-01-01,None,116,None,30,58,Unknown,0,2,5,3,NA,2009,200582,200581
2009-01-01,None,248,None,116,59,Unknown,0,2,3,4,NA,2009,200592,200591
2009-01-01,None,32,None,2,60,Unknown,0,2,4,2,NA,2009,200602,200601
2009-01-01,None,101,None,12,61,Unknown,0,2,3,4,NA,2009,200612,200611
2009-01-01,None,102,None,45,62,Unknown,0,2,4,2,NA,2009,200622,200621
2009-01-01,None,20,None,111,63,Unknown,0,2,4,3,NA,2009,200632,200631
2009-01-01,None,248,None,150,64,Unknown,0,2,4,4,NA,2009,200642,200641
2009-01-01,None,110,None,WT,66,Unknown,0,1.5,1,3,NA,2009,200662,200661
2009-01-01,None,233,None,145,68,Unknown,0,2,4,2,NA,2009,200682,200681
2009-01-01,None,161,None,166,69,Unknown,0,2,4,3,NA,2009,200692,200691
2009-01-01,None,78,None,7,72,Unknown,0,2,4,3,NA,2009,200722,200721
2009-01-01,None,95,None,17,73,Unknown,0,2,4,2,NA,2009,200732,200731
2009-01-01,None,108,None,WT,75,Unknown,0,1.5,1,1,NA,2009,200752,200751
2009-01-01,None,104,None,249,76,Unknown,0,2,3,2,NA,2009,200762,200761
2009-01-01,None,248,None,WT,77,Unknown,0,1.5,1,4,NA,2009,200772,200771
2009-01-01,None,233,None,45,78,Unknown,0,2,4,2,NA,2009,200782,200781
2009-01-01,None,WT,None,110,79,Unknown,0,1.5,3,1,NA,2009,200792,200791
2009-01-01,None,44,None,112,82,Unknown,0,2,2,1,NA,2009,200822,200821
2009-01-01,None,252,None,131,83,Unknown,0,2,3,3,NA,2009,200832,200831
2009-01-01,None,16,None,63,84,Unknown,0,2,2,5,NA,2009,200842,200841
2009-01-01,None,41,None,WT,85,Unknown,0,1.5,1,2,NA,2009,200852,200851
2009-01-01,None,124,None,67,87,Unknown,0,2,3,3,NA,2009,200872,200871
2009-01-01,None,50,None,251,88,Unknown,0,2,4,6,NA,2009,200882,200881
2009-01-01,None,59,None,61,89,Unknown,0,2,5,3,NA,2009,200892,200891
2009-01-01,None,WT,None,231,92,Unknown,0,1.5,2,1,NA,2009,200922,200921
2009-01-01,None,26,None,235,93,Unknown,0,2,2,4,NA,2009,200932,200931
2009-01-01,None,204,None,64,94,Unknown,0,2,3,6,NA,2009,200942,200941
2009-01-01,None,204,None,164,95,Unknown,0,2,3,6,NA,2009,200952,200951
2009-01-01,None,204,None,38,96,Unknown,0,2,2,6,NA,2009,200962,200961
2009-01-01,None,101,None,WT,97,Unknown,0,1.5,1,4,NA,2009,200972,200971
2009-01-01,None,89,None,252,98,Unknown,0,2,3,2,NA,2009,200982,200981
2009-01-01,None,96,None,135,99,Unknown,0,2,3,1,NA,2009,200992,200991
2009-01-01,None,54,None,70,100,Unknown,0,2,3,3,NA,2009,201002,201001
2009-01-01,None,254,None,59,101,Unknown,0,2,3,2,NA,2009,201012,201011
2009-01-01,None,WT,None,16,102,Unknown,0,1.5,5,1,NA,2009,201022,201021
2009-01-01,None,WT,None,213,104,Unknown,0,1.5,3,1,NA,2009,201042,201041
2009-01-01,None,145,None,92,105,Unknown,0,2,3,4,NA,2009,201052,201051
2009-01-01,None,56,None,WT,106,Unknown,0,1.5,1,4,NA,2009,201062,201061
2009-01-01,None,WT,None,206,107,Unknown,0,1.5,3,1,NA,2009,201072,201071
2009-01-01,None,16,None,34,108,Unknown,0,2,5,5,NA,2009,201082,201081
2009-01-01,None,255,None,69,110,Unknown,0,2,5,1,NA,2009,201102,201101
2009-01-01,None,204,None,85,111,Unknown,0,2,3,6,NA,2009,201112,201111
2009-01-01,None,54,None,232,112,Unknown,0,2,4,3,NA,2009,201122,201121
2009-01-01,None,WT,None,34,113,Unknown,0,1.5,5,1,NA,2009,201132,201131
2009-01-01,None,248,None,70,114,Unknown,0,2,3,4,NA,2009,201142,201141
2009-01-01,None,29,None,166,115,Unknown,0,2,4,3,NA,2009,201152,201151
2009-01-01,None,7,None,WT,116,Unknown,0,1.5,1,4,NA,2009,201162,201161
2009-01-01,None,72,None,23,118,Unknown,0,2,3,3,NA,2009,201182,201181
2009-01-01,None,145,None,151,120,Unknown,0,2,3,4,NA,2009,201202,201201
2009-01-01,None,2,None,26,121,Unknown,0,2,4,4,NA,2009,201212,201211
2009-01-01,None,50,None,15,124,Unknown,0,2,2,6,NA,2009,201242,201241
2009-01-01,None,16,None,150,125,Unknown,0,2,4,5,NA,2009,201252,201251
2009-01-01,None,164,None,34,126,Unknown,0,2,5,3,NA,2009,201262,201261
2009-01-01,None,51,None,92,127,Unknown,0,2,3,2,NA,2009,201272,201271
2009-01-01,None,55,None,254,128,Unknown,0,2,2,2,NA,2009,201282,201281
2009-01-01,None,WT,None,86,129,Unknown,0,1.5,3,1,NA,2009,201292,201291
2009-01-01,None,213,None,112,132,Unknown,0,2,2,3,NA,2009,201322,201321
2009-01-01,None,204,None,51,133,Unknown,0,2,2,6,NA,2009,201332,201331
2009-01-01,None,204,None,4,134,Unknown,0,2,3,6,NA,2009,201342,201341
2009-01-01,None,217,None,232,135,Unknown,0,2,4,1,NA,2009,201352,201351
2009-01-01,None,209,None,WT,136,Unknown,0,1.5,1,2,NA,2009,201362,201361
2009-01-01,None,88,None,34,137,Unknown,0,2,5,2,NA,2009,201372,201371
2009-01-01,None,85,None,70,138,Unknown,0,2,3,3,NA,2009,201382,201381
2009-01-01,None,111,None,WT,139,Unknown,0,1.5,1,4,NA,2009,201392,201391
2009-01-01,None,18,None,WT,141,Unknown,0,1.5,1,8,NA,2009,201412,201411
2009-01-01,None,18,None,WT,142,Unknown,0,1.5,1,8,NA,2009,201422,201421
2009-01-01,None,140,None,WT,143,Unknown,0,1.5,1,2,NA,2009,201432,201431
2009-01-01,None,18,None,61,145,Unknown,0,2,5,8,NA,2009,201452,201451
2009-01-01,None,50,None,132,147,Unknown,0,2,5,6,NA,2009,201472,201471
2009-01-01,None,138,None,119,149,Unknown,0,2,3,4,NA,2009,201492,201491
2009-01-01,None,138,None,136,150,Unknown,0,2,2,4,NA,2009,201502,201501
2009-01-01,None,23,None,50,151,Unknown,0,2,6,3,NA,2009,201512,201511
2009-01-01,None,18,None,64,152,Unknown,0,2,3,8,NA,2009,201522,201521
2009-01-01,None,42,None,212,153,Unknown,0,2,2,3,NA,2009,201532,201531
2009-01-01,None,20,None,18,154,Unknown,0,2,8,3,NA,2009,201542,201541
2009-01-01,None,145,None,97,155,Unknown,0,2,3,4,NA,2009,201552,201551
2009-01-01,None,94,None,101,156,Unknown,0,2,4,2,NA,2009,201562,201561
2009-01-01,None,132,None,78,158,Unknown,0,2,3,5,NA,2009,201582,201581
2009-01-01,None,50,None,87,159,Unknown,0,2,4,6,NA,2009,201592,201591
2009-01-01,None,141,None,138,160,Unknown,0,2,4,2,NA,2009,201602,201601
2009-01-01,None,19,None,101,162,Unknown,0,2,4,3,NA,2009,201622,201621
2009-01-01,None,127,None,71,163,Unknown,0,2,4,3,NA,2009,201632,201631
2009-01-01,None,132,None,87,165,Unknown,0,2,4,5,NA,2009,201652,201651
2009-01-01,None,152,None,WT,166,Unknown,0,1.5,1,4,NA,2009,201662,201661
2009-01-01,None,61,None,18,167,Unknown,0,2,8,5,NA,2009,201672,201671
2009-01-01,None,143,None,41,168,Unknown,0,2,2,2,NA,2009,201682,201681
2009-01-01,None,143,None,98,169,Unknown,0,2,2,2,NA,2009,201692,201691
2009-01-01,None,94,None,100,171,Unknown,0,2,3,2,NA,2009,201712,201711
2009-01-01,None,146,None,97,172,Unknown,0,2,3,1,NA,2009,201722,201721
2009-01-01,None,88,None,71,173,Unknown,0,2,4,2,NA,2009,201732,201731
2009-01-01,None,58,None,74,174,Unknown,0,2,1,1,NA,2009,201742,201741
2009-01-01,None,49,None,89,175,Unknown,0,2,2,3,NA,2009,201752,201751
2009-01-01,None,49,None,213,176,Unknown,0,2,3,3,NA,2009,201762,201761
2009-01-01,None,102,None,63,177,Unknown,0,2,2,2,NA,2009,201772,201771
2009-01-01,None,69,None,121,178,Unknown,0,2,3,5,NA,2009,201782,201781
2009-01-01,None,42,None,66,179,Unknown,0,2,2,3,NA,2009,201792,201791
2009-01-01,None,119,None,4,180,Unknown,0,2,3,3,NA,2009,201802,201801
2009-01-01,None,122,None,100,181,Unknown,0,2,3,4,NA,2009,201812,201811
2009-01-01,None,50,None,WT,182,Unknown,0,1.5,1,6,NA,2009,201822,201821
2009-01-01,None,136,None,125,183,Unknown,0,2,5,2,NA,2009,201832,201831
2009-01-01,None,WT,None,232,184,Unknown,0,1.5,4,1,NA,2009,201842,201841
2009-01-01,None,118,None,67,185,Unknown,0,2,3,1,NA,2009,201852,201851
2009-01-01,None,72,None,WT,187,Unknown,0,1.5,1,3,NA,2009,201872,201871
2009-01-01,None,90,None,18,188,Unknown,0,2,8,2,NA,2009,201882,201881
2009-01-01,None,106,None,122,189,Unknown,0,2,4,2,NA,2009,201892,201891
2009-01-01,None,60,None,54,190,Unknown,0,2,3,2,NA,2009,201902,201901
2009-01-01,None,127,None,251,191,Unknown,0,2,4,3,NA,2009,201912,201911
2009-01-01,None,68,None,52,192,Unknown,0,2,4,2,NA,2009,201922,201921
2009-01-01,None,49,None,206,193,Unknown,0,2,3,3,NA,2009,201932,201931
2009-01-01,None,56,None,WT,194,Unknown,0,1.5,1,4,NA,2009,201942,201941
2009-01-01,None,132,None,28,195,Unknown,0,2,2,5,NA,2009,201952,201951
2009-01-01,None,60,None,206,197,Unknown,0,2,3,2,NA,2009,201972,201971
2009-01-01,None,122,None,61,199,Unknown,0,2,5,4,NA,2009,201992,201991
2009-01-01,None,85,None,WT,200,Unknown,0,1.5,1,3,NA,2009,202002,202001
2009-01-01,None,17,None,52,202,Unknown,0,2,4,4,NA,2009,202022,202021
2009-01-01,None,125,None,17,203,Unknown,0,2,4,5,NA,2009,202032,202031
2009-01-01,None,WT,None,17,204,Unknown,0,1.5,4,1,NA,2009,202042,202041
2009-01-01,None,137,None,WT,205,Unknown,0,1.5,1,2,NA,2009,202052,202051
2009-01-01,None,134,None,84,206,Unknown,0,2,1,2,NA,2009,202062,202061
2009-01-01,None,WT,None,232,207,Unknown,0,1.5,4,1,NA,2009,202072,202071
2009-01-01,None,121,None,38,208,Unknown,0,2,2,3,NA,2009,202082,202081
2009-01-01,None,69,None,95,209,Unknown,0,2,2,5,NA,2009,202092,202091
2009-01-01,None,69,None,90,210,Unknown,0,2,2,5,NA,2009,202102,202101
2009-01-01,None,68,None,14,211,Unknown,0,2,1,2,NA,2009,202112,202111
2009-01-01,None,55,None,103,212,Unknown,0,2,2,2,NA,2009,202122,202121
2009-01-01,None,135,None,147,213,Unknown,0,2,2,3,NA,2009,202132,202131
2009-01-01,None,72,None,163,214,Unknown,0,2,1,3,NA,2009,202142,202141
2009-01-01,None,141,None,121,215,Unknown,0,2,3,2,NA,2009,202152,202151
2009-01-01,None,71,None,249,216,Unknown,0,2,3,4,NA,2009,202162,202161
2009-01-01,None,76,None,71,218,Unknown,0,2,4,4,NA,2009,202182,202181
2009-01-01,None,132,None,135,220,Unknown,0,2,3,5,NA,2009,202202,202201
2009-01-01,None,131,None,69,221,Unknown,0,2,5,3,NA,2009,202212,202211
2009-01-01,None,45,None,WT,223,Unknown,0,1.5,1,4,NA,2009,202232,202231
2009-01-01,None,125,None,100,225,Unknown,0,2,3,5,NA,2009,202252,202251
2009-01-01,None,19,None,119,228,Unknown,0,2,3,3,NA,2009,202282,202281
2009-01-01,None,9,None,28,229,Unknown,0,2,2,1,NA,2009,202292,202291
2009-01-01,None,WT,None,249,230,Unknown,0,1.5,3,1,NA,2009,202302,202301
2009-01-01,None,73,None,209,231,Unknown,0,2,2,1,NA,2009,202312,202311
2009-01-01,None,WT,None,125,232,Unknown,0,1.5,5,1,NA,2009,202322,202321
2009-01-01,None,56,None,23,239,Unknown,0,2,3,4,NA,2009,202392,202391
2009-01-01,None,153,None,129,246,Unknown,0,2,1,2,NA,2009,202462,202461
2009-01-01,None,152,None,29,247,Unknown,0,2,3,4,NA,2009,202472,202471
2009-01-01,None,164,None,32,248,Unknown,0,2,2,3,NA,2009,202482,202481
2009-01-01,None,42,None,92,249,Unknown,0,2,3,3,NA,2009,202492,202491
2009-01-01,None,123,None,125,250,Unknown,0,2,5,2,NA,2009,202502,202501
2009-01-01,None,127,None,66,251,Unknown,0,2,2,3,NA,2009,202512,202511
2009-01-01,None,124,None,12,253,Unknown,0,2,3,3,NA,2009,202532,202531
2009-01-01,None,87,None,149,254,Unknown,0,2,2,4,NA,2009,202542,202541
2009-01-01,None,64,None,103,255,Unknown,0,2,2,3,NA,2009,202552,202551
2009-01-01,None,151,None,31,256,Unknown,0,2,2,3,NA,2009,202562,202561
2009-01-01,None,106,None,20,257,Unknown,0,2,3,2,NA,2009,202572,202571
2009-01-01,None,140,None,212,258,Unknown,0,2,2,2,NA,2009,202582,202581
2009-01-01,None,76,None,WT,260,Unknown,0,1.5,1,4,NA,2009,202602,202601
2009-01-01,None,76,None,153,261,Unknown,0,2,2,4,NA,2009,202612,202611
2009-01-01,None,230,None,252,262,Unknown,0,2,3,1,NA,2009,202622,202621
2009-01-01,None,152,None,36,264,Unknown,0,2,1,4,NA,2009,202642,202641
2009-01-01,None,97,None,56,266,Unknown,0,2,4,3,NA,2009,202662,202661
2009-01-01,None,152,None,76,267,Unknown,0,2,4,4,NA,2009,202672,202671
2009-01-01,None,45,None,214,271,Unknown,0,2,1,4,NA,2009,202712,202711
2009-01-01,None,231,None,149,272,Unknown,0,2,2,2,NA,2009,202722,202721
2009-01-01,None,131,None,61,273,Unknown,0,2,5,3,NA,2009,202732,202731
2009-01-01,None,111,None,31,276,Unknown,0,2,2,4,NA,2009,202762,202761
2009-01-01,None,123,None,52,278,Unknown,0,2,4,2,NA,2009,202782,202781
2009-01-01,None,137,None,WT,279,Unknown,0,1.5,1,2,NA,2009,202792,202791
2009-01-01,None,29,None,130,280,Unknown,0,2,1,3,NA,2009,202802,202801
2009-01-01,None,65,None,52,281,Unknown,0,2,4,1,NA,2009,202812,202811
2009-01-01,None,59,None,43,282,Unknown,0,2,2,3,NA,2009,202822,202821
2010-01-01,None,8,None,30,1,Unknown,0,3,1,2,NA,2010,300012,300011
2010-01-01,None,84,None,5,2,Unknown,0,3,3,2,NA,2010,300022,300021
2010-01-01,None,1,None,41,3,Unknown,0,2.8,3,4,NA,2010,300032,300031
2010-01-01,None,10,None,69,4,Unknown,0,2.8,3,1,NA,2010,300042,300041
2010-01-01,None,38,None,58,5,Unknown,0.125,3,3,3,NA,2010,300052,300051
2010-01-01,None,38,None,72,6,Unknown,0,3,4,3,NA,2010,300062,300061
2010-01-01,None,3,None,WT,7,Unknown,0,2,1,2,NA,2010,300072,300071
2010-01-01,None,63,None,187,8,Unknown,0,2.8,5,2,NA,2010,300082,300081
2010-01-01,None,61,None,35,9,Unknown,0,2.8,3,3,NA,2010,300092,300091
2010-01-01,None,41,None,1,10,Unknown,0,2.8,4,3,NA,2010,300102,300101
2010-01-01,None,93,None,35,12,Unknown,0,2.8,3,3,NA,2010,300122,300121
2010-01-01,None,8,None,72,13,Unknown,0,3,4,2,NA,2010,300132,300131
2010-01-01,None,12,None,WT,14,Unknown,0,1.8,1,2,NA,2010,300142,300141
2010-01-01,None,99,None,54,16,Unknown,0,2.8,3,2,NA,2010,300162,300161
2010-01-01,None,37,None,102,17,Unknown,0.125,2.8,2,2,NA,2010,300172,300171
2010-01-01,None,60,None,66,18,Unknown,0,2.8,3,1,NA,2010,300182,300181
2010-01-01,None,111,None,11,19,Unknown,0,2.8,3,3,NA,2010,300192,300191
2010-01-01,None,35,None,94,20,Unknown,0,2.8,2,3,NA,2010,300202,300201
2010-01-01,None,72,None,45,21,Unknown,0,3,2,4,NA,2010,300212,300211
2010-01-01,None,72,None,20,22,Unknown,0,2.8,3,4,NA,2010,300222,300221
2010-01-01,None,64,None,188,23,Unknown,0,3,2,3,NA,2010,300232,300231
2010-01-01,None,5,None,121,24,Unknown,0.125,3,3,3,NA,2010,300242,300241
2010-01-01,None,2,None,54,25,Unknown,0,2.5,3,3,NA,2010,300252,300251
2010-01-01,None,17,None,5,26,Unknown,0,3,3,2,NA,2010,300262,300261
2010-01-01,None,WT,None,31,27,Unknown,0,2,3,1,NA,2010,300272,300271
2010-01-01,None,137,None,85,29,Unknown,0,2.8,3,2,NA,2010,300292,300291
2010-01-01,None,37,None,59,31,Unknown,0,3,3,2,NA,2010,300312,300311
2010-01-01,None,102,None,142,32,Unknown,0,2.5,3,2,NA,2010,300322,300321
2010-01-01,None,75,None,40,33,Unknown,0,2.8,2,1,NA,2010,300332,300331
2010-01-01,None,142,None,2,34,Unknown,0,2.5,3,3,NA,2010,300342,300341
2010-01-01,None,111,None,1,35,Unknown,0,2.8,4,3,NA,2010,300352,300351
2010-01-01,None,WT,None,111,36,Unknown,0,2,3,1,NA,2010,300362,300361
2010-01-01,None,20,None,40,37,Unknown,0,2.8,2,3,NA,2010,300372,300371
2010-01-01,None,66,None,20,38,Unknown,0,2.5,3,3,NA,2010,300382,300381
2010-01-01,None,61,None,215,39,Unknown,0,3,3,3,NA,2010,300392,300391
2010-01-01,None,96,None,93,40,Unknown,0,3,3,2,NA,2010,300402,300401
2010-01-01,None,17,None,82,41,Unknown,0,3,1,2,NA,2010,300412,300411
2010-01-01,None,23,None,29,42,Unknown,0,2.8,3,3,NA,2010,300422,300421
2010-01-01,None,93,None,29,44,Unknown,0,3,3,3,NA,2010,300442,300441
2010-01-01,None,121,None,76,46,Unknown,0,3,3,3,NA,2010,300462,300461
2010-01-01,None,77,None,184,47,Unknown,0,2.5,4,3,NA,2010,300472,300471
2010-01-01,None,58,None,47,48,Unknown,0,3,1,3,NA,2010,300482,300481
2010-01-01,None,121,None,163,49,Unknown,0,3,3,3,NA,2010,300492,300491
2010-01-01,None,36,None,79,50,Unknown,0,2.8,3,2,NA,2010,300502,300501
2010-01-01,None,77,None,175,51,Unknown,0,2.8,3,3,NA,2010,300512,300511
2010-01-01,None,142,None,43,52,Unknown,0,2.5,2,3,NA,2010,300522,300521
2010-01-01,None,61,None,177,53,Unknown,0,3,2,3,NA,2010,300532,300531
2010-01-01,None,87,None,7,54,Unknown,0,3,1,3,NA,2010,300542,300541
2010-01-01,None,169,None,77,57,Unknown,0,2.8,3,2,NA,2010,300572,300571
2010-01-01,None,58,None,62,58,Unknown,0,3,3,3,NA,2010,300582,300581
2010-01-01,None,223,None,2,59,Unknown,0,2.5,3,3,NA,2010,300592,300591
2010-01-01,None,172,None,163,62,Unknown,0,3,3,1,NA,2010,300622,300621
2010-01-01,None,18,None,68,63,Unknown,0,3,2,3,NA,2010,300632,300631
2010-01-01,None,52,None,32,64,Unknown,0,2.8,1,2,NA,2010,300642,300641
2010-01-01,None,69,None,59,65,Unknown,0,3,3,3,NA,2010,300652,300651
2010-01-01,None,WT,None,WT,66,Unknown,0,1,1,1,NA,2010,300662,300661
2010-01-01,None,188,None,18,68,Unknown,0,3,3,2,NA,2010,300682,300681
2010-01-01,None,79,None,192,69,Unknown,0,2.8,3,3,NA,2010,300692,300691
2010-01-01,None,151,None,175,70,Unknown,0,3,3,3,NA,2010,300702,300701
2010-01-01,None,197,None,137,71,Unknown,0,3,2,2,NA,2010,300712,300711
2010-01-01,None,159,None,185,72,Unknown,0,3,2,3,NA,2010,300722,300721
2010-01-01,None,133,None,100,73,Unknown,0,3,2,2,NA,2010,300732,300731
2010-01-01,None,192,None,34,74,Unknown,0,3,2,3,NA,2010,300742,300741
2010-01-01,None,171,None,34,75,Unknown,0,3,2,2,NA,2010,300752,300751
2010-01-01,None,11,None,76,76,Unknown,0,2.8,3,3,NA,2010,300762,300761
2010-01-01,None,11,None,194,77,Unknown,0,2.5,2,3,NA,2010,300772,300771
2010-01-01,None,57,None,174,78,Unknown,0,3,2,3,NA,2010,300782,300781
2010-01-01,None,57,None,175,80,Unknown,0,3,3,3,NA,2010,300802,300801
2010-01-01,None,79,None,97,81,Unknown,0,2.5,1,3,NA,2010,300812,300811
2010-01-01,None,18,None,54,82,Unknown,0,2.8,3,3,NA,2010,300822,300821
2010-01-01,None,45,None,41,83,Unknown,0,3,3,2,NA,2010,300832,300831
2010-01-01,None,199,None,177,84,Unknown,0,3,2,3,NA,2010,300842,300841
2010-01-01,None,176,None,193,85,Unknown,0.125,3,2,1,NA,2010,300852,300851
2010-01-01,None,139,None,100,86,Unknown,0,2.8,2,1,NA,2010,300862,300861
2010-01-01,None,52,None,62,87,Unknown,0,3,3,2,NA,2010,300872,300871
2010-01-01,None,171,None,174,88,Unknown,0,3,2,2,NA,2010,300882,300881
2010-01-01,None,169,None,135,89,Unknown,0,3,3,2,NA,2010,300892,300891
2010-01-01,None,195,None,208,90,Unknown,0,3,1,2,NA,2010,300902,300901
2010-01-01,None,192,None,276,91,Unknown,0,3,1,3,NA,2010,300912,300911
2010-01-01,None,168,None,239,93,Unknown,0,3,1,1,NA,2010,300932,300931
2010-01-01,None,210,None,4,94,Unknown,0,3,2,1,NA,2010,300942,300941
2010-01-01,None,214,None,95,96,Unknown,0,3,2,2,NA,2010,300962,300961
2010-01-01,None,101,None,221,97,Unknown,0,3,2,1,NA,2010,300972,300971
2010-01-01,None,64,None,213,98,Unknown,0,3,2,3,NA,2010,300982,300981
2010-01-01,None,83,None,214,99,Unknown,0,3,2,3,NA,2010,300992,300991
2010-01-01,None,76,None,185,100,Unknown,0,3,2,3,NA,2010,301002,301001
2010-01-01,None,87,None,209,101,Unknown,0,3,1,3,NA,2010,301012,301011
2010-01-01,None,63,None,134,102,Unknown,0,3,1,2,NA,2010,301022,301021
2010-01-01,None,3,None,88,103,Unknown,0,3,1,2,NA,2010,301032,301031
2010-01-01,None,89,None,31,104,Unknown,0,3,3,3,NA,2010,301042,301041
2010-01-01,None,213,None,89,105,Unknown,0,3,3,2,NA,2010,301052,301051
2010-01-01,None,31,None,38,106,Unknown,0,3,3,3,NA,2010,301062,301061
2010-01-01,None,69,None,108,107,Unknown,0,3,3,3,NA,2010,301072,301071
2010-01-01,None,199,None,14,108,Unknown,0,2.8,2,3,NA,2010,301082,301081
2010-01-01,None,159,None,282,110,Unknown,0,3,1,3,NA,2010,301102,301101
2010-01-01,None,180,None,200,111,Unknown,0,2.8,2,1,NA,2010,301112,301111
2010-01-01,None,73,None,49,114,Unknown,0,3,1,2,NA,2010,301142,301141
2010-01-01,None,57,None,187,115,Unknown,0,2.8,5,3,NA,2010,301152,301151
2010-01-01,None,106,None,114,116,Unknown,0,2.8,2,2,NA,2010,301162,301161
2010-01-01,None,200,None,230,117,Unknown,0,2.5,1,2,NA,2010,301172,301171
2010-01-01,None,165,None,98,118,Unknown,0,3,2,4,NA,2010,301182,301181
2010-01-01,None,199,None,179,119,Unknown,0,3,1,3,NA,2010,301192,301191
2010-01-01,None,151,None,218,120,Unknown,0,3,2,3,NA,2010,301202,301201
2010-01-01,None,95,None,220,121,Unknown,0,3,1,2,NA,2010,301212,301211
2010-01-01,None,68,None,152,122,Unknown,0,3,2,2,NA,2010,301222,301221
2010-01-01,None,166,None,138,123,Unknown,0,2.8,2,3,NA,2010,301232,301231
2010-01-01,None,83,None,231,124,Unknown,0,3,1,3,NA,2010,301242,301241
2010-01-01,None,151,None,15,125,Unknown,0,2.8,1,3,NA,2010,301252,301251
2010-01-01,None,165,None,78,126,Unknown,0,3,1,4,NA,2010,301262,301261
2010-01-01,None,156,None,73,127,Unknown,0,3,2,1,NA,2010,301272,301271
2010-01-01,None,206,None,166,130,Unknown,0,2.8,3,2,NA,2010,301302,301301
2010-01-01,None,59,None,154,131,Unknown,0,3,1,3,NA,2010,301312,301311
2010-01-01,None,189,None,118,132,Unknown,0,3,3,3,NA,2010,301322,301321
2010-01-01,None,165,None,189,133,Unknown,0,3,3,4,NA,2010,301332,301331
2010-01-01,None,23,None,183,134,Unknown,0,2.8,1,3,NA,2010,301342,301341
2010-01-01,None,106,None,14,135,Unknown,0,2.5,2,2,NA,2010,301352,301351
2010-01-01,None,23,None,135,136,Unknown,0,2.8,3,3,NA,2010,301362,301361
2010-01-01,None,197,None,203,137,Unknown,0,3,2,2,NA,2010,301372,301371
2010-01-01,None,278,None,190,138,Unknown,0,3,1,3,NA,2010,301382,301381
2010-01-01,None,98,None,132,139,Unknown,0,3,2,2,NA,2010,301392,301391
2010-01-01,None,163,None,261,141,Unknown,0,3,2,3,NA,2010,301412,301411
2010-01-01,None,193,None,280,142,Unknown,0,3,2,2,NA,2010,301422,301421
2010-01-01,None,189,None,207,143,Unknown,0,2.8,2,3,NA,2010,301432,301431
2010-01-01,None,84,None,110,144,Unknown,0,3,1,2,NA,2010,301442,301441
2010-01-01,None,83,None,127,145,Unknown,0,3,2,3,NA,2010,301452,301451
2010-01-01,None,36,None,105,146,Unknown,0,3,3,2,NA,2010,301462,301461
2010-01-01,None,182,None,89,147,Unknown,0,2.8,3,3,NA,2010,301472,301471
2010-01-01,None,212,None,155,148,Unknown,0,3,1,2,NA,2010,301482,301481
2010-01-01,None,120,None,278,149,Unknown,0,3,3,2,NA,2010,301492,301491
2010-01-01,None,229,None,104,150,Unknown,0,2.8,1,1,NA,2010,301502,301501
2010-01-01,None,114,None,29,151,Unknown,0,3,3,2,NA,2010,301512,301511
2010-01-01,None,WT,None,WT,152,Unknown,0,1,1,1,NA,2010,301522,301521
2010-01-01,None,195,None,64,155,Unknown,0,3,3,2,NA,2010,301552,301551
2010-01-01,None,212,None,87,156,Unknown,0,3,3,2,NA,2010,301562,301561
2010-01-01,None,56,None,43,157,Unknown,0.125,2.8,2,1,NA,2010,301572,301571
2010-01-01,None,182,None,WT,158,Unknown,0,1.8,1,3,NA,2010,301582,301581
2010-01-01,None,135,None,62,159,Unknown,0,3,3,3,NA,2010,301592,301591
2010-01-01,None,207,None,WT,160,Unknown,0,1.8,1,2,NA,2010,301602,301601
2010-01-01,None,218,None,94,161,Unknown,0,3,2,2,NA,2010,301612,301611
2010-01-01,None,206,None,WT,162,Unknown,0,2,1,2,NA,2010,301622,301621
2010-01-01,None,215,None,124,163,Unknown,0,3,3,3,NA,2010,301632,301631
2010-01-01,None,162,None,187,164,Unknown,0,2.8,5,1,NA,2010,301642,301641
2010-01-01,None,85,None,184,165,Unknown,0,2.5,4,3,NA,2010,301652,301651
2010-01-01,None,127,None,147,166,Unknown,0,3,3,2,NA,2010,301662,301661
2010-01-01,None,278,None,165,168,Unknown,0,3,4,3,NA,2010,301682,301681
2010-01-01,None,WT,None,WT,169,Unknown,0,1,1,1,NA,2010,301692,301691
2010-01-01,None,118,None,223,170,Unknown,0,2.8,3,3,NA,2010,301702,301701
2010-01-01,None,132,None,271,171,Unknown,0,3,1,2,NA,2010,301712,301711
2010-01-01,None,158,None,267,172,Unknown,0,3,2,1,NA,2010,301722,301721
2010-01-01,None,181,None,WT,173,Unknown,0,2,1,2,NA,2010,301732,301731
2010-01-01,None,181,None,141,175,Unknown,0,2.8,1,2,NA,2010,301752,301751
2010-01-01,None,145,None,125,176,Unknown,0,3,3,2,NA,2010,301762,301761
2010-01-01,None,251,None,150,177,Unknown,0,3,3,1,NA,2010,301772,301771
2010-01-01,None,125,None,116,178,Unknown,0,2.8,3,3,NA,2010,301782,301781
2010-01-01,None,4,None,112,179,Unknown,0,3,1,2,NA,2010,301792,301791
2010-01-01,None,250,None,143,180,Unknown,0,2.8,2,1,NA,2010,301802,301801
2010-01-01,None,166,None,126,181,Unknown,0,2.8,1,3,NA,2010,301812,301811
2010-01-01,None,267,None,145,182,Unknown,0,3,2,2,NA,2010,301822,301821
2010-01-01,None,107,None,96,184,Unknown,0,2.8,2,2,NA,2010,301842,301841
2010-01-01,None,108,None,253,185,Unknown,0,3,2,3,NA,2010,301852,301851
2010-01-01,None,159,None,105,187,Unknown,0,3,3,3,NA,2010,301872,301871
2010-01-01,None,173,None,232,188,Unknown,0,2.8,1,1,NA,2010,301882,301881
2010-01-01,None,184,None,204,189,Unknown,0,2.5,1,4,NA,2010,301892,301891
2010-01-01,None,261,None,105,190,Unknown,0,3,3,2,NA,2010,301902,301901
2010-01-01,None,125,None,167,191,Unknown,0,3,1,3,NA,2010,301912,301911
2010-01-01,None,66,None,124,192,Unknown,0,2.8,3,3,NA,2010,301922,301921
2010-01-01,None,118,None,152,193,Unknown,0,3,2,3,NA,2010,301932,301931
2010-01-01,None,92,None,253,194,Unknown,0,2.8,2,1,NA,2010,301942,301941
2010-01-01,None,124,None,153,195,Unknown,0,3,1,3,NA,2010,301952,301951
2010-01-01,None,215,None,194,196,Unknown,0,2.8,2,3,NA,2010,301962,301961
2010-01-01,None,143,None,205,197,Unknown,0,2.5,1,2,NA,2010,301972,301971
2010-01-01,None,202,None,116,199,Unknown,0,2.8,3,1,NA,2010,301992,301991
2010-01-01,None,128,None,WT,200,Unknown,0,2,1,1,NA,2010,302002,302001
2010-01-01,None,108,None,WT,201,Unknown,0,2,1,3,NA,2010,302012,302011
2010-01-01,None,149,None,138,202,Unknown,0,3,2,1,NA,2010,302022,302021
2010-01-01,None,249,None,12,205,Unknown,0,2.8,2,1,NA,2010,302052,302051
2010-01-01,None,107,None,WT,207,Unknown,0,1.8,1,2,NA,2010,302072,302071
2010-01-01,None,136,None,116,209,Unknown,0,2.5,3,1,NA,2010,302092,302091
2010-01-01,None,147,None,187,210,Unknown,0,2.8,5,3,NA,2010,302102,302101
2010-01-01,None,160,None,182,211,Unknown,0,2.8,3,1,NA,2010,302112,302111
2010-01-01,None,223,None,147,212,Unknown,0,2.8,3,3,NA,2010,302122,302121
2010-01-01,None,225,None,150,213,Unknown,0,3,3,2,NA,2010,302132,302131
2010-01-01,None,150,None,279,216,Unknown,0,2.8,2,3,NA,2010,302162,302161
2010-01-01,None,221,None,99,219,Unknown,0,3,2,2,NA,2010,302192,302191
2010-01-01,None,256,None,257,220,Unknown,0,3,1,2,NA,2010,302202,302201
2010-01-01,None,256,None,258,221,Unknown,0,3,1,2,NA,2010,302212,302211
2010-01-01,None,184,None,254,223,Unknown,0,2.8,1,4,NA,2010,302232,302231
2010-01-01,None,260,None,WT,225,Unknown,0,1.8,1,2,NA,2010,302252,302251
2010-01-01,None,260,None,85,232,Unknown,0,2.5,3,2,NA,2010,302322,302321
2010-01-01,None,272,None,6,235,Unknown,0,2.8,1,1,NA,2010,302352,302351
2010-01-01,None,203,None,120,237,Unknown,0,3,2,2,NA,2010,302372,302371
2010-01-01,None,225,None,279,238,Unknown,0,2.8,2,2,NA,2010,302382,302381
2010-01-01,None,262,None,WT,239,Unknown,0,2,1,1,NA,2010,302392,302391
2010-01-01,None,280,None,187,240,Unknown,0,2.8,5,2,NA,2010,302402,302401
2010-01-01,None,133,None,1,253,Unknown,0,2.8,4,2,NA,2010,302532,302531
2011-01-01,None,38,None,12,1,Unknown,0,3.6,1,7,NA,2011,400012,400011
2011-01-01,None,86,None,5,2,Unknown,0,3.9,2,5,NA,2011,400022,400021
2011-01-01,None,86,None,32,3,Unknown,0,3.6,4,5,NA,2011,400032,400031
2011-01-01,None,2,None,86,5,Unknown,0,3.9,5,2,NA,2011,400052,400051
2011-01-01,None,36,None,6,6,Unknown,0,3.5,1,7,NA,2011,400062,400061
2011-01-01,None,38,None,34,7,Unknown,0,3.5,3,7,NA,2011,400072,400071
2011-01-01,None,29,None,62,8,Unknown,0,3.9,2,4,NA,2011,400082,400081
2011-01-01,None,81,None,26,9,Unknown,0,3.8,1,7,NA,2011,400092,400091
2011-01-01,None,36,None,3,10,Unknown,0,3.4,2,7,NA,2011,400102,400101
2011-01-01,None,13,None,81,11,Unknown,0,3.8,7,2,NA,2011,400112,400111
2011-01-01,None,33,None,69,12,Unknown,0,3.8,3,3,NA,2011,400122,400121
2011-01-01,None,9,None,84,13,Unknown,0,3.9,3,2,NA,2011,400132,400131
2011-01-01,None,23,None,69,15,Unknown,0,3.9,3,3,NA,2011,400152,400151
2011-01-01,None,53,None,70,27,Unknown,0,4,1,2,NA,2011,400272,400271
2011-01-01,None,WT,None,WT,28,Unknown,0,1,1,1,NA,2011,400282,400281
2011-01-01,None,172,None,195,30,Unknown,0,4,2,1,NA,2011,400302,400301
2011-01-01,None,133,None,165,31,Unknown,0,3.8,5,1,NA,2011,400312,400311
2011-01-01,None,135,None,23,32,Unknown,0,3.8,3,4,NA,2011,400322,400321
2011-01-01,None,64,None,2,33,Unknown,0,3.9,2,1,NA,2011,400332,400331
2011-01-01,None,75,None,1,34,Unknown,0,4,1,1,NA,2011,400342,400341
2011-01-01,None,116,None,17,35,Unknown,0,3.8,3,1,NA,2011,400352,400351
2011-01-01,None,205,None,175,36,Unknown,0,3.8,4,2,NA,2011,400362,400361
2011-01-01,None,42,None,192,38,Unknown,0,3.8,3,2,NA,2011,400382,400381
2011-01-01,None,8,None,193,39,Unknown,0.03125,3.9,1,1,NA,2011,400392,400391
2011-01-01,None,199,None,187,40,Unknown,0,3.9,1,3,NA,2011,400402,400401
2011-01-01,None,7,None,49,41,Unknown,0.03125,3.5,1,7,NA,2011,400412,400411
2011-01-01,None,97,None,148,42,Unknown,0,4,3,1,NA,2011,400422,400421
2011-01-01,None,29,None,165,43,Unknown,0.125,3.6,5,4,NA,2011,400432,400431
2011-01-01,None,78,None,136,44,Unknown,0,3.9,1,1,NA,2011,400442,400441
2011-01-01,None,142,None,147,45,Unknown,0,3.9,4,1,NA,2011,400452,400451
2011-01-01,None,59,None,117,47,Unknown,0,3.5,6,5,NA,2011,400472,400471
2011-01-01,None,141,None,134,48,Unknown,0,3.9,1,2,NA,2011,400482,400481
2011-01-01,None,145,None,127,50,Unknown,0,4,3,1,NA,2011,400502,400501
2011-01-01,None,87,None,149,51,Unknown,0,4,2,1,NA,2011,400512,400511
2011-01-01,None,152,None,38,52,Unknown,0,2.8,7,3,NA,2011,400522,400521
2011-01-01,None,50,None,38,53,Unknown,0.03125,3.6,7,2,NA,2011,400532,400531
2011-01-01,None,29,None,38,55,Unknown,0,3.6,7,4,NA,2011,400552,400551
2011-01-01,None,7,None,18,56,Unknown,0.03125,3.4,2,7,NA,2011,400562,400561
2011-01-01,None,19,None,76,57,Unknown,0.125,3.8,1,2,NA,2011,400572,400571
2011-01-01,None,23,None,147,58,Unknown,0,3.9,4,3,NA,2011,400582,400581
2011-01-01,None,13,None,148,59,Unknown,0,4,3,2,NA,2011,400592,400591
2011-01-01,None,110,None,135,60,Unknown,0,3.8,4,1,NA,2011,400602,400601
2011-01-01,None,120,None,111,62,Unknown,0,3.9,4,1,NA,2011,400622,400621
2011-01-01,None,123,None,81,63,Unknown,0,3.6,7,1,NA,2011,400632,400631
2011-01-01,None,144,None,46,66,Unknown,0,4,1,1,NA,2011,400662,400661
2011-01-01,None,165,None,47,67,Unknown,0.125,3.5,1,5,NA,2011,400672,400671
2011-01-01,None,168,None,21,68,Unknown,0,4,1,1,NA,2011,400682,400681
2011-01-01,None,17,None,195,69,Unknown,0,3.9,2,3,NA,2011,400692,400691
2011-01-01,None,27,None,44,70,Unknown,0,3.5,1,5,NA,2011,400702,400701
2011-01-01,None,32,None,20,71,Unknown,0,3.6,2,4,NA,2011,400712,400711
2011-01-01,None,19,None,196,72,Unknown,0,3.8,2,2,NA,2011,400722,400721
2011-01-01,None,17,None,175,73,Unknown,0,3.8,4,3,NA,2011,400732,400731
2011-01-01,None,32,None,149,74,Unknown,0,3.8,2,4,NA,2011,400742,400741
2011-01-01,None,197,None,3,76,Unknown,0,3.6,2,1,NA,2011,400762,400761
2011-01-01,None,199,None,10,77,Unknown,0,3.8,3,3,NA,2011,400772,400771
2011-01-01,None,159,None,31,79,Unknown,0,4,1,1,NA,2011,400792,400791
2011-01-01,None,135,None,34,80,Unknown,0,3.5,3,4,NA,2011,400802,400801
2011-01-01,None,135,None,37,81,Unknown,0,3.6,1,4,NA,2011,400812,400811
2011-01-01,None,38,None,166,82,Unknown,0,3.8,1,7,NA,2011,400822,400821
2011-01-01,None,36,None,156,83,Unknown,0,3.5,1,7,NA,2011,400832,400831
2011-01-01,None,32,None,161,84,Unknown,0,3.8,1,4,NA,2011,400842,400841
2011-01-01,None,4,None,253,86,Unknown,0,3.8,3,3,NA,2011,400862,400861
2011-01-01,None,7,None,211,87,Unknown,0,3.4,3,7,NA,2011,400872,400871
2011-01-01,None,27,None,202,88,Unknown,0,3.5,1,5,NA,2011,400882,400881
2011-01-01,None,33,None,199,89,Unknown,0,3.8,3,3,NA,2011,400892,400891
2011-01-01,None,36,None,189,90,Unknown,0,3.2,2,7,NA,2011,400902,400901
2011-01-01,None,54,None,181,91,Unknown,0,3.9,1,2,NA,2011,400912,400911
2011-01-01,None,66,None,42,92,Unknown,0,2.9,2,4,NA,2011,400922,400921
2011-01-01,None,66,None,35,93,Unknown,0,2.9,1,4,NA,2011,400932,400931
2011-01-01,None,82,None,192,112,Unknown,0,3.8,3,1,NA,2011,401122,401121
2011-01-01,None,89,None,127,113,Unknown,0,4,3,1,NA,2011,401132,401131
2011-01-01,None,96,None,165,114,Unknown,0,3.8,5,1,NA,2011,401142,401141
2011-01-01,None,143,None,152,115,Unknown,0,2.9,3,2,NA,2011,401152,401151
2011-01-01,None,177,None,147,117,Unknown,0,3.9,4,2,NA,2011,401172,401171
2011-01-01,None,27,None,253,119,Unknown,0,3.4,3,5,NA,2011,401192,401191
2011-01-01,None,63,None,138,120,Unknown,0,4,3,1,NA,2011,401202,401201
2011-01-01,None,77,None,117,121,Unknown,0,3.5,6,2,NA,2011,401212,401211
2011-01-01,None,84,None,115,122,Unknown,0,3.9,3,3,NA,2011,401222,401221
2011-01-01,None,86,None,81,123,Unknown,0,3.6,7,5,NA,2011,401232,401231
2011-01-01,None,124,None,102,124,Unknown,0,4,2,1,NA,2011,401242,401241
2011-01-01,None,164,None,7,125,Unknown,0,3.4,7,2,NA,2011,401252,401251
2011-01-01,None,WT,None,WT,126,Unknown,0,1,1,1,NA,2011,401262,401261
2011-01-01,None,25,None,117,127,Unknown,0,3.5,6,2,NA,2011,401272,401271
2011-01-01,None,52,None,7,128,Unknown,0,3.2,7,3,NA,2011,401282,401281
2011-01-01,None,81,None,59,130,Unknown,0,3.5,5,7,NA,2011,401302,401301
2011-01-01,None,106,None,52,132,Unknown,0,3.8,3,1,NA,2011,401322,401321
2011-01-01,None,132,None,51,133,Unknown,0,3.9,2,1,NA,2011,401332,401331
2011-01-01,None,138,None,88,134,Unknown,0,4,2,3,NA,2011,401342,401341
2011-01-01,None,173,None,4,135,Unknown,0,3.4,3,3,NA,2011,401352,401351
2011-01-01,None,24,None,253,136,Unknown,0,3.9,3,1,NA,2011,401362,401361
2011-01-01,None,59,None,232,137,Unknown,0,3.5,4,5,NA,2011,401372,401371
2011-01-01,None,98,None,107,139,Unknown,0,4,1,1,NA,2011,401392,401391
2011-01-01,None,103,None,119,140,Unknown,0,4,2,2,NA,2011,401402,401401
2011-01-01,None,108,None,117,141,Unknown,0,3.6,6,1,NA,2011,401412,401411
2011-01-01,None,115,None,73,142,Unknown,0,3.9,1,3,NA,2011,401422,401421
2011-01-01,None,118,None,66,143,Unknown,0,3,4,1,NA,2011,401432,401431
2011-01-01,None,125,None,59,144,Unknown,0,3.6,5,5,NA,2011,401442,401441
2011-01-01,None,139,None,34,146,Unknown,0,3.8,3,1,NA,2011,401462,401461
2011-01-01,None,143,None,33,147,Unknown,0,3.8,3,2,NA,2011,401472,401471
2011-01-01,None,146,None,27,148,Unknown,0,3.5,5,2,NA,2011,401482,401481
2011-01-01,None,150,None,25,149,Unknown,0,3.6,2,2,NA,2011,401492,401491
2011-01-01,None,158,None,93,150,Unknown,0,3.4,1,4,NA,2011,401502,401501
2011-01-01,None,170,None,91,151,Unknown,0,3.9,1,1,NA,2011,401512,401511
2011-01-01,None,171,None,88,152,Unknown,0,4,2,1,NA,2011,401522,401521
2011-01-01,None,173,None,57,153,Unknown,0,3.4,1,3,NA,2011,401532,401531
2011-01-01,None,194,None,83,154,Unknown,0,3.9,1,1,NA,2011,401542,401541
2011-01-01,None,179,None,155,155,Unknown,0,4,1,1,NA,2011,401552,401551
2011-01-01,None,71,None,103,156,Unknown,0,4,2,1,NA,2011,401562,401561
2011-01-01,None,77,None,180,158,Unknown,0,3.6,4,2,NA,2011,401582,401581
2011-01-01,None,85,None,157,159,Unknown,0,3.9,2,1,NA,2011,401592,401591
2011-01-01,None,94,None,151,160,Unknown,0,4,1,1,NA,2011,401602,401601
2011-01-01,None,111,None,130,161,Unknown,0,3.8,1,4,NA,2011,401612,401611
2011-01-01,None,164,None,117,164,Unknown,0,3.6,6,2,NA,2011,401642,401641
2011-01-01,None,180,None,104,165,Unknown,0,3.9,1,4,NA,2011,401652,401651
2011-01-01,None,190,None,99,167,Unknown,0,4,1,1,NA,2011,401672,401671
2011-01-01,None,205,None,126,168,Unknown,0,3.9,1,2,NA,2011,401682,401681
2011-01-01,None,81,None,WT,169,Unknown,0,2.2,1,7,NA,2011,401692,401691
2011-01-01,None,27,None,125,170,Unknown,0,3.4,5,5,NA,2011,401702,401701
2011-01-01,None,51,None,121,171,Unknown,0,3.9,1,2,NA,2011,401712,401711
2011-01-01,None,54,None,114,172,Unknown,0,4,1,2,NA,2011,401722,401721
2011-01-01,None,90,None,101,173,Unknown,0,4,1,1,NA,2011,401732,401731
2011-01-01,None,180,None,131,174,Unknown,0,3.9,1,4,NA,2011,401742,401741
2011-01-01,None,7,None,192,175,Unknown,0,3.4,3,7,NA,2011,401752,401751
2011-01-01,None,10,None,9,177,Unknown,0,3.8,2,3,NA,2011,401772,401771
2011-01-01,None,59,None,148,179,Unknown,0,3.8,3,5,NA,2011,401792,401791
2011-01-01,None,62,None,138,180,Unknown,0,4,3,2,NA,2011,401802,401801
2011-01-01,None,117,None,127,182,Unknown,0,3.8,3,6,NA,2011,401822,401821
2011-01-01,None,141,None,38,184,Unknown,0,3.8,7,2,NA,2011,401842,401841
2011-01-01,None,147,None,53,185,Unknown,0,3.9,2,4,NA,2011,401852,401851
2011-01-01,None,162,None,69,186,Unknown,0,3.4,3,9,NA,2011,401862,401861
2011-01-01,None,211,None,4,187,Unknown,0,3.8,3,3,NA,2011,401872,401871
2011-01-01,None,14,None,115,188,Unknown,0,3.2,3,1,NA,2011,401882,401881
2011-01-01,None,111,None,86,191,Unknown,0,3.8,5,4,NA,2011,401912,401911
2011-01-01,None,119,None,81,192,Unknown,0,3.8,7,2,NA,2011,401922,401921
2011-01-01,None,137,None,84,193,Unknown,0,4,3,1,NA,2011,401932,401931
2011-01-01,None,146,None,125,194,Unknown,0,3.9,5,2,NA,2011,401942,401941
2011-01-01,None,150,None,52,195,Unknown,0,3.6,3,2,NA,2011,401952,401951
2011-01-01,None,160,None,WT,196,Unknown,0,1.9,1,2,NA,2011,401962,401961
2011-01-01,None,162,None,178,197,Unknown,0,3.4,1,9,NA,2011,401972,401971
2011-01-01,None,180,None,WT,198,Unknown,0,2.4,1,4,NA,2011,401982,401981
2011-01-01,None,182,None,165,199,Unknown,0,3.8,5,1,NA,2011,401992,401991
2011-01-01,None,201,None,102,200,Unknown,0,3.5,2,1,NA,2011,402002,402001
2011-01-01,None,185,None,5,201,Unknown,0,4,2,1,NA,2011,402012,402011
2011-01-01,None,WT,None,WT,204,Unknown,0,1,1,1,NA,2011,402042,402041
2011-01-01,None,50,None,158,205,Unknown,0,3.2,4,2,NA,2011,402052,402051
2011-01-01,None,158,None,162,207,Unknown,0,2.9,9,4,NA,2011,402072,402071
2011-01-01,None,WT,None,WT,209,Unknown,0,1,1,1,NA,2011,402092,402091
2011-01-01,None,WT,None,WT,210,Unknown,0,1,1,1,NA,2011,402102,402101
2011-01-01,None,WT,None,WT,211,Unknown,0,1,1,1,NA,2011,402112,402111
2011-01-01,None,WT,None,WT,212,Unknown,0,1,1,1,NA,2011,402122,402121
2011-01-01,None,WT,None,WT,213,Unknown,0,1,1,1,NA,2011,402132,402131
2011-01-01,None,WT,None,WT,214,Unknown,0,1,1,1,NA,2011,402142,402141
2011-01-01,None,36,None,10,216,Unknown,0,3.4,3,7,NA,2011,402162,402161
2011-01-01,None,111,None,162,217,Unknown,0,3.4,9,4,NA,2011,402172,402171
2011-01-01,None,WT,None,WT,219,Unknown,0,1,1,1,NA,2011,402192,402191
2011-01-01,None,58,None,189,220,Unknown,0,3.8,2,1,NA,2011,402202,402201
2011-01-01,None,WT,None,WT,223,Unknown,0,1,1,1,NA,2011,402232,402231
2011-01-01,None,WT,None,WT,224,Unknown,0,1,1,1,NA,2011,402242,402241
2011-01-01,None,36,None,41,225,Unknown,0,3.5,1,7,NA,2011,402252,402251
2011-01-01,None,7,None,211,226,Unknown,0,3.4,3,7,NA,2011,402262,402261
2011-01-01,None,20,None,175,227,Unknown,0,3.8,4,2,NA,2011,402272,402271
2011-01-01,None,213,None,66,228,Unknown,0,3,4,1,NA,2011,402282,402281
2011-01-01,None,219,None,WT,230,Unknown,0,2.5,1,2,NA,2011,402302,402301
2011-01-01,None,210,None,162,232,Unknown,0,3.4,9,5,NA,2011,402322,402321
2011-01-01,None,125,None,173,233,Unknown,0,3.4,3,5,NA,2011,402332,402331
2011-01-01,None,160,None,177,237,Unknown,0,3.4,2,2,NA,2011,402372,402371
2011-01-01,None,169,None,162,238,Unknown,0,2.5,9,1,NA,2011,402382,402381
2011-01-01,None,219,None,175,239,Unknown,0,3.9,4,2,NA,2011,402392,402391
2011-01-01,None,220,None,196,240,Unknown,0,3.9,2,1,NA,2011,402402,402401
2011-01-01,None,207,None,40,242,Unknown,0,3.4,1,1,NA,2011,402422,402421
2011-01-01,None,188,None,157,243,Unknown,0,3.8,2,2,NA,2011,402432,402431
2011-01-01,None,162,None,16,244,Unknown,0,3.4,4,9,NA,2011,402442,402441
2011-01-01,None,162,None,188,245,Unknown,0,3.4,2,9,NA,2011,402452,402451
2011-01-01,None,152,None,209,246,Unknown,0,2.8,2,3,NA,2011,402462,402461
2011-01-01,None,125,None,36,247,Unknown,0,3.4,7,5,NA,2011,402472,402471
2011-01-01,None,WT,None,WT,248,Unknown,0,1,1,1,NA,2011,402482,402481
2011-01-01,None,237,None,29,250,Unknown,0,3.9,4,5,NA,2011,402502,402501
2011-01-01,None,16,None,WT,251,Unknown,0,2.4,1,4,NA,2011,402512,402511
2011-01-01,None,209,None,WT,253,Unknown,0,2.2,1,2,NA,2011,402532,402531
2011-01-01,None,16,None,162,256,Unknown,0,3.4,9,4,NA,2011,402562,402561
2011-01-01,None,158,None,16,258,Unknown,0,3.2,4,4,NA,2011,402582,402581
2011-01-01,None,18,None,200,259,Unknown,0,3.4,1,2,NA,2011,402592,402591
2011-01-01,None,25,None,WT,260,Unknown,0,1.8,1,1,NA,2011,402602,402601
2011-01-01,None,228,None,WT,261,Unknown,0,2,1,1,NA,2011,402612,402611
2011-01-01,None,223,None,210,262,Unknown,0,3.8,5,5,NA,2011,402622,402621
2011-01-01,None,235,None,212,263,Unknown,0,3.8,2,1,NA,2011,402632,402631
2011-01-01,None,216,None,WT,264,Unknown,0,2.4,1,2,NA,2011,402642,402641
2011-01-01,None,232,None,223,266,Unknown,0,3.6,5,4,NA,2011,402662,402661
2011-01-01,None,238,None,223,267,Unknown,0,3.8,5,3,NA,2011,402672,402671
2011-01-01,None,225,None,WT,268,Unknown,0,1.9,1,2,NA,2011,402682,402681
2011-01-01,None,212,None,237,269,Unknown,0,3.9,5,2,NA,2011,402692,402691
2011-01-01,None,237,None,WT,270,Unknown,0,2.5,1,5,NA,2011,402702,402701
2011-01-01,None,223,None,240,271,Unknown,0,3.8,2,5,NA,2011,402712,402711
2011-01-01,None,239,None,WT,272,Unknown,0,2,1,2,NA,2011,402722,402721
2011-01-01,None,WT,None,WT,274,Unknown,0,1,1,1,NA,2011,402742,402741
2011-01-01,None,232,None,210,275,Unknown,0,3.6,5,4,NA,2011,402752,402751
2011-01-01,None,210,None,223,276,Unknown,0,3.8,5,5,NA,2011,402762,402761
2011-01-01,None,232,None,225,277,Unknown,0.125,3.1,2,4,NA,2011,402772,402771
2011-01-01,None,238,None,221,278,Unknown,0,3.9,1,3,NA,2011,402782,402781
2011-01-01,None,210,None,237,279,Unknown,0,3.9,5,5,NA,2011,402792,402791
2011-01-01,None,238,None,237,280,Unknown,0.03125,3.9,5,3,NA,2011,402802,402801
2011-01-01,None,216,None,240,281,Unknown,0,3.8,2,2,NA,2011,402812,402811
2011-01-01,None,WT,None,239,283,Unknown,0,2,2,1,NA,2011,402832,402831
2012-01-01,None,13,None,87,2,Unknown,0,4.6,1,4,NA,2012,500022,500021
2012-01-01,None,5,None,79,3,Unknown,0.00781,4.9,2,4,NA,2012,500032,500031
2012-01-01,None,43,None,76,4,Unknown,0,4.6,2,4,NA,2012,500042,500041
2012-01-01,None,7,None,113,5,Unknown,0,4.8,2,3,NA,2012,500052,500051
2012-01-01,None,89,None,53,8,Unknown,0,4.7,3,1,NA,2012,500082,500081
2012-01-01,None,32,None,1,10,Unknown,0,4.7,2,4,NA,2012,500102,500101
2012-01-01,None,148,None,144,11,Unknown,0,4.6,2,3,NA,2012,500112,500111
2012-01-01,None,5,None,28,13,Unknown,0,3.4,2,4,NA,2012,500132,500131
2012-01-01,None,33,None,32,14,Unknown,0,4.8,4,2,NA,2012,500142,500141
2012-01-01,None,43,None,34,15,Unknown,0,4.8,1,4,NA,2012,500152,500151
2012-01-01,None,56,None,36,16,Unknown,0,4.6,3,3,NA,2012,500162,500161
2012-01-01,None,50,None,44,18,Unknown,0,4.9,2,2,NA,2012,500182,500181
2012-01-01,None,88,None,51,20,Unknown,0,4.8,4,2,NA,2012,500202,500201
2012-01-01,None,59,None,2,21,Unknown,0,4.9,2,3,NA,2012,500212,500211
2012-01-01,None,13,None,112,22,Unknown,0,4.8,2,4,NA,2012,500222,500221
2012-01-01,None,52,None,91,23,Unknown,0,4.3,2,2,NA,2012,500232,500231
2012-01-01,None,35,None,48,25,Unknown,0,4.8,1,2,NA,2012,500252,500251
2012-01-01,None,43,None,57,26,Unknown,0,4.7,2,4,NA,2012,500262,500261
2012-01-01,None,84,None,9,27,Unknown,0,4.8,3,2,NA,2012,500272,500271
2012-01-01,None,41,None,63,29,Unknown,0,4.6,2,5,NA,2012,500292,500291
2012-01-01,None,57,None,67,30,Unknown,0,4.6,1,2,NA,2012,500302,500301
2012-01-01,None,88,None,60,31,Unknown,0,4.6,2,2,NA,2012,500312,500311
2012-01-01,None,2,None,264,34,Unknown,0,4.1,4,2,NA,2012,500342,500341
2012-01-01,None,281,None,266,35,Unknown,0,4.7,2,1,NA,2012,500352,500351
2012-01-01,None,68,None,164,37,Unknown,0,4.8,5,2,NA,2012,500372,500371
2012-01-01,None,47,None,171,39,Unknown,0,4.7,2,1,NA,2012,500392,500391
2012-01-01,None,7,None,167,40,Unknown,0,4.8,2,3,NA,2012,500402,500401
2012-01-01,None,180,None,137,41,Unknown,0,4.8,3,2,NA,2012,500412,500411
2012-01-01,None,139,None,140,42,Unknown,0,5,4,3,NA,2012,500422,500421
2012-01-01,None,169,None,119,44,Unknown,0,3.8,5,3,NA,2012,500442,500441
2012-01-01,None,200,None,41,45,Unknown,0,4.5,5,2,NA,2012,500452,500451
2012-01-01,None,59,None,155,48,Unknown,0,5,5,3,NA,2012,500482,500481
2012-01-01,None,38,None,152,49,Unknown,0,4.9,2,2,NA,2012,500492,500491
2012-01-01,None,262,None,141,50,Unknown,0,4.7,3,2,NA,2012,500502,500501
2012-01-01,None,184,None,142,51,Unknown,0,4.8,3,1,NA,2012,500512,500511
2012-01-01,None,44,None,124,52,Unknown,0,4.9,3,2,NA,2012,500522,500521
2012-01-01,None,164,None,81,53,Unknown,0,4.6,3,5,NA,2012,500532,500531
2012-01-01,None,198,None,69,54,Unknown,0,4.1,2,2,NA,2012,500542,500541
2012-01-01,None,114,None,60,55,Unknown,0,4.8,2,3,NA,2012,500552,500551
2012-01-01,None,84,None,51,56,Unknown,0,4.9,4,2,NA,2012,500562,500561
2012-01-01,None,148,None,39,57,Unknown,0,4.7,1,3,NA,2012,500572,500571
2012-01-01,None,80,None,42,58,Unknown,0,4.8,3,2,NA,2012,500582,500581
2012-01-01,None,177,None,243,60,Unknown,0,4.8,3,2,NA,2012,500602,500601
2012-01-01,None,43,None,173,62,Unknown,0,4.8,1,4,NA,2012,500622,500621
2012-01-01,None,114,None,172,63,Unknown,0,4.9,2,3,NA,2012,500632,500631
2012-01-01,None,56,None,159,64,Unknown,0,4.6,4,3,NA,2012,500642,500641
2012-01-01,None,42,None,28,66,Unknown,0,3.5,2,3,NA,2012,500662,500661
2012-01-01,None,WT,None,WT,67,Unknown,0,1,1,1,NA,2012,500672,500671
2012-01-01,None,WT,None,WT,68,Unknown,0,1,1,1,NA,2012,500682,500681
2012-01-01,None,33,None,243,70,Unknown,0,4.8,3,2,NA,2012,500702,500701
2012-01-01,None,124,None,250,71,Unknown,0,4.9,3,3,NA,2012,500712,500711
2012-01-01,None,42,None,228,74,Unknown,0,4.5,2,3,NA,2012,500742,500741
2012-01-01,None,59,None,227,75,Unknown,0,4.9,2,3,NA,2012,500752,500751
2012-01-01,None,66,None,220,77,Unknown,0,4.9,3,2,NA,2012,500772,500771
2012-01-01,None,120,None,205,78,Unknown,0,4.6,3,2,NA,2012,500782,500781
2012-01-01,None,119,None,68,80,Unknown,0,4.7,2,5,NA,2012,500802,500801
2012-01-01,None,132,None,63,81,Unknown,0,4.7,2,2,NA,2012,500812,500811
2012-01-01,None,41,None,36,83,Unknown,0,4.6,3,5,NA,2012,500832,500831
2012-01-01,None,172,None,41,85,Unknown,0,4.8,5,2,NA,2012,500852,500851
2012-01-01,None,41,None,38,86,Unknown,0,4.6,2,5,NA,2012,500862,500861
2012-01-01,None,82,None,32,87,Unknown,0,4.8,4,1,NA,2012,500872,500871
2012-01-01,None,217,None,31,88,Unknown,0,4.6,1,3,NA,2012,500882,500881
2012-01-01,None,125,None,32,90,Unknown,0,4.6,4,2,NA,2012,500902,500901
2012-01-01,None,66,None,8,92,Unknown,0,4.9,3,2,NA,2012,500922,500921
2012-01-01,None,250,None,6,93,Unknown,0,4.7,1,3,NA,2012,500932,500931
2012-01-01,None,185,None,195,95,Unknown,0,4.8,3,3,NA,2012,500952,500951
2012-01-01,None,50,None,159,97,Unknown,0,4.9,4,2,NA,2012,500972,500971
2012-01-01,None,217,None,152,98,Unknown,0,4.7,2,3,NA,2012,500982,500981
2012-01-01,None,140,None,151,99,Unknown,0,4.9,2,4,NA,2012,500992,500991
2012-01-01,None,226,None,139,100,Unknown,0,4.7,3,2,NA,2012,501002,501001
2012-01-01,None,115,None,126,101,Unknown,0,2.9,4,1,NA,2012,501012,501011
2012-01-01,None,140,None,113,102,Unknown,0,5,2,4,NA,2012,501022,501021
2012-01-01,None,165,None,91,103,Unknown,0,4.9,2,3,NA,2012,501032,501031
2012-01-01,None,11,None,146,104,Unknown,0,4.8,3,3,NA,2012,501042,501041
2012-01-01,None,5,None,263,105,Unknown,0,4.8,1,4,NA,2012,501052,501051
2012-01-01,None,40,None,192,106,Unknown,0,4.8,3,3,NA,2012,501062,501061
2012-01-01,None,142,None,205,107,Unknown,0,4.6,3,3,NA,2012,501072,501071
2012-01-01,None,12,None,187,108,Unknown,0,4.8,2,3,NA,2012,501082,501081
2012-01-01,None,133,None,182,109,Unknown,0,4.8,2,2,NA,2012,501092,501091
2012-01-01,None,262,None,36,110,Unknown,0,4.8,3,2,NA,2012,501102,501101
2012-01-01,None,WT,None,WT,112,Unknown,0,1,1,1,NA,2012,501122,501121
2012-01-01,None,11,None,168,114,Unknown,0,4.8,3,3,NA,2012,501142,501141
2012-01-01,None,125,None,150,116,Unknown,0,4.4,1,2,NA,2012,501162,501161
2012-01-01,None,146,None,149,117,Unknown,0.03906,4.7,3,3,NA,2012,501172,501171
2012-01-01,None,179,None,126,118,Unknown,0,3.4,4,3,NA,2012,501182,501181
2012-01-01,None,45,None,161,120,Unknown,0,4.8,1,1,NA,2012,501202,501201
2012-01-01,None,126,None,119,122,Unknown,0,3.2,5,4,NA,2012,501222,501221
2012-01-01,None,62,None,5,123,Unknown,0,4.9,4,1,NA,2012,501232,501231
2012-01-01,None,114,None,243,128,Unknown,0,4.8,3,3,NA,2012,501282,501281
2012-01-01,None,159,None,55,132,Unknown,0,4.8,1,4,NA,2012,501322,501321
2012-01-01,None,228,None,13,133,Unknown,0,4.4,4,2,NA,2012,501332,501331
2012-01-01,None,250,None,71,134,Unknown,0,4.8,1,3,NA,2012,501342,501341
2012-01-01,None,276,None,227,135,Unknown,0,4.8,2,1,NA,2012,501352,501351
2012-01-01,None,205,None,92,137,Unknown,0,4.1,3,3,NA,2012,501372,501371
2012-01-01,None,188,None,119,138,Unknown,0,4.3,5,3,NA,2012,501382,501381
2012-01-01,None,244,None,92,139,Unknown,0,4.1,3,3,NA,2012,501392,501391
2012-01-01,None,146,None,8,140,Unknown,0,4.8,3,3,NA,2012,501402,501401
2012-01-01,None,244,None,214,142,Unknown,0,3.2,4,3,NA,2012,501422,501421
2012-01-01,None,200,None,258,143,Unknown,0,4.4,3,2,NA,2012,501432,501431
2012-01-01,None,1,None,277,144,Unknown,0,4.4,3,2,NA,2012,501442,501441
2012-01-01,None,30,None,204,145,Unknown,0,3.5,1,4,NA,2012,501452,501451
2012-01-01,None,260,None,121,150,Unknown,0,3.6,3,2,NA,2012,501502,501501
2012-01-01,None,277,None,52,151,Unknown,0,3.9,2,3,NA,2012,501512,501511
2012-01-01,None,247,None,53,152,Unknown,0,4.5,3,1,NA,2012,501522,501521
2012-01-01,None,148,None,93,154,Unknown,0,4.2,1,3,NA,2012,501542,501541
2012-01-01,None,155,None,127,155,Unknown,0,4.8,1,5,NA,2012,501552,501551
2012-01-01,None,264,None,86,156,Unknown,0,4.1,3,4,NA,2012,501562,501561
2012-01-01,None,27,None,74,157,Unknown,0,4.9,3,1,NA,2012,501572,501571
2012-01-01,None,261,None,30,159,Unknown,0,4,4,3,NA,2012,501592,501591
2012-01-01,None,141,None,30,160,Unknown,0,4.8,4,3,NA,2012,501602,501601
2012-01-01,None,WT,None,81,162,Unknown,0,2.8,3,1,NA,2012,501622,501621
2012-01-01,None,245,None,240,163,Unknown,0,4.6,3,1,NA,2012,501632,501631
2012-01-01,None,51,None,128,164,Unknown,0,4.6,1,4,NA,2012,501642,501641
2012-01-01,None,80,None,30,165,Unknown,0,4.8,4,2,NA,2012,501652,501651
2012-01-01,None,86,None,122,167,Unknown,0,4.8,3,3,NA,2012,501672,501671
2012-01-01,None,92,None,266,168,Unknown,0,4.2,2,3,NA,2012,501682,501681
2012-01-01,None,133,None,90,169,Unknown,0,4.6,1,2,NA,2012,501692,501691
2012-01-01,None,271,None,188,170,Unknown,0.03125,4.5,3,2,NA,2012,501702,501701
2012-01-01,None,269,None,164,171,Unknown,0,4.8,5,1,NA,2012,501712,501711
2012-01-01,None,264,None,220,172,Unknown,0,4.1,3,4,NA,2012,501722,501721
2012-01-01,None,283,None,137,174,Unknown,0,3.8,3,7,NA,2012,501742,501741
2012-01-01,None,169,None,194,175,Unknown,0,4.1,1,3,NA,2012,501752,501751
2012-01-01,None,270,None,191,176,Unknown,0,4.1,1,2,NA,2012,501762,501761
2012-01-01,None,147,None,158,177,Unknown,0,4.7,3,1,NA,2012,501772,501771
2012-01-01,None,280,None,149,178,Unknown,0,4.8,3,2,NA,2012,501782,501781
2012-01-01,None,261,None,199,179,Unknown,0,3.9,2,3,NA,2012,501792,501791
2012-01-01,None,165,None,143,180,Unknown,0,4.4,2,3,NA,2012,501802,501801
2012-01-01,None,35,None,83,182,Unknown,0,4.6,2,2,NA,2012,501822,501821
2012-01-01,None,165,None,72,183,Unknown,0,4.8,1,3,NA,2012,501832,501831
2012-01-01,None,169,None,58,184,Unknown,0,4.1,1,3,NA,2012,501842,501841
2012-01-01,None,197,None,214,185,Unknown,0,3.2,4,1,NA,2012,501852,501851
2012-01-01,None,185,None,259,186,Unknown,0,4.6,3,3,NA,2012,501862,501861
2012-01-01,None,177,None,258,187,Unknown,0,4.5,3,2,NA,2012,501872,501871
2012-01-01,None,271,None,224,189,Unknown,0,3.4,1,2,NA,2012,501892,501891
2012-01-01,None,268,None,223,190,Unknown,0,2.4,1,1,NA,2012,501902,501901
2012-01-01,None,260,None,283,191,Unknown,0,2.9,7,2,NA,2012,501912,501911
2012-01-01,None,170,None,283,192,Unknown,0,3.7,7,1,NA,2012,501922,501921
2012-01-01,None,192,None,279,194,Unknown,0,4.8,1,3,NA,2012,501942,501941
2012-01-01,None,261,None,240,195,Unknown,0,3.9,3,3,NA,2012,501952,501951
2012-01-01,None,156,None,233,197,Unknown,0.00781,4.7,2,1,NA,2012,501972,501971
2012-01-01,None,283,None,168,198,Unknown,0,3.9,3,7,NA,2012,501982,501981
2012-01-01,None,10,None,155,200,Unknown,0,4.7,5,1,NA,2012,502002,502001
2012-01-01,None,155,None,270,203,Unknown,0,4.2,2,5,NA,2012,502032,502031
2012-01-01,None,195,None,122,206,Unknown,0,4.8,3,3,NA,2012,502062,502061
2012-01-01,None,182,None,12,208,Unknown,0,4.8,3,2,NA,2012,502082,502081
2012-01-01,None,283,None,51,211,Unknown,0,4,4,7,NA,2012,502112,502111
2012-01-01,None,244,None,12,212,Unknown,0,4.6,3,3,NA,2012,502122,502121
2012-01-01,None,259,None,8,213,Unknown,0,4.6,3,3,NA,2012,502132,502131
2012-01-01,None,153,None,119,214,Unknown,0,4.4,5,1,NA,2012,502142,502141
2012-01-01,None,134,None,214,215,Unknown,0,3.5,4,1,NA,2012,502152,502151
2012-01-01,None,124,None,258,217,Unknown,0,4.6,3,3,NA,2012,502172,502171
2012-01-01,None,199,None,251,218,Unknown,0,4.1,1,2,NA,2012,502182,502181
2012-01-01,None,143,None,256,219,Unknown,0,4.2,1,2,NA,2012,502192,502191
2012-01-01,None,132,None,240,220,Unknown,0,4.8,3,2,NA,2012,502202,502201
2012-01-01,None,158,None,239,222,Unknown,0,4.8,2,3,NA,2012,502222,502221
2012-01-01,None,56,None,264,224,Unknown,0,3.9,4,3,NA,2012,502242,502241
2012-01-01,None,53,None,280,225,Unknown,0,4.8,2,3,NA,2012,502252,502251
2012-01-01,None,210,None,193,226,Unknown,0,3.5,1,1,NA,2012,502262,502261
2012-01-01,None,142,None,185,227,Unknown,0,4.9,3,3,NA,2012,502272,502271
2012-01-01,None,139,None,164,228,Unknown,0,4.8,5,3,NA,2012,502282,502281
2012-01-01,None,155,None,140,229,Unknown,0,5,4,5,NA,2012,502292,502291
2012-01-01,None,180,None,112,230,Unknown,0,4.9,2,2,NA,2012,502302,502301
2012-01-01,None,226,None,81,231,Unknown,0,4.5,3,2,NA,2012,502312,502311
2012-01-01,None,217,None,74,232,Unknown,0,4.6,3,3,NA,2012,502322,502321
2012-01-01,None,141,None,126,239,Unknown,0,3.3,4,3,NA,2012,502392,502391
2012-01-01,None,13,None,168,240,Unknown,0,4.9,3,4,NA,2012,502402,502401
2012-01-01,None,188,None,121,242,Unknown,0,4.4,3,3,NA,2012,502422,502421
2012-01-01,None,220,None,74,246,Unknown,0,4.8,3,3,NA,2012,502462,502461
2012-01-01,None,277,None,151,247,Unknown,0,4.5,2,3,NA,2012,502472,502471
2012-01-01,None,259,None,40,248,Unknown,0,4.6,3,3,NA,2012,502482,502481
2012-01-01,None,122,None,9,250,Unknown,0,4.8,3,3,NA,2012,502502,502501
2012-01-01,None,11,None,242,252,Unknown,0,4.6,2,3,NA,2012,502522,502521
2012-01-01,None,69,None,196,254,Unknown,0,3.9,1,2,NA,2012,502542,502541
2012-01-01,None,179,None,175,255,Unknown,0,4.6,3,3,NA,2012,502552,502551
2012-01-01,None,175,None,167,256,Unknown,0,4.7,2,3,NA,2012,502562,502561
2012-01-01,None,283,None,149,257,Unknown,0,3.8,3,7,NA,2012,502572,502571
2012-01-01,None,283,None,137,258,Unknown,0,3.8,3,7,NA,2012,502582,502581
2012-01-01,None,192,None,120,259,Unknown,0,4.9,2,3,NA,2012,502592,502591
2012-01-01,None,233,None,121,260,Unknown,0,4.4,3,2,NA,2012,502602,502601
2012-01-01,None,237,None,3,265,Unknown,0,4.5,1,2,NA,2012,502652,502651
2012-01-01,None,207,None,158,272,Unknown,0,4.2,3,1,NA,2012,502722,502721
2012-01-01,None,272,None,83,274,Unknown,0,3.8,2,2,NA,2012,502742,502741
2012-01-01,None,195,None,211,276,Unknown,0,3.3,1,3,NA,2012,502762,502761
2012-01-01,None,15,None,232,278,Unknown,0,4.6,1,1,NA,2012,502782,502781
2012-01-01,None,159,None,201,279,Unknown,0,4.9,1,4,NA,2012,502792,502791
2012-01-01,None,144,None,174,280,Unknown,0,4.8,1,2,NA,2012,502802,502801
2012-01-01,None,40,None,160,281,Unknown,0,4.9,1,3,NA,2012,502812,502811
2012-01-01,None,7,None,135,282,Unknown,0,4.4,1,3,NA,2012,502822,502821
2012-01-01,None,212,None,219,283,Unknown,0,2,2,1,NA,2012,502832,502831
2012-01-01,None,278,None,225,284,Unknown,0,4.7,1,1,NA,2012,502842,502841
2012-01-01,None,214,None,219,285,Unknown,0,2,2,4,NA,2012,502852,502851
2012-01-01,None,130,None,77,286,Unknown,0,4.6,1,1,NA,2012,502862,502861
2012-01-01,None,76,None,9,287,Unknown,0,4.7,3,2,NA,2012,502872,502871
2012-01-01,None,237,None,171,288,Unknown,0,4.6,2,2,NA,2012,502882,502881
2012-01-01,None,179,None,WT,296,Unknown,0,2.9,1,3,NA,2012,502962,502961
2012-01-01,None,242,None,WT,297,Unknown,0,2.7,1,2,NA,2012,502972,502971
2012-01-01,None,239,None,175,302,Unknown,0,4.6,3,2,NA,2012,503022,503021
2012-01-01,None,187,None,79,305,Unknown,0,4.9,2,2,NA,2012,503052,503051
2012-01-01,None,198,None,86,306,Unknown,0,4.1,3,2,NA,2012,503062,503061
2012-01-01,None,164,None,70,307,Unknown,0,4.6,1,5,NA,2012,503072,503071
2012-01-01,None,WT,None,272,310,Unknown,0,2,2,1,NA,2012,503102,503101
2013-01-01,None,80,None,3,1,Unknown,0,5.8,4,2,NA,2013,600012,600011
2013-01-01,None,53,None,45,2,Unknown,0,5.6,2,2,NA,2013,600022,600021
2013-01-01,None,37,None,14,6,Unknown,0,5.8,4,4,NA,2013,600062,600061
2013-01-01,None,80,None,3,7,Unknown,0,5.8,4,2,NA,2013,600072,600071
2013-01-01,None,105,None,WT,8,Unknown,0,3.4,1,4,NA,2013,600082,600081
2013-01-01,None,186,None,71,9,Unknown,0,5.8,2,4,NA,2013,600092,600091
2013-01-01,None,155,None,16,10,Unknown,0,5.7,2,2,NA,2013,600102,600101
2013-01-01,None,154,None,13,11,Unknown,0,4.8,3,2,NA,2013,600112,600111
2013-01-01,None,14,None,WT,14,Unknown,0,3.4,2,4,NA,2013,600142,600141
2013-01-01,None,186,None,WT,15,Unknown,0,3.3,2,4,NA,2013,600152,600151
2013-01-01,None,37,None,3,16,Unknown,0,5.9,4,4,NA,2013,600162,600161
2013-01-01,None,14,None,78,17,Unknown,0,5.7,2,4,NA,2013,600172,600171
2013-01-01,None,14,None,21,18,Unknown,0,5.9,4,4,NA,2013,600182,600181
2013-01-01,None,71,None,16,19,Unknown,0,5.8,2,2,NA,2013,600192,600191
2013-01-01,None,217,None,37,20,Unknown,0,5.7,4,2,NA,2013,600202,600201
2013-01-01,None,13,None,135,21,Unknown,0,5.1,3,3,NA,2013,600212,600211
2013-01-01,None,88,None,215,23,Unknown,0,5,3,2,NA,2013,600232,600231
2013-01-01,None,150,None,22,24,Unknown,0,5.2,2,4,NA,2013,600242,600241
2013-01-01,None,215,None,81,25,Unknown,0,5.1,1,3,NA,2013,600252,600251
2013-01-01,None,18,None,64,26,Unknown,0,5.8,3,3,NA,2013,600262,600261
2013-01-01,None,WT,None,10,27,Unknown,0,3.3,2,1,NA,2013,600272,600271
2013-01-01,None,WT,None,5,28,Unknown,0,3.4,2,1,NA,2013,600282,600281
2013-01-01,None,WT,None,110,29,Unknown,0,3.4,2,1,NA,2013,600292,600291
2013-01-01,None,39,None,197,30,Unknown,0,5.7,4,4,NA,2013,600302,600301
2013-01-01,None,50,None,70,31,Unknown,0,5.8,4,1,NA,2013,600312,600311
2013-01-01,None,74,None,101,32,Unknown,0,4.7,3,2,NA,2013,600322,600321
2013-01-01,None,90,None,226,33,Unknown,0,5,2,3,NA,2013,600332,600331
2013-01-01,None,105,None,214,34,Unknown,0,5.6,4,4,NA,2013,600342,600341
2013-01-01,None,WT,None,WT,37,Unknown,0,1,1,1,NA,2013,600372,600371
2013-01-01,None,160,None,18,38,Unknown,0,5.9,3,4,NA,2013,600382,600381
2013-01-01,None,70,None,21,39,Unknown,0,5.9,4,4,NA,2013,600392,600391
2013-01-01,None,192,None,25,40,Unknown,0,5.2,2,3,NA,2013,600402,600401
2013-01-01,None,86,None,103,41,Unknown,0,5.8,1,1,NA,2013,600412,600411
2013-01-01,None,77,None,23,42,Unknown,0,5.6,2,1,NA,2013,600422,600421
2013-01-01,None,214,None,62,43,Unknown,0,5.6,3,4,NA,2013,600432,600431
2013-01-01,None,133,None,45,44,Unknown,0,5.5,2,3,NA,2013,600442,600441
2013-01-01,None,197,None,218,45,Unknown,0,5.4,2,4,NA,2013,600452,600451
2013-01-01,None,15,None,11,47,Unknown,0,5.7,2,3,NA,2013,600472,600471
2013-01-01,None,21,None,135,48,Unknown,0,5.8,3,4,NA,2013,600482,600481
2013-01-01,None,37,None,265,49,Unknown,0,5.7,2,4,NA,2013,600492,600491
2013-01-01,None,106,None,39,50,Unknown,0,5.8,4,2,NA,2013,600502,600501
2013-01-01,None,133,None,78,51,Unknown,0,5.5,2,3,NA,2013,600512,600511
2013-01-01,None,186,None,138,61,Unknown,0,5.5,1,4,NA,2013,600612,600611
2013-01-01,None,192,None,259,63,Unknown,0,5.3,1,3,NA,2013,600632,600631
2013-01-01,None,200,None,248,64,Unknown,0,5.7,1,4,NA,2013,600642,600641
2013-01-01,None,274,None,254,65,Unknown,0,4.8,2,2,NA,2013,600652,600651
2013-01-01,None,310,None,21,67,Unknown,0,4.5,4,1,NA,2013,600672,600671
2013-01-01,None,WT,None,31,69,Unknown,0,3.3,4,1,NA,2013,600692,600691
2013-01-01,None,3,None,183,70,Unknown,0,5.9,1,4,NA,2013,600702,600701
2013-01-01,None,18,None,WT,71,Unknown,0,3.5,1,3,NA,2013,600712,600711
2013-01-01,None,27,None,197,72,Unknown,0,5.7,4,3,NA,2013,600722,600721
2013-01-01,None,53,None,83,73,Unknown,0,5.6,1,2,NA,2013,600732,600731
2013-01-01,None,64,None,260,74,Unknown,0,5.5,1,3,NA,2013,600742,600741
2013-01-01,None,87,None,WT,75,Unknown,0,3.4,1,3,NA,2013,600752,600751
2013-01-01,None,104,None,20,76,Unknown,0,5.8,1,3,NA,2013,600762,600761
2013-01-01,None,120,None,13,77,Unknown,0,5.1,3,3,NA,2013,600772,600771
2013-01-01,None,133,None,213,78,Unknown,0,5.5,3,3,NA,2013,600782,600781
2013-01-01,None,150,None,305,79,Unknown,0,5.2,1,4,NA,2013,600792,600791
2013-01-01,None,200,None,256,80,Unknown,0,5.7,1,4,NA,2013,600802,600801
2013-01-01,None,WT,None,51,81,Unknown,0,3.4,2,1,NA,2013,600812,600811
2013-01-01,None,WT,None,49,82,Unknown,0,3.4,1,1,NA,2013,600822,600821
2013-01-01,None,8,None,155,83,Unknown,0,5.7,2,1,NA,2013,600832,600831
2013-01-01,None,31,None,52,84,Unknown,0,5.8,4,4,NA,2013,600842,600841
2013-01-01,None,63,None,296,87,Unknown,0,4.9,1,1,NA,2013,600872,600871
2013-01-01,None,90,None,52,88,Unknown,0,5.8,4,3,NA,2013,600882,600881
2013-01-01,None,169,None,186,90,Unknown,0,5.6,4,2,NA,2013,600902,600901
2013-01-01,None,192,None,101,91,Unknown,0,4.3,3,3,NA,2013,600912,600911
2013-01-01,None,WT,None,272,92,Unknown,0,3.1,1,1,NA,2013,600922,600921
2013-01-01,None,27,None,231,93,Unknown,0,5.6,1,3,NA,2013,600932,600931
2013-01-01,None,29,None,112,94,Unknown,0,3.8,3,2,NA,2013,600942,600941
2013-01-01,None,35,None,22,95,Unknown,0,5.8,2,4,NA,2013,600952,600951
2013-01-01,None,56,None,116,96,Unknown,0,5.6,3,2,NA,2013,600962,600961
2013-01-01,None,58,None,107,97,Unknown,0,5.7,1,2,NA,2013,600972,600971
2013-01-01,None,97,None,182,99,Unknown,0,5.8,1,4,NA,2013,600992,600991
2013-01-01,None,100,None,257,100,Unknown,0,5.2,2,2,NA,2013,601002,601001
2013-01-01,None,101,None,70,101,Unknown,0,4.9,4,3,NA,2013,601012,601011
2013-01-01,None,109,None,108,102,Unknown,0,5.8,1,4,NA,2013,601022,601021
2013-01-01,None,120,None,85,103,Unknown,0,5.8,4,3,NA,2013,601032,601031
2013-01-01,None,132,None,102,105,Unknown,0,5.9,1,2,NA,2013,601052,601051
2013-01-01,None,172,None,140,106,Unknown,0,5.4,2,3,NA,2013,601062,601061
2013-01-01,None,287,None,WT,108,Unknown,0,3.3,1,4,NA,2013,601082,601081
2013-01-01,None,WT,None,30,110,Unknown,0,3.3,4,1,NA,2013,601102,601101
2013-01-01,None,WT,None,258,111,Unknown,0,2.9,2,1,NA,2013,601112,601111
2013-01-01,None,WT,None,26,112,Unknown,0,3.3,2,1,NA,2013,601122,601121
2013-01-01,None,WT,None,90,113,Unknown,0,3.3,3,1,NA,2013,601132,601131
2013-01-01,None,122,None,62,114,Unknown,0,5,3,3,NA,2013,601142,601141
2013-01-01,None,10,None,11,115,Unknown,0,5.6,2,2,NA,2013,601152,601151
2013-01-01,None,29,None,110,117,Unknown,0,5.7,2,2,NA,2013,601172,601171
2013-01-01,None,31,None,117,119,Unknown,0,5.7,2,4,NA,2013,601192,601191
2013-01-01,None,48,None,150,120,Unknown,0,5.3,4,3,NA,2013,601202,601201
2013-01-01,None,51,None,187,121,Unknown,0,5.7,2,2,NA,2013,601212,601211
2013-01-01,None,54,None,57,122,Unknown,0,5.4,1,3,NA,2013,601222,601221
2013-01-01,None,58,None,287,123,Unknown,0,5.7,4,2,NA,2013,601232,601231
2013-01-01,None,66,None,WT,124,Unknown,0,2.8,1,2,NA,2013,601242,601241
2013-01-01,None,67,None,98,125,Unknown,0,3.8,1,1,NA,2013,601252,601251
2013-01-01,None,104,None,55,127,Unknown,0,5.8,2,3,NA,2013,601272,601271
2013-01-01,None,105,None,5,128,Unknown,0,5.8,2,4,NA,2013,601282,601281
2013-01-01,None,109,None,34,129,Unknown,0,5.5,4,4,NA,2013,601292,601291
2013-01-01,None,112,None,302,130,Unknown,0,3.8,2,3,NA,2013,601302,601301
2013-01-01,None,116,None,WT,131,Unknown,0,3.2,1,3,NA,2013,601312,601311
2013-01-01,None,118,None,52,132,Unknown,0,5.2,4,2,NA,2013,601322,601321
2013-01-01,None,122,None,254,134,Unknown,0,4.5,2,3,NA,2013,601342,601341
2013-01-01,None,137,None,134,135,Unknown,0,5.4,2,3,NA,2013,601352,601351
2013-01-01,None,143,None,258,136,Unknown,0,5.1,2,2,NA,2013,601362,601361
2013-01-01,None,200,None,85,137,Unknown,0,5.7,4,4,NA,2013,601372,601371
2013-01-01,None,WT,None,25,139,Unknown,0,3.4,2,1,NA,2013,601392,601391
2013-01-01,None,WT,None,88,140,Unknown,0,3.3,2,1,NA,2013,601402,601401
2013-01-01,None,WT,None,35,141,Unknown,0,3.3,4,1,NA,2013,601412,601411
2013-01-01,None,27,None,162,142,Unknown,0,4.8,2,3,NA,2013,601422,601421
2013-01-01,None,30,None,279,143,Unknown,0,5.8,1,4,NA,2013,601432,601431
2013-01-01,None,35,None,157,144,Unknown,0,5.8,2,4,NA,2013,601442,601441
2013-01-01,None,55,None,185,145,Unknown,0,5,1,2,NA,2013,601452,601451
2013-01-01,None,66,None,278,146,Unknown,0,5.1,1,2,NA,2013,601462,601461
2013-01-01,None,85,None,151,147,Unknown,0,5.3,3,4,NA,2013,601472,601471
2013-01-01,None,87,None,93,148,Unknown,0,5.7,4,3,NA,2013,601482,601481
2013-01-01,None,95,None,52,149,Unknown,0,5.8,4,2,NA,2013,601492,601491
2013-01-01,None,104,None,143,150,Unknown,0,5.6,2,3,NA,2013,601502,601501
2013-01-01,None,112,None,WT,151,Unknown,0,1.5,1,3,NA,2013,601512,601511
2013-01-01,None,116,None,139,152,Unknown,0,5.2,2,3,NA,2013,601522,601521
2013-01-01,None,134,None,114,153,Unknown,0,5.8,2,2,NA,2013,601532,601531
2013-01-01,None,142,None,280,154,Unknown,0,5,1,1,NA,2013,601542,601541
2013-01-01,None,150,None,15,155,Unknown,0,5.2,3,4,NA,2013,601552,601551
2013-01-01,None,160,None,287,156,Unknown,0,5.8,4,4,NA,2013,601562,601561
2013-01-01,None,175,None,288,157,Unknown,0,5.3,3,1,NA,2013,601572,601571
2013-01-01,None,200,None,140,158,Unknown,0,5.8,2,4,NA,2013,601582,601581
2013-01-01,None,228,None,165,159,Unknown,0,5.8,3,2,NA,2013,601592,601591
2013-01-01,None,WT,None,105,160,Unknown,0,3.4,4,1,NA,2013,601602,601601
2013-01-01,None,WT,None,281,161,Unknown,0,3.5,1,1,NA,2013,601612,601611
2013-01-01,None,15,None,31,163,Unknown,0,5.7,4,3,NA,2013,601632,601631
2013-01-01,None,35,None,44,164,Unknown,0,5.2,2,4,NA,2013,601642,601641
2013-01-01,None,41,None,135,166,Unknown,0,5.8,3,1,NA,2013,601662,601661
2013-01-01,None,54,None,156,168,Unknown,0,5.1,2,3,NA,2013,601682,601681
2013-01-01,None,109,None,151,169,Unknown,0,5.4,3,4,NA,2013,601692,601691
2013-01-01,None,122,None,WT,171,Unknown,0,2.6,1,3,NA,2013,601712,601711
2013-01-01,None,132,None,307,172,Unknown,0,5.7,1,2,NA,2013,601722,601721
2013-01-01,None,137,None,128,174,Unknown,0,5.4,2,3,NA,2013,601742,601741
2013-01-01,None,145,None,139,175,Unknown,0,4.8,2,1,NA,2013,601752,601751
2013-01-01,None,151,None,167,176,Unknown,0,5.4,1,3,NA,2013,601762,601761
2013-01-01,None,160,None,163,177,Unknown,0,5.7,1,4,NA,2013,601772,601771
2013-01-01,None,165,None,WT,179,Unknown,0,3.4,1,3,NA,2013,601792,601791
2013-01-01,None,168,None,39,180,Unknown,0,5.5,4,2,NA,2013,601802,601801
2013-01-01,None,172,None,87,181,Unknown,0,5.4,3,3,NA,2013,601812,601811
2013-01-01,None,189,None,93,183,Unknown,0,5,4,3,NA,2013,601832,601831
2013-01-01,None,WT,None,48,184,Unknown,0,3.5,3,1,NA,2013,601842,601841
2013-01-01,None,WT,None,85,185,Unknown,0,3.4,4,1,NA,2013,601852,601851
2013-01-01,None,56,None,187,186,Unknown,0,5.7,2,2,NA,2013,601862,601861
2013-01-01,None,97,None,26,187,Unknown,0,5.8,2,4,NA,2013,601872,601871
2013-01-01,None,109,None,34,188,Unknown,0,5.5,4,4,NA,2013,601882,601881
2013-01-01,None,99,None,97,190,Unknown,0,5.9,4,2,NA,2013,601902,601901
2013-01-01,None,195,None,218,191,Unknown,0,5,2,1,NA,2013,601912,601911
2013-01-01,None,265,None,93,192,Unknown,0,5.6,4,2,NA,2013,601922,601921
2013-01-01,None,WT,None,114,193,Unknown,0,3.4,2,1,NA,2013,601932,601931
2013-01-01,None,30,None,2,194,Unknown,0,5.6,1,4,NA,2013,601942,601941
2013-01-01,None,34,None,39,195,Unknown,0,5.4,4,4,NA,2013,601952,601951
2013-01-01,None,62,None,44,196,Unknown,0,5.3,2,3,NA,2013,601962,601961
2013-01-01,None,97,None,170,197,Unknown,0,5.7,2,4,NA,2013,601972,601971
2013-01-01,None,117,None,242,198,Unknown,0,5.5,1,2,NA,2013,601982,601981
2013-01-01,None,123,None,282,199,Unknown,0,5.7,1,1,NA,2013,601992,601991
2013-01-01,None,128,None,302,200,Unknown,0,5.7,2,2,NA,2013,602002,602001
2013-01-01,None,160,None,246,202,Unknown,0,5.8,1,4,NA,2013,602022,602021
2013-01-01,None,165,None,64,204,Unknown,0,5.7,3,3,NA,2013,602042,602041
2013-01-01,None,30,None,220,206,Unknown,0,5.7,1,4,NA,2013,602062,602061
2013-01-01,None,42,None,40,207,Unknown,0,5.9,1,1,NA,2013,602072,602071
2013-01-01,None,48,None,152,208,Unknown,0,5.8,2,3,NA,2013,602082,602081
2013-01-01,None,54,None,257,209,Unknown,0,5,2,3,NA,2013,602092,602091
2013-01-01,None,99,None,306,210,Unknown,0,5.5,1,2,NA,2013,602102,602101
2013-01-01,None,137,None,203,211,Unknown,0,5.2,2,3,NA,2013,602112,602111
2013-01-01,None,168,None,215,212,Unknown,0,4.9,3,2,NA,2013,602122,602121
2013-01-01,None,172,None,120,213,Unknown,0,5.4,3,3,NA,2013,602132,602131
2013-01-01,None,184,None,154,214,Unknown,0,5.1,2,2,NA,2013,602142,602141
2013-01-01,None,189,None,214,215,Unknown,0,4.9,4,3,NA,2013,602152,602151
2013-01-01,None,190,None,93,216,Unknown,0,4.6,4,1,NA,2013,602162,602161
2013-01-01,None,191,None,23,217,Unknown,0,4.6,2,2,NA,2013,602172,602171
2013-01-01,None,239,None,213,219,Unknown,0,5,3,2,NA,2013,602192,602191
2013-01-01,None,287,None,169,220,Unknown,0,5.6,2,4,NA,2013,602202,602201
2013-01-01,None,92,None,34,222,Unknown,0,5.5,4,1,NA,2013,602222,602221
2013-01-01,None,152,None,WT,223,Unknown,0,3.2,1,2,NA,2013,602232,602231
2013-01-01,None,144,None,157,236,Unknown,0,5.6,2,1,NA,2013,602362,602361
2013-01-01,None,170,None,213,237,Unknown,0,5.6,3,2,NA,2013,602372,602371
2013-01-01,None,189,None,70,238,Unknown,0,5.1,4,3,NA,2013,602382,602381
2013-01-01,None,197,None,180,239,Unknown,0,5.6,1,4,NA,2013,602392,602391
2013-01-01,None,118,None,222,241,Unknown,0,5.1,1,2,NA,2013,602412,602411
2013-01-01,None,214,None,95,249,Unknown,0,5.6,2,4,NA,2013,602492,602491
2013-01-01,None,217,None,WT,250,Unknown,0,3.3,1,2,NA,2013,602502,602501
2013-01-01,None,4,None,WT,252,Unknown,0,3.3,1,1,NA,2013,602522,602521
2013-01-01,None,100,None,WT,254,Unknown,0,3.3,1,2,NA,2013,602542,602541
2013-01-01,None,159,None,WT,255,Unknown,0,3,1,1,NA,2013,602552,602551
2013-01-01,None,194,None,WT,256,Unknown,0,3.4,1,1,NA,2013,602562,602561
2013-01-01,None,203,None,WT,257,Unknown,0,3.1,1,2,NA,2013,602572,602571
2013-01-01,None,252,None,WT,259,Unknown,0,3.3,1,1,NA,2013,602592,602591
2013-01-01,None,191,None,WT,264,Unknown,0,2.4,1,2,NA,2013,602642,602641
2013-01-01,None,206,None,WT,265,Unknown,0,3.4,1,1,NA,2013,602652,602651
2013-01-01,None,156,None,WT,267,Unknown,0,3,1,2,NA,2013,602672,602671
2013-01-01,None,106,None,WT,269,Unknown,0,3.4,1,2,NA,2013,602692,602691
2013-01-01,None,184,None,WT,271,Unknown,0,3,1,2,NA,2013,602712,602711
2013-01-01,None,274,None,WT,277,Unknown,0,2.9,1,2,NA,2013,602772,602771
2013-01-01,None,178,None,198,282,Unknown,0,5.3,2,1,NA,2013,602822,602821
2013-01-01,None,224,None,227,284,Unknown,0,5.4,2,1,NA,2013,602842,602841
2013-01-01,None,255,None,WT,285,Unknown,0,3.3,1,1,NA,2013,602852,602851
2013-01-01,None,284,None,230,288,Unknown,0,5.8,2,1,NA,2013,602882,602881
2013-01-01,None,162,None,WT,289,Unknown,0,2.4,1,2,NA,2013,602892,602891
2013-01-01,None,176,None,250,290,Unknown,0,5.5,1,1,NA,2013,602902,602901
2013-01-01,None,179,None,208,291,Unknown,0,5.3,1,1,NA,2013,602912,602911
2013-01-01,None,227,None,WT,292,Unknown,0,3.4,2,2,NA,2013,602922,602921
2013-01-01,None,239,None,230,293,Unknown,0,5.1,2,2,NA,2013,602932,602931
2013-01-01,None,283,None,WT,294,Unknown,0,2,2,1,NA,2013,602942,602941
2013-01-01,None,288,None,286,295,Unknown,0,5.6,1,3,NA,2013,602952,602951
2013-01-01,None,171,None,WT,298,Unknown,0,3.4,1,1,NA,2013,602982,602981
2013-01-01,None,198,None,74,299,Unknown,0,5.2,2,2,NA,2013,602992,602991
2013-01-01,None,228,None,226,300,Unknown,0,5.2,2,2,NA,2013,603002,603001
2013-01-01,None,240,None,232,301,Unknown,0,5.7,1,1,NA,2013,603012,603011
2013-01-01,None,229,None,225,307,Unknown,0,5.9,1,1,NA,2013,603072,603071
2013-01-01,None,288,None,276,309,Unknown,0,5,1,3,NA,2013,603092,603091
2014-01-01,None,WT,None,19,1,Unknown,0,3.9,2,1,NA,2014,700012,700011
2014-01-01,None,WT,None,2,2,Unknown,0,3.8,1,1,NA,2014,700022,700021
2014-01-01,None,WT,None,39,3,Unknown,0,3.9,2,1,NA,2014,700032,700031
2014-01-01,None,16,None,WT,4,Unknown,0,3.9,1,1,NA,2014,700042,700041
2014-01-01,None,45,None,WT,5,Unknown,0,3.7,1,2,NA,2014,700052,700051
2014-01-01,None,WT,None,9,6,Unknown,0,3.9,1,1,NA,2014,700062,700061
2014-01-01,None,6,None,94,8,Unknown,0.00195,5.8,3,2,NA,2014,700082,700081
2014-01-01,None,39,None,144,9,Unknown,0.00146,6.8,2,2,NA,2014,700092,700091
2014-01-01,None,76,None,WT,10,Unknown,0,3.9,1,2,NA,2014,700102,700101
2014-01-01,None,175,None,157,11,Unknown,0.00146,6.1,3,2,NA,2014,700112,700111
2014-01-01,None,180,None,17,12,Unknown,0.00049,6.6,1,1,NA,2014,700122,700121
2014-01-01,None,249,None,WT,14,Unknown,0,3.8,1,2,NA,2014,700142,700141
2014-01-01,None,19,None,102,16,Unknown,0.00146,6.8,3,2,NA,2014,700162,700161
2014-01-01,None,26,None,195,17,Unknown,0.00195,6.6,2,1,NA,2014,700172,700171
2014-01-01,None,29,None,250,18,Unknown,0.00049,4.3,2,2,NA,2014,700182,700181
2014-01-01,None,30,None,25,19,Unknown,0.00146,6.4,2,1,NA,2014,700192,700191
2014-01-01,None,34,None,197,20,Unknown,0.00146,6.7,2,1,NA,2014,700202,700201
2014-01-01,None,40,None,176,21,Unknown,0.00195,6.3,1,3,NA,2014,700212,700211
2014-01-01,None,51,None,119,22,Unknown,0.00098,6.6,2,2,NA,2014,700222,700221
2014-01-01,None,64,None,32,23,Unknown,0.00195,6.2,3,2,NA,2014,700232,700231
2014-01-01,None,76,None,177,24,Unknown,0.00195,6.7,3,2,NA,2014,700242,700241
2014-01-01,None,140,None,28,25,Unknown,0.00098,4.3,1,2,NA,2014,700252,700251
2014-01-01,None,181,None,WT,26,Unknown,0,3.7,1,1,NA,2014,700262,700261
2014-01-01,None,192,None,WT,27,Unknown,0,3.8,1,2,NA,2014,700272,700271
2014-01-01,None,44,None,91,28,Unknown,0.00049,5.9,3,2,NA,2014,700282,700281
2014-01-01,None,45,None,168,29,Unknown,0.00098,6.2,1,2,NA,2014,700292,700291
2014-01-01,None,169,None,123,31,Unknown,0.00098,6.5,1,2,NA,2014,700312,700311
2014-01-01,None,63,None,99,32,Unknown,0.00146,6.5,3,2,NA,2014,700322,700321
2014-01-01,None,38,None,100,34,Unknown,0.00098,6.6,1,2,NA,2014,700342,700341
2014-01-01,None,42,None,51,35,Unknown,0.00195,6.6,2,3,NA,2014,700352,700351
2014-01-01,None,49,None,132,36,Unknown,0.00098,6.4,2,2,NA,2014,700362,700361
2014-01-01,None,63,None,213,37,Unknown,0.00098,6.4,3,2,NA,2014,700372,700371
2014-01-01,None,69,None,267,38,Unknown,0.00098,4.2,1,2,NA,2014,700382,700381
2014-01-01,None,70,None,291,39,Unknown,0.00195,6.6,2,2,NA,2014,700392,700391
2014-01-01,None,79,None,81,40,Unknown,0.00049,5.3,2,2,NA,2014,700402,700401
2014-01-01,None,80,None,212,41,Unknown,0.00195,6.3,3,2,NA,2014,700412,700411
2014-01-01,None,113,None,160,43,Unknown,0,4.3,3,3,NA,2014,700432,700431
2014-01-01,None,142,None,80,44,Unknown,0.00146,6.2,2,3,NA,2014,700442,700441
2014-01-01,None,219,None,249,45,Unknown,0.00098,6.3,2,1,NA,2014,700452,700451
2014-01-01,None,293,None,135,46,Unknown,0.00146,6.2,1,2,NA,2014,700462,700461
2014-01-01,None,7,None,10,47,Unknown,0.00391,6.7,1,1,NA,2014,700472,700471
2014-01-01,None,21,None,40,48,Unknown,0.00195,6.2,3,1,NA,2014,700482,700481
2014-01-01,None,24,None,106,49,Unknown,0.00049,6.3,2,1,NA,2014,700492,700491
2014-01-01,None,38,None,18,50,Unknown,0.00391,6.9,1,2,NA,2014,700502,700501
2014-01-01,None,71,None,298,51,Unknown,0.00098,4.4,2,2,NA,2014,700512,700511
2014-01-01,None,73,None,64,52,Unknown,0.00342,6.6,2,1,NA,2014,700522,700521
2014-01-01,None,161,None,289,53,Unknown,0.00098,3.9,2,2,NA,2014,700532,700531
2014-01-01,None,174,None,WT,54,Unknown,0,3.7,1,1,NA,2014,700542,700541
2014-01-01,None,192,None,271,56,Unknown,0.00049,5.3,2,2,NA,2014,700562,700561
2014-01-01,None,WT,None,1,57,Unknown,0,3.9,1,1,NA,2014,700572,700571
2014-01-01,None,WT,None,47,58,Unknown,0,3.8,1,1,NA,2014,700582,700581
2014-01-01,None,6,None,WT,59,Unknown,0,3.9,1,2,NA,2014,700592,700591
2014-01-01,None,29,None,257,60,Unknown,0.00098,4.2,3,2,NA,2014,700602,700601
2014-01-01,None,32,None,108,61,Unknown,0,5,2,3,NA,2014,700612,700611
2014-01-01,None,70,None,152,62,Unknown,0.00098,6.6,2,2,NA,2014,700622,700621
2014-01-01,None,90,None,142,63,Unknown,0.00195,6.2,3,2,NA,2014,700632,700631
2014-01-01,None,110,None,265,64,Unknown,0,4.3,1,3,NA,2014,700642,700641
2014-01-01,None,166,None,99,65,Unknown,0.00049,6.8,3,2,NA,2014,700652,700651
2014-01-01,None,187,None,WT,66,Unknown,0,3.9,1,1,NA,2014,700662,700661
2014-01-01,None,215,None,130,67,Unknown,0.00195,5.3,1,2,NA,2014,700672,700671
2014-01-01,None,301,None,91,68,Unknown,0.00049,6,3,1,NA,2014,700682,700681
2014-01-01,None,WT,None,61,70,Unknown,0,3.7,1,1,NA,2014,700702,700701
2014-01-01,None,77,None,157,71,Unknown,0.00098,6.2,3,1,NA,2014,700712,700711
2014-01-01,None,14,None,150,72,Unknown,0.00146,5.5,2,1,NA,2014,700722,700721
2014-01-01,None,106,None,124,73,Unknown,0.00049,5.1,2,2,NA,2014,700732,700731
2014-01-01,None,146,None,199,75,Unknown,0.00146,6.4,3,3,NA,2014,700752,700751
2014-01-01,None,256,None,250,76,Unknown,0.00049,4.4,2,1,NA,2014,700762,700761
2014-01-01,None,WT,None,220,77,Unknown,0,3.8,1,1,NA,2014,700772,700771
2014-01-01,None,97,None,190,78,Unknown,0.00195,6.8,3,1,NA,2014,700782,700781
2014-01-01,None,25,None,284,79,Unknown,0.00195,6.2,2,2,NA,2014,700792,700791
2014-01-01,None,41,None,197,80,Unknown,0.00098,6.7,2,2,NA,2014,700802,700801
2014-01-01,None,71,None,288,81,Unknown,0,5.6,2,2,NA,2014,700812,700811
2014-01-01,None,81,None,112,82,Unknown,0.00049,4.4,2,2,NA,2014,700822,700821
2014-01-01,None,90,None,154,83,Unknown,0.00146,6.3,1,2,NA,2014,700832,700831
2014-01-01,None,96,None,129,84,Unknown,0.00195,6.5,2,2,NA,2014,700842,700841
2014-01-01,None,114,None,102,85,Unknown,0.00098,6.4,3,1,NA,2014,700852,700851
2014-01-01,None,127,None,199,86,Unknown,0.00928,6.7,3,1,NA,2014,700862,700861
2014-01-01,None,153,None,74,87,Unknown,0.00195,6.7,1,1,NA,2014,700872,700871
2014-01-01,None,166,None,94,89,Unknown,0.00195,5.8,3,2,NA,2014,700892,700891
2014-01-01,None,193,None,151,90,Unknown,0,3.5,1,2,NA,2014,700902,700901
2014-01-01,None,212,None,254,91,Unknown,0,5.1,2,3,NA,2014,700912,700911
2014-01-01,None,31,None,211,94,Unknown,0.00342,6.5,2,1,NA,2014,700942,700941
2014-01-01,None,67,None,101,95,Unknown,0,5.7,3,3,NA,2014,700952,700951
2014-01-01,None,93,None,WT,96,Unknown,0,3.8,1,2,NA,2014,700962,700961
2014-01-01,None,103,None,115,98,Unknown,0.00146,6.7,2,2,NA,2014,700982,700981
2014-01-01,None,112,None,WT,99,Unknown,0,2.7,1,2,NA,2014,700992,700991
2014-01-01,None,113,None,259,100,Unknown,0.00146,4.3,2,3,NA,2014,701002,701001
2014-01-01,None,125,None,WT,101,Unknown,0,2.9,1,3,NA,2014,701012,701011
2014-01-01,None,155,None,48,104,Unknown,0.00488,6.5,1,2,NA,2014,701042,701041
2014-01-01,None,159,None,285,105,Unknown,0.00391,5.5,1,1,NA,2014,701052,701051
2014-01-01,None,188,None,186,107,Unknown,0.00146,6.6,3,1,NA,2014,701072,701071
2014-01-01,None,WT,None,20,108,Unknown,0,3.9,1,1,NA,2014,701082,701081
2014-01-01,None,33,None,186,109,Unknown,0.00146,6.4,3,3,NA,2014,701092,701091
2014-01-01,None,87,None,WT,110,Unknown,0,3.4,1,2,NA,2014,701102,701101
2014-01-01,None,93,None,155,111,Unknown,0.00195,6.4,2,2,NA,2014,701112,701111
2014-01-01,None,111,None,209,112,Unknown,0.0332,4.9,4,2,NA,2014,701122,701121
2014-01-01,None,120,None,72,114,Unknown,0.00098,6.5,2,2,NA,2014,701142,701141
2014-01-01,None,124,None,121,115,Unknown,0,5.2,1,2,NA,2014,701152,701151
2014-01-01,None,146,None,209,117,Unknown,0.00098,6,4,3,NA,2014,701172,701171
2014-01-01,None,WT,None,8,122,Unknown,0,2.7,1,1,NA,2014,701222,701221
2014-01-01,None,WT,None,11,123,Unknown,0,3.4,3,1,NA,2014,701232,701231
2014-01-01,None,WT,None,50,124,Unknown,0,3.9,1,1,NA,2014,701242,701241
2014-01-01,None,103,None,156,125,Unknown,0.00439,6.8,1,2,NA,2014,701252,701251
2014-01-01,None,122,None,271,126,Unknown,0.00146,5.2,2,3,NA,2014,701262,701261
2014-01-01,None,125,None,254,127,Unknown,0,4.6,2,3,NA,2014,701272,701271
2014-01-01,None,136,None,115,128,Unknown,0.00879,6.3,2,2,NA,2014,701282,701281
2014-01-01,None,147,None,149,129,Unknown,0.00049,6.6,3,2,NA,2014,701292,701291
2014-01-01,None,193,None,213,130,Unknown,0.00146,5.4,3,2,NA,2014,701302,701301
2014-01-01,None,206,None,15,131,Unknown,0,5.5,1,2,NA,2014,701312,701311
2014-01-01,None,132,None,202,132,Unknown,0.00195,6.5,1,2,NA,2014,701322,701321
2014-01-01,None,23,None,207,133,Unknown,0.00098,6.5,2,3,NA,2014,701332,701331
2014-01-01,None,37,None,WT,134,Unknown,0,1.5,1,1,NA,2014,701342,701341
2014-01-01,None,65,None,210,135,Unknown,0.00146,6.2,3,3,NA,2014,701352,701351
2014-01-01,None,143,None,WT,137,Unknown,0,3.9,1,2,NA,2014,701372,701371
2014-01-01,None,147,None,105,138,Unknown,0.01416,6.6,3,2,NA,2014,701382,701381
2014-01-01,None,152,None,195,139,Unknown,0.00195,6.3,2,2,NA,2014,701392,701391
2014-01-01,None,184,None,191,140,Unknown,0.00049,5.2,1,3,NA,2014,701402,701401
2014-01-01,None,WT,None,33,142,Unknown,0,3.5,3,1,NA,2014,701422,701421
2014-01-01,None,84,None,95,144,Unknown,0.00195,6.8,2,1,NA,2014,701442,701441
2014-01-01,None,101,None,WT,145,Unknown,0,3.4,1,3,NA,2014,701452,701451
2014-01-01,None,163,None,164,146,Unknown,0.01465,6.5,2,1,NA,2014,701462,701461
2014-01-01,None,169,None,194,147,Unknown,0.00586,6.5,1,2,NA,2014,701472,701471
2014-01-01,None,179,None,269,148,Unknown,0.00098,4.4,2,2,NA,2014,701482,701481
2014-01-01,None,27,None,67,149,Unknown,0,4.9,3,1,NA,2014,701492,701491
2014-01-01,None,42,None,23,150,Unknown,0.00244,6.3,3,3,NA,2014,701502,701501
2014-01-01,None,65,None,160,151,Unknown,0.00195,5.1,3,3,NA,2014,701512,701511
2014-01-01,None,72,None,198,152,Unknown,0.00244,6.6,1,2,NA,2014,701522,701521
2014-01-01,None,82,None,75,153,Unknown,0.00244,4.4,1,3,NA,2014,701532,701531
2014-01-01,None,148,None,96,154,Unknown,0.00537,6.7,2,1,NA,2014,701542,701541
2014-01-01,None,150,None,128,155,Unknown,0.01074,6.7,2,2,NA,2014,701552,701551
2014-01-01,None,164,None,WT,156,Unknown,0,3.6,1,2,NA,2014,701562,701561
2014-01-01,None,257,None,206,158,Unknown,0.00293,5.4,2,3,NA,2014,701582,701581
2014-01-01,None,WT,None,171,159,Unknown,0,2.3,2,1,NA,2014,701592,701591
2014-01-01,None,101,None,209,161,Unknown,0.00244,5.9,4,3,NA,2014,701612,701611
2014-01-01,None,108,None,WT,162,Unknown,0,2.7,1,2,NA,2014,701622,701621
2014-01-01,None,40,None,WT,163,Unknown,0,3.6,1,3,NA,2014,701632,701631
2014-01-01,None,110,None,196,165,Unknown,0.01221,5.3,1,3,NA,2014,701652,701651
2014-01-01,None,171,None,257,166,Unknown,0.00049,3.9,3,2,NA,2014,701662,701661
2014-01-01,None,185,None,WT,168,Unknown,0,2.7,1,3,NA,2014,701682,701681
2014-01-01,None,186,None,WT,169,Unknown,0,3.8,1,3,NA,2014,701692,701691
2014-01-01,None,190,None,184,170,Unknown,0.00195,5.7,3,3,NA,2014,701702,701701
2014-01-01,None,209,None,69,172,Unknown,0.00049,5.1,2,4,NA,2014,701722,701721
2014-01-01,None,259,None,158,173,Unknown,0.00049,5.5,1,2,NA,2014,701732,701731
2014-01-01,None,WT,None,134,175,Unknown,0,3.3,2,1,NA,2014,701752,701751
2014-01-01,None,WT,None,137,176,Unknown,0,3.9,1,1,NA,2014,701762,701761
2014-01-01,None,11,None,87,178,Unknown,0.00146,5.8,2,3,NA,2014,701782,701781
2014-01-01,None,65,None,95,179,Unknown,0.00293,6.3,2,3,NA,2014,701792,701791
2014-01-01,None,82,None,185,180,Unknown,0.00049,4.4,3,3,NA,2014,701802,701801
2014-01-01,None,144,None,WT,181,Unknown,0,3.9,1,2,NA,2014,701812,701811
2014-01-01,None,207,None,134,182,Unknown,0.00293,6.2,2,2,NA,2014,701822,701821
2014-01-01,None,293,None,149,184,Unknown,0.00098,6.5,3,2,NA,2014,701842,701841
2014-01-01,None,WT,None,117,186,Unknown,0,3.8,1,1,NA,2014,701862,701861
2014-01-01,None,WT,None,172,187,Unknown,0,3.8,1,1,NA,2014,701872,701871
2014-01-01,None,129,None,122,188,Unknown,0.00342,6.4,3,2,NA,2014,701882,701881
2014-01-01,None,82,None,WT,190,Unknown,0,2.7,1,3,NA,2014,701902,701901
2014-01-01,None,105,None,WT,191,Unknown,0,3.9,1,3,NA,2014,701912,701911
2014-01-01,None,119,None,WT,192,Unknown,0,3.8,1,2,NA,2014,701922,701921
2014-01-01,None,125,None,277,193,Unknown,0.00049,4.4,1,3,NA,2014,701932,701931
2014-01-01,None,128,None,WT,194,Unknown,0,3.9,1,2,NA,2014,701942,701941
2014-01-01,None,140,None,WT,195,Unknown,0,2.6,1,2,NA,2014,701952,701951
2014-01-01,None,145,None,44,196,Unknown,0.00146,6.2,2,3,NA,2014,701962,701961
2014-01-01,None,161,None,111,198,Unknown,0,4.2,2,2,NA,2014,701982,701981
2014-01-01,None,291,None,295,201,Unknown,0.00391,6.5,2,2,NA,2014,702012,702011
2014-01-01,None,177,None,23,202,Unknown,0.01123,6.4,3,3,NA,2014,702022,702021
2014-01-01,None,122,None,190,203,Unknown,0.00439,6.7,3,3,NA,2014,702032,702031
2014-01-01,None,284,None,143,204,Unknown,0.00098,6.6,2,2,NA,2014,702042,702041
2014-01-01,None,49,None,43,205,Unknown,0.00146,6.6,1,2,NA,2014,702052,702051
2014-01-01,None,102,None,WT,206,Unknown,0,3.9,1,3,NA,2014,702062,702061
2014-01-01,None,146,None,WT,207,Unknown,0,3.5,1,3,NA,2014,702072,702071
2014-01-01,None,184,None,WT,208,Unknown,0,2.8,1,3,NA,2014,702082,702081
2014-01-01,None,215,None,175,209,Unknown,0.00049,5.8,2,2,NA,2014,702092,702091
2014-01-01,None,295,None,269,211,Unknown,0.01611,5.5,2,2,NA,2014,702112,702111
2014-01-01,None,290,None,105,215,Unknown,0.00439,6.7,3,2,NA,2014,702152,702151
2014-01-01,None,120,None,213,216,Unknown,0.00293,6.4,3,2,NA,2014,702162,702161
2014-01-01,None,290,None,32,220,Unknown,0.00146,6.1,3,2,NA,2014,702202,702201
2014-01-01,None,99,None,11,221,Unknown,0.00439,6.3,3,3,NA,2014,702212,702211
2014-01-01,None,149,None,139,222,Unknown,0.00195,5.6,1,3,NA,2014,702222,702221
2014-01-01,None,160,None,299,224,Unknown,0.00146,5.3,1,3,NA,2014,702242,702241
2014-01-01,None,216,None,WT,225,Unknown,0,3.3,1,1,NA,2014,702252,702251
2014-01-01,None,239,None,179,227,Unknown,0.00146,5.5,2,2,NA,2014,702272,702271
2014-01-01,None,67,None,91,230,Unknown,0.00781,5.4,3,3,NA,2014,702302,702301
2014-01-01,None,177,None,222,232,Unknown,0.00146,6.6,1,3,NA,2014,702322,702321
2014-01-01,None,183,None,288,233,Unknown,0.00928,6.4,2,1,NA,2014,702332,702331
2014-01-01,None,210,None,185,234,Unknown,0.00244,5.4,3,3,NA,2014,702342,702341
2014-01-01,None,211,None,239,235,Unknown,0.01074,6.4,2,2,NA,2014,702352,702351
2014-01-01,None,292,None,94,237,Unknown,0.00098,4.6,3,1,NA,2014,702372,702371
2014-01-01,None,78,None,131,240,Unknown,0.00146,5.4,1,1,NA,2014,702402,702401
2014-01-01,None,210,None,289,242,Unknown,0,5,2,3,NA,2014,702422,702421
2014-01-01,None,212,None,110,243,Unknown,0.00586,5.1,3,3,NA,2014,702432,702431
2014-01-01,None,WT,None,214,245,Unknown,0,3.6,2,1,NA,2014,702452,702451
2014-01-01,None,33,None,200,246,Unknown,0.01074,6.4,1,3,NA,2014,702462,702461
2014-01-01,None,83,None,42,247,Unknown,0.01123,6.7,3,1,NA,2014,702472,702471
2014-01-01,None,199,None,WT,249,Unknown,0,3.8,1,3,NA,2014,702492,702491
2014-01-01,None,214,None,145,250,Unknown,0.00195,6,3,2,NA,2014,702502,702501
2014-01-01,None,237,None,41,251,Unknown,0.00635,6.7,2,1,NA,2014,702512,702511
2014-01-01,None,300,None,298,252,Unknown,0.0332,5.3,2,2,NA,2014,702522,702521
2014-01-01,None,157,None,136,255,Unknown,0.00146,6.2,2,3,NA,2014,702552,702551
2014-01-01,None,79,None,92,256,Unknown,0.00977,5.2,1,2,NA,2014,702562,702561
2014-01-01,None,142,None,309,258,Unknown,0.00244,5.9,1,3,NA,2014,702582,702581
2014-01-01,None,145,None,241,259,Unknown,0.00098,6,1,3,NA,2014,702592,702591
2014-01-01,None,300,None,264,260,Unknown,0,4.8,1,2,NA,2014,702602,702601
2014-01-01,None,WT,None,217,261,Unknown,0,3.3,1,1,NA,2014,702612,702611
2014-01-01,None,113,None,282,266,Unknown,0,5.3,1,3,NA,2014,702662,702661
2015-01-01,None,57,None,1,1,Unknown,0.00061,4.9,1,2,NA,2015,800012,800011
2015-01-01,None,71,None,64,2,Unknown,0.00122,6.3,3,3,NA,2015,800022,800021
2015-01-01,None,79,None,81,3,Unknown,0.00549,6.9,3,1,NA,2015,800032,800031
2015-01-01,None,65,None,127,4,Unknown,0.00159,6.7,3,2,NA,2015,800042,800041
2015-01-01,None,16,None,122,5,Unknown,0.00037,5.7,3,2,NA,2015,800052,800051
2015-01-01,None,83,None,172,6,Unknown,0.00378,6.7,3,3,NA,2015,800062,800061
2015-01-01,None,20,None,225,15,Unknown,0.00037,6,3,2,NA,2015,800152,800151
2015-01-01,None,29,None,194,16,Unknown,0.00122,6.1,3,2,NA,2015,800162,800161
2015-01-01,None,60,None,8,17,Unknown,0.00146,6,3,3,NA,2015,800172,800171
2015-01-01,None,68,None,180,18,Unknown,0.00073,6.2,3,3,NA,2015,800182,800181
2015-01-01,None,83,None,123,19,Unknown,0.00085,5.8,3,3,NA,2015,800192,800191
2015-01-01,None,125,None,230,20,Unknown,0.00134,7.1,2,2,NA,2015,800202,800201
2015-01-01,None,133,None,70,21,Unknown,0.0011,6.1,3,2,NA,2015,800212,800211
2015-01-01,None,139,None,14,22,Unknown,0.00146,6.1,3,1,NA,2015,800222,800221
2015-01-01,None,155,None,23,23,Unknown,0.00208,7.4,3,1,NA,2015,800232,800231
2015-01-01,None,175,None,195,25,Unknown,0.00012,4,1,2,NA,2015,800252,800251
2015-01-01,None,3,None,124,27,Unknown,0.00024,4.9,3,3,NA,2015,800272,800271
2015-01-01,None,61,None,98,28,Unknown,0.00085,6.9,1,2,NA,2015,800282,800281
2015-01-01,None,16,None,151,29,Unknown,0.00122,6.9,3,2,NA,2015,800292,800291
2015-01-01,None,17,None,5,30,Unknown,0.00098,6.1,2,1,NA,2015,800302,800301
2015-01-01,None,29,None,124,32,Unknown,0.00122,6.1,3,2,NA,2015,800322,800321
2015-01-01,None,48,None,225,33,Unknown,0.00049,5.7,3,2,NA,2015,800332,800331
2015-01-01,None,49,None,100,34,Unknown,0.00134,6.3,2,2,NA,2015,800342,800341
2015-01-01,None,51,None,182,35,Unknown,0.00134,6.3,2,3,NA,2015,800352,800351
2015-01-01,None,89,None,209,37,Unknown,0.00378,6.8,1,2,NA,2015,800372,800371
2015-01-01,None,192,None,135,38,Unknown,0.00061,6,2,2,NA,2015,800382,800381
2015-01-01,None,6,None,4,39,Unknown,0.00073,4.9,2,2,NA,2015,800392,800391
2015-01-01,None,31,None,37,40,Unknown,0.00378,7.5,2,2,NA,2015,800402,800401
2015-01-01,None,73,None,41,41,Unknown,0.00171,6.7,1,3,NA,2015,800412,800411
2015-01-01,None,96,None,75,42,Unknown,0.00305,6.1,3,3,NA,2015,800422,800421
2015-01-01,None,151,None,22,43,Unknown,0.00159,6.9,3,3,NA,2015,800432,800431
2015-01-01,None,169,None,147,44,Unknown,0.00305,6.2,2,2,NA,2015,800442,800441
2015-01-01,None,180,None,107,45,Unknown,0.00159,6.5,2,3,NA,2015,800452,800451
2015-01-01,None,204,None,46,46,Unknown,0.00342,7.4,1,2,NA,2015,800462,800461
2015-01-01,None,252,None,222,47,Unknown,0.00171,6.4,2,3,NA,2015,800472,800471
2015-01-01,None,32,None,232,49,Unknown,0.00146,7.6,2,2,NA,2015,800492,800491
2015-01-01,None,3,None,256,50,Unknown,0.00049,5.6,3,3,NA,2015,800502,800501
2015-01-01,None,11,None,242,51,Unknown,0.0011,6.5,3,3,NA,2015,800512,800511
2015-01-01,None,51,None,21,52,Unknown,0.00195,6.4,2,3,NA,2015,800522,800521
2015-01-01,None,57,None,9,53,Unknown,0.00586,6.4,2,2,NA,2015,800532,800531
2015-01-01,None,83,None,WT,54,Unknown,0,4.1,1,3,NA,2015,800542,800541
2015-01-01,None,85,None,101,55,Unknown,0.00061,5.7,2,2,NA,2015,800552,800551
2015-01-01,None,104,None,72,56,Unknown,0.00378,7,2,2,NA,2015,800562,800561
2015-01-01,None,111,None,35,57,Unknown,0.00366,7.5,3,2,NA,2015,800572,800571
2015-01-01,None,172,None,25,59,Unknown,0.0011,5.7,3,3,NA,2015,800592,800591
2015-01-01,None,203,None,77,60,Unknown,0.00244,6.2,1,2,NA,2015,800602,800601
2015-01-01,None,205,None,161,61,Unknown,0.00195,7.3,2,2,NA,2015,800612,800611
2015-01-01,None,230,None,165,62,Unknown,0.00232,6.4,2,2,NA,2015,800622,800621
2015-01-01,None,63,None,235,63,Unknown,0.00317,7.3,2,1,NA,2015,800632,800631
2015-01-01,None,204,None,173,64,Unknown,0.00342,7,2,2,NA,2015,800642,800641
2015-01-01,None,3,None,11,65,Unknown,0.00098,6,3,3,NA,2015,800652,800651
2015-01-01,None,6,None,152,66,Unknown,0.00146,6.3,2,2,NA,2015,800662,800661
2015-01-01,None,8,None,159,67,Unknown,0,5,3,3,NA,2015,800672,800671
2015-01-01,None,23,None,163,68,Unknown,0.00085,5.9,2,3,NA,2015,800682,800681
2015-01-01,None,32,None,140,69,Unknown,0.00159,6.9,3,2,NA,2015,800692,800691
2015-01-01,None,38,None,194,71,Unknown,0.00061,5,3,2,NA,2015,800712,800711
2015-01-01,None,48,None,201,72,Unknown,0.00183,7.3,3,2,NA,2015,800722,800721
2015-01-01,None,61,None,222,74,Unknown,0.00122,6.3,2,2,NA,2015,800742,800741
2015-01-01,None,84,None,162,76,Unknown,0.00061,5.6,3,2,NA,2015,800762,800761
2015-01-01,None,89,None,123,77,Unknown,0.00061,5.6,3,2,NA,2015,800772,800771
2015-01-01,None,100,None,131,78,Unknown,0.00159,5.9,2,2,NA,2015,800782,800781
2015-01-01,None,126,None,115,79,Unknown,0.00183,6.2,2,2,NA,2015,800792,800791
2015-01-01,None,128,None,WT,80,Unknown,0,4.2,1,2,NA,2015,800802,800801
2015-01-01,None,132,None,237,81,Unknown,0.00122,6.5,2,3,NA,2015,800812,800811
2015-01-01,None,144,None,161,83,Unknown,0.0022,7.3,2,1,NA,2015,800832,800831
2015-01-01,None,168,None,148,84,Unknown,0.00024,4.5,2,2,NA,2015,800842,800841
2015-01-01,None,188,None,211,86,Unknown,0.00427,7,2,2,NA,2015,800862,800861
2015-01-01,None,70,None,173,89,Unknown,0.00134,5.6,2,3,NA,2015,800892,800891
2015-01-01,None,22,None,202,90,Unknown,0.00415,7.5,2,3,NA,2015,800902,800901
2015-01-01,None,108,None,251,91,Unknown,0.00183,6.3,2,1,NA,2015,800912,800911
2015-01-01,None,138,None,256,92,Unknown,0.00098,6.9,3,1,NA,2015,800922,800921
2015-01-01,None,9,None,25,95,Unknown,0.0022,6.6,3,2,NA,2015,800952,800951
2015-01-01,None,10,None,150,96,Unknown,0.00171,6.1,3,2,NA,2015,800962,800961
2015-01-01,None,11,None,131,97,Unknown,0.00146,6.8,2,3,NA,2015,800972,800971
2015-01-01,None,70,None,44,102,Unknown,0.0022,6,2,3,NA,2015,801022,801021
2015-01-01,None,75,None,64,103,Unknown,0.00183,6.4,3,3,NA,2015,801032,801031
2015-01-01,None,81,None,196,104,Unknown,0.00208,6.9,3,3,NA,2015,801042,801041
2015-01-01,None,96,None,232,105,Unknown,0.00183,6.2,2,3,NA,2015,801052,801051
2015-01-01,None,107,None,105,106,Unknown,0.00403,7.1,1,2,NA,2015,801062,801061
2015-01-01,None,109,None,WT,107,Unknown,0,4.2,1,1,NA,2015,801072,801071
2015-01-01,None,122,None,159,108,Unknown,0,3.5,3,3,NA,2015,801082,801081
2015-01-01,None,125,None,58,109,Unknown,0.00085,6.3,1,2,NA,2015,801092,801091
2015-01-01,None,180,None,39,110,Unknown,0.00146,6.5,1,3,NA,2015,801102,801101
2015-01-01,None,23,None,187,111,Unknown,0.00122,6,2,3,NA,2015,801112,801111
2015-01-01,None,111,None,117,112,Unknown,0.00195,7.2,2,2,NA,2015,801122,801121
2015-01-01,None,172,None,87,113,Unknown,0.00195,6.9,2,3,NA,2015,801132,801131
2015-01-01,None,12,None,27,114,Unknown,0.00159,6.2,1,2,NA,2015,801142,801141
2015-01-01,None,20,None,127,115,Unknown,0.00146,6.6,3,2,NA,2015,801152,801151
2015-01-01,None,25,None,94,116,Unknown,0.00244,6.4,2,3,NA,2015,801162,801161
2015-01-01,None,99,None,134,118,Unknown,0,3.1,2,2,NA,2015,801182,801181
2015-01-01,None,122,None,225,119,Unknown,0,4,3,3,NA,2015,801192,801191
2015-01-01,None,150,None,45,122,Unknown,0.00244,7.3,2,3,NA,2015,801222,801221
2015-01-01,None,153,None,28,123,Unknown,0.00061,6.1,1,2,NA,2015,801232,801231
2015-01-01,None,187,None,140,124,Unknown,0.00122,5.5,3,2,NA,2015,801242,801241
2015-01-01,None,188,None,82,125,Unknown,0.00159,6.4,2,2,NA,2015,801252,801251
2015-01-01,None,242,None,62,126,Unknown,0.00403,6.8,3,3,NA,2015,801262,801261
2015-01-01,None,WT,None,52,127,Unknown,0,4.3,3,1,NA,2015,801272,801271
2015-01-01,None,34,None,60,128,Unknown,0.0022,6.4,3,1,NA,2015,801282,801281
2015-01-01,None,35,None,10,129,Unknown,0.00244,6.2,2,3,NA,2015,801292,801291
2015-01-01,None,75,None,51,130,Unknown,0.00183,6.4,3,3,NA,2015,801302,801301
2015-01-01,None,132,None,123,132,Unknown,0.00085,5.9,3,3,NA,2015,801322,801321
2015-01-01,None,147,None,152,133,Unknown,0.00562,7.6,2,2,NA,2015,801332,801331
2015-01-01,None,14,None,43,134,Unknown,0.00073,5.1,1,3,NA,2015,801342,801341
2015-01-01,None,38,None,80,135,Unknown,0.00122,6.5,2,2,NA,2015,801352,801351
2015-01-01,None,52,None,5,136,Unknown,0.00195,6.2,2,3,NA,2015,801362,801361
2015-01-01,None,53,None,62,137,Unknown,0.00159,6.2,3,1,NA,2015,801372,801371
2015-01-01,None,67,None,4,138,Unknown,0.0011,5.6,2,3,NA,2015,801382,801381
2015-01-01,None,90,None,184,139,Unknown,0.00049,6,2,2,NA,2015,801392,801391
2015-01-01,None,95,None,22,140,Unknown,0.00122,7.1,3,2,NA,2015,801402,801401
2015-01-01,None,117,None,233,141,Unknown,0.00281,7.2,3,2,NA,2015,801412,801411
2015-01-01,None,126,None,196,142,Unknown,0.00208,6.7,3,2,NA,2015,801422,801421
2015-01-01,None,142,None,19,143,Unknown,0.00183,6,2,1,NA,2015,801432,801431
2015-01-01,None,148,None,36,144,Unknown,0.00195,6.4,1,2,NA,2015,801442,801441
2015-01-01,None,158,None,169,145,Unknown,0.00146,5.6,2,3,NA,2015,801452,801451
2015-01-01,None,168,None,159,146,Unknown,0,3.5,3,2,NA,2015,801462,801461
2015-01-01,None,182,None,64,147,Unknown,0.00183,6.3,3,2,NA,2015,801472,801471
2015-01-01,None,243,None,24,148,Unknown,0.00146,6.9,3,2,NA,2015,801482,801481
2015-01-01,None,14,None,110,151,Unknown,0.00012,4.6,1,3,NA,2015,801512,801511
2015-01-01,None,35,None,112,152,Unknown,0.00134,6.7,3,3,NA,2015,801522,801521
2015-01-01,None,49,None,127,153,Unknown,0.00171,6.5,3,2,NA,2015,801532,801531
2015-01-01,None,52,None,181,154,Unknown,0.00146,6.3,2,3,NA,2015,801542,801541
2015-01-01,None,60,None,66,155,Unknown,0.0011,5.1,3,3,NA,2015,801552,801551
2015-01-01,None,82,None,8,156,Unknown,0.00208,6.1,3,2,NA,2015,801562,801561
2015-01-01,None,85,None,115,157,Unknown,0.0022,6.8,2,2,NA,2015,801572,801571
2015-01-01,None,86,None,WT,158,Unknown,0,4.4,1,1,NA,2015,801582,801581
2015-01-01,None,99,None,47,159,Unknown,0.00085,5.7,2,2,NA,2015,801592,801591
2015-01-01,None,101,None,78,161,Unknown,0.00049,5.9,2,2,NA,2015,801612,801611
2015-01-01,None,130,None,81,162,Unknown,0.00171,6.5,3,2,NA,2015,801622,801621
2015-01-01,None,151,None,31,163,Unknown,0.00146,6.8,2,3,NA,2015,801632,801631
2015-01-01,None,184,None,71,165,Unknown,0.00415,7.4,3,2,NA,2015,801652,801651
2015-01-01,None,202,None,129,166,Unknown,0.00208,7.5,2,2,NA,2015,801662,801661
2015-01-01,None,203,None,96,167,Unknown,0.00195,6.2,3,2,NA,2015,801672,801671
2015-01-01,None,205,None,WT,168,Unknown,0,4.3,1,2,NA,2015,801682,801681
2015-01-01,None,154,None,WT,169,Unknown,0,4.3,1,2,NA,2015,801692,801691
2015-01-01,None,24,None,WT,170,Unknown,0,4.4,1,3,NA,2015,801702,801701
2015-01-01,None,68,None,165,172,Unknown,0.00269,6.7,2,3,NA,2015,801722,801721
2015-01-01,None,47,None,66,173,Unknown,0.00134,6.3,3,2,NA,2015,801732,801731
2015-01-01,None,73,None,129,174,Unknown,0.00244,6.8,2,3,NA,2015,801742,801741
2015-01-01,None,84,None,65,175,Unknown,0.0061,7.7,2,2,NA,2015,801752,801751
2015-01-01,None,95,None,67,176,Unknown,0.00073,6.5,3,2,NA,2015,801762,801761
2015-01-01,None,132,None,235,177,Unknown,0.00293,7.4,2,3,NA,2015,801772,801771
2015-01-01,None,133,None,71,178,Unknown,0.00427,7.3,3,2,NA,2015,801782,801781
2015-01-01,None,140,None,80,179,Unknown,0.00171,7,2,3,NA,2015,801792,801791
2015-01-01,None,149,None,215,180,Unknown,0.00476,6.8,1,1,NA,2015,801802,801801
2015-01-01,None,179,None,45,181,Unknown,0.00354,7.3,2,1,NA,2015,801812,801811
2015-01-01,None,201,None,62,182,Unknown,0.0022,7.5,3,3,NA,2015,801822,801821
2015-01-01,None,237,None,104,183,Unknown,0.00208,6.6,2,2,NA,2015,801832,801831
2015-01-01,None,40,None,94,185,Unknown,0.00464,6.9,2,2,NA,2015,801852,801851
2015-01-01,None,54,None,WT,186,Unknown,0,2.9,1,3,NA,2015,801862,801861
2015-01-01,None,78,None,68,187,Unknown,0.00244,7.4,3,2,NA,2015,801872,801871
2015-01-01,None,44,None,207,189,Unknown,0.00183,5.9,2,2,NA,2015,801892,801891
2015-01-01,None,54,None,50,190,Unknown,0.00146,6.3,1,3,NA,2015,801902,801901
2015-01-01,None,87,None,175,191,Unknown,0.00122,6,2,2,NA,2015,801912,801911
2015-01-01,None,112,None,176,192,Unknown,0.00024,5.4,2,3,NA,2015,801922,801921
2015-01-01,None,128,None,90,193,Unknown,0.00061,5.9,2,2,NA,2015,801932,801931
2015-01-01,None,130,None,67,194,Unknown,0.00159,6.4,3,2,NA,2015,801942,801941
2015-01-01,None,146,None,154,195,Unknown,0.00793,7.6,2,1,NA,2015,801952,801951
2015-01-01,None,162,None,WT,196,Unknown,0,2.3,1,3,NA,2015,801962,801961
2015-01-01,None,266,None,WT,197,Unknown,0,3.7,1,3,NA,2015,801972,801971
2015-01-01,None,WT,None,163,199,Unknown,0,2.8,2,1,NA,2015,801992,801991
2015-01-01,None,19,None,145,200,Unknown,0.00098,5.9,2,2,NA,2015,802002,802001
2015-01-01,None,24,None,91,201,Unknown,0.00146,6.9,2,3,NA,2015,802012,802011
2015-01-01,None,40,None,137,202,Unknown,0.00195,5.6,1,2,NA,2015,802022,802021
2015-01-01,None,66,None,166,203,Unknown,0.00073,4.9,1,3,NA,2015,802032,802031
2015-01-01,None,76,None,91,204,Unknown,0.00085,5.7,2,1,NA,2015,802042,802041
2015-01-01,None,153,None,135,206,Unknown,0.00146,6.3,2,2,NA,2015,802062,802061
2015-01-01,None,176,None,72,207,Unknown,0.00134,5.7,2,2,NA,2015,802072,802071
2015-01-01,None,245,None,WT,208,Unknown,0,2.8,1,1,NA,2015,802082,802081
2015-01-01,None,145,None,251,209,Unknown,0.0011,6,2,2,NA,2015,802092,802091
2015-01-01,None,156,None,WT,210,Unknown,0,2.8,1,1,NA,2015,802102,802101
2015-01-01,None,59,None,37,211,Unknown,0.00122,6.1,2,1,NA,2015,802112,802111
2015-01-01,None,56,None,124,213,Unknown,0.00305,5.6,3,1,NA,2015,802132,802131
2015-01-01,None,178,None,162,214,Unknown,0.00122,5.3,3,2,NA,2015,802142,802141
2015-01-01,None,WT,None,194,217,Unknown,0,2.9,3,1,NA,2015,802172,802171
2015-01-01,None,WT,None,181,218,Unknown,0,2.9,2,1,NA,2015,802182,802181
2015-01-01,None,WT,None,WT,219,Unknown,0,1,1,1,NA,2015,802192,802191
2015-01-01,None,WT,None,186,220,Unknown,0,2.9,2,1,NA,2015,802202,802201
2015-01-01,None,WT,None,206,222,Unknown,0,2.9,1,1,NA,2015,802222,802221
2015-01-01,None,WT,None,259,223,Unknown,0,4,2,1,NA,2015,802232,802231
2015-01-01,None,WT,None,193,225,Unknown,0,3.2,3,1,NA,2015,802252,802251
2015-01-01,None,WT,None,252,227,Unknown,0,3.6,3,1,NA,2015,802272,802271
2015-01-01,None,112,None,WT,228,Unknown,0,3.5,1,3,NA,2015,802282,802281
2015-01-01,None,207,None,158,229,Unknown,0.0011,5.5,3,2,NA,2015,802292,802291
2015-01-01,None,WT,None,192,230,Unknown,0,2.9,2,1,NA,2015,802302,802301
2015-01-01,None,73,None,260,231,Unknown,0.00049,5.9,1,3,NA,2015,802312,802311
2015-01-01,None,134,None,259,233,Unknown,0,4.8,2,2,NA,2015,802332,802331
2015-01-01,None,178,None,258,234,Unknown,0.00195,6.9,1,2,NA,2015,802342,802341
2015-01-01,None,211,None,WT,235,Unknown,0,3.8,1,2,NA,2015,802352,802351
2015-01-01,None,WT,None,255,236,Unknown,0,4.1,3,1,NA,2015,802362,802361
2015-01-01,None,198,None,216,239,Unknown,0.00122,6.3,1,2,NA,2015,802392,802391
2015-01-01,None,201,None,266,240,Unknown,0.00195,6.9,3,3,NA,2015,802402,802401
2015-01-01,None,252,None,243,243,Unknown,0.00085,6.2,2,3,NA,2015,802432,802431
2015-01-01,None,256,None,246,245,Unknown,0.00146,6.8,1,3,NA,2015,802452,802451
2015-01-01,None,WT,None,249,247,Unknown,0,2.9,1,1,NA,2015,802472,802471
2015-01-01,None,54,None,234,249,Unknown,0.00085,5.6,2,3,NA,2015,802492,802491
2015-01-01,None,WT,None,227,250,Unknown,0,3.7,1,1,NA,2015,802502,802501
2015-01-01,None,255,None,233,252,Unknown,0.00244,7.3,3,3,NA,2015,802522,802521
2015-01-01,None,18,None,250,253,Unknown,0.00208,6.2,1,1,NA,2015,802532,802531
2015-01-01,None,193,None,191,255,Unknown,0.00037,5.1,1,3,NA,2015,802552,802551
2015-01-01,None,233,None,242,256,Unknown,0.00183,6.7,3,3,NA,2015,802562,802561
2015-01-01,None,255,None,234,257,Unknown,0.00171,6.8,2,3,NA,2015,802572,802571
2015-01-01,None,196,None,198,258,Unknown,0.00183,6.2,2,3,NA,2015,802582,802581
2015-01-01,None,12,None,193,260,Unknown,0.00098,6.5,3,2,NA,2015,802602,802601
2015-01-01,None,21,None,186,261,Unknown,0.00183,6.1,2,2,NA,2015,802612,802611
2015-01-01,None,150,None,266,263,Unknown,0.00146,6.8,3,3,NA,2015,802632,802631
2015-01-01,None,240,None,158,267,Unknown,0.0011,6.4,3,1,NA,2015,802672,802671
2016-01-01,None,6,None,15,1,Unknown,0.00217,7.3,3,1,NA,2016,900012,900011
2016-01-01,None,57,None,130,2,Unknown,0.00323,7.9,2,1,NA,2016,900022,900021
2016-01-01,None,64,None,27,3,Unknown,0.00348,7,3,2,NA,2016,900032,900031
2016-01-01,None,66,None,52,4,Unknown,0.00369,7.3,2,2,NA,2016,900042,900041
2016-01-01,None,79,None,110,5,Unknown,0.00226,7.4,3,3,NA,2016,900052,900051
2016-01-01,None,80,None,183,6,Unknown,0.00107,6.4,1,4,NA,2016,900062,900061
2016-01-01,None,102,None,4,7,Unknown,0.00296,7.3,2,3,NA,2016,900072,900071
2016-01-01,None,113,None,44,8,Unknown,0.00388,7.5,3,2,NA,2016,900082,900081
2016-01-01,None,136,None,43,9,Unknown,0.00259,7.5,1,2,NA,2016,900092,900091
2016-01-01,None,139,None,137,10,Unknown,0.00171,7.1,3,2,NA,2016,900102,900101
2016-01-01,None,142,None,30,11,Unknown,0.00247,7.4,3,1,NA,2016,900112,900111
2016-01-01,None,154,None,90,12,Unknown,0.00372,7.9,1,2,NA,2016,900122,900121
2016-01-01,None,172,None,126,13,Unknown,0.0032,7.7,1,1,NA,2016,900132,900131
2016-01-01,None,3,None,56,14,Unknown,0.00275,8,1,3,NA,2016,900142,900141
2016-01-01,None,53,None,128,15,Unknown,0.00223,7.4,2,2,NA,2016,900152,900151
2016-01-01,None,35,None,129,16,Unknown,0.00296,7.3,3,3,NA,2016,900162,900161
2016-01-01,None,189,None,1,17,Unknown,0.00189,6.4,3,3,NA,2016,900172,900171
2016-01-01,None,16,None,78,18,Unknown,0.0018,7,3,3,NA,2016,900182,900181
2016-01-01,None,28,None,124,19,Unknown,0.00284,7.2,3,2,NA,2016,900192,900191
2016-01-01,None,61,None,104,20,Unknown,0.0029,8.1,2,1,NA,2016,900202,900201
2016-01-01,None,62,None,170,21,Unknown,0.0025,6.4,2,1,NA,2016,900212,900211
2016-01-01,None,79,None,176,22,Unknown,0.00278,7.4,1,3,NA,2016,900222,900221
2016-01-01,None,133,None,17,23,Unknown,0.00443,7.8,2,1,NA,2016,900232,900231
2016-01-01,None,174,None,32,25,Unknown,0.00348,7.4,2,2,NA,2016,900252,900251
2016-01-01,None,193,None,55,26,Unknown,0.00146,6.8,2,3,NA,2016,900262,900261
2016-01-01,None,39,None,18,27,Unknown,0.00146,6.6,2,1,NA,2016,900272,900271
2016-01-01,None,46,None,192,28,Unknown,0.00247,7.4,3,1,NA,2016,900282,900281
2016-01-01,None,65,None,153,29,Unknown,0.00189,7.2,1,3,NA,2016,900292,900291
2016-01-01,None,163,None,143,30,Unknown,0.00311,7.4,3,2,NA,2016,900302,900301
2016-01-01,None,179,None,144,31,Unknown,0.00262,7.7,2,2,NA,2016,900312,900311
2016-01-01,None,252,None,159,32,Unknown,0.0032,7.5,3,1,NA,2016,900322,900321
2016-01-01,None,WT,None,196,33,Unknown,0,2.2,3,1,NA,2016,900332,900331
2016-01-01,None,21,None,50,34,Unknown,0.00174,6.8,2,3,NA,2016,900342,900341
2016-01-01,None,103,None,45,35,Unknown,0.00211,7.4,2,2,NA,2016,900352,900351
2016-01-01,None,37,None,161,38,Unknown,0.00208,7.3,3,1,NA,2016,900382,900381
2016-01-01,None,38,None,190,39,Unknown,0.00229,7.1,2,3,NA,2016,900392,900391
2016-01-01,None,59,None,34,40,Unknown,0.00241,7,2,1,NA,2016,900402,900401
2016-01-01,None,65,None,92,41,Unknown,0.00226,7.5,3,3,NA,2016,900412,900411
2016-01-01,None,112,None,15,42,Unknown,0.00201,7.6,3,1,NA,2016,900422,900421
2016-01-01,None,152,None,WT,43,Unknown,0,4.4,1,2,NA,2016,900432,900431
2016-01-01,None,170,None,17,44,Unknown,0.00238,6.2,2,2,NA,2016,900442,900441
2016-01-01,None,191,None,41,45,Unknown,0.00247,7.3,2,1,NA,2016,900452,900451
2016-01-01,None,192,None,42,46,Unknown,0.0018,6.7,1,3,NA,2016,900462,900461
2016-01-01,None,51,None,175,47,Unknown,0.00262,8.1,1,2,NA,2016,900472,900471
2016-01-01,None,1,None,118,48,Unknown,0.00073,5,3,3,NA,2016,900482,900481
2016-01-01,None,44,None,146,49,Unknown,0.00089,5.8,3,3,NA,2016,900492,900491
2016-01-01,None,60,None,78,50,Unknown,0.00241,7.1,3,3,NA,2016,900502,900501
2016-01-01,None,63,None,210,51,Unknown,0.00116,6,3,1,NA,2016,900512,900511
2016-01-01,None,76,None,209,52,Unknown,0.00189,6.8,2,3,NA,2016,900522,900521
2016-01-01,None,81,None,33,53,Unknown,0.00186,7.1,3,1,NA,2016,900532,900531
2016-01-01,None,92,None,54,54,Unknown,0.00229,6.5,3,3,NA,2016,900542,900541
2016-01-01,None,97,None,52,55,Unknown,0.00238,7.6,2,1,NA,2016,900552,900551
2016-01-01,None,129,None,151,56,Unknown,0.0022,6.4,3,3,NA,2016,900562,900561
2016-01-01,None,187,None,WT,57,Unknown,0,4.7,1,1,NA,2016,900572,900571
2016-01-01,None,206,None,77,58,Unknown,0.00146,6.9,2,3,NA,2016,900582,900581
2016-01-01,None,47,None,249,59,Unknown,0.00183,7,2,1,NA,2016,900592,900591
2016-01-01,None,125,None,207,60,Unknown,0.0014,7,2,2,NA,2016,900602,900601
2016-01-01,None,29,None,124,61,Unknown,0.00229,7.2,3,1,NA,2016,900612,900611
2016-01-01,None,49,None,146,62,Unknown,0.00119,6.5,3,1,NA,2016,900622,900621
2016-01-01,None,72,None,91,63,Unknown,0.00339,7.8,2,1,NA,2016,900632,900631
2016-01-01,None,105,None,2,64,Unknown,0.00284,7.3,1,2,NA,2016,900642,900641
2016-01-01,None,165,None,WT,66,Unknown,0,4.7,1,1,NA,2016,900662,900661
2016-01-01,None,WT,None,22,67,Unknown,0,4,3,1,NA,2016,900672,900671
2016-01-01,None,245,None,20,68,Unknown,0.00339,7.9,1,3,NA,2016,900682,900681
2016-01-01,None,138,None,69,69,Unknown,0.00223,7.3,2,3,NA,2016,900692,900691
2016-01-01,None,140,None,155,70,Unknown,0.00159,7.1,2,1,NA,2016,900702,900701
2016-01-01,None,167,None,132,71,Unknown,0.00455,7.1,2,2,NA,2016,900712,900711
2016-01-01,None,185,None,162,72,Unknown,0.00266,7.7,2,3,NA,2016,900722,900721
2016-01-01,None,68,None,WT,73,Unknown,0,4,1,3,NA,2016,900732,900731
2016-01-01,None,111,None,199,74,Unknown,0.00073,5.4,2,2,NA,2016,900742,900741
2016-01-01,None,96,None,5,75,Unknown,0.00189,6.9,1,1,NA,2016,900752,900751
2016-01-01,None,178,None,WT,76,Unknown,0,4.7,1,1,NA,2016,900762,900761
2016-01-01,None,201,None,WT,77,Unknown,0,4.5,1,1,NA,2016,900772,900771
2016-01-01,None,60,None,71,79,Unknown,0.00192,6.6,3,3,NA,2016,900792,900791
2016-01-01,None,68,None,105,80,Unknown,0.00156,7.1,2,3,NA,2016,900802,900801
2016-01-01,None,125,None,158,82,Unknown,0.00275,6.4,2,2,NA,2016,900822,900821
2016-01-01,None,145,None,74,83,Unknown,0.00217,7,3,3,NA,2016,900832,900831
2016-01-01,None,186,None,WT,84,Unknown,0,2.4,1,2,NA,2016,900842,900841
2016-01-01,None,206,None,116,85,Unknown,0.00281,7.3,1,3,NA,2016,900852,900851
2016-01-01,None,3,None,25,86,Unknown,0.00073,6.4,2,3,NA,2016,900862,900861
2016-01-01,None,25,None,119,87,Unknown,0.00031,5,1,2,NA,2016,900872,900871
2016-01-01,None,118,None,23,88,Unknown,0.00034,6.3,1,3,NA,2016,900882,900881
2016-01-01,None,182,None,WT,89,Unknown,0,4.8,1,1,NA,2016,900892,900891
2016-01-01,None,189,None,122,90,Unknown,0.00238,7.6,1,3,NA,2016,900902,900901
2016-01-01,None,202,None,107,91,Unknown,0.00101,5.9,1,2,NA,2016,900912,900911
2016-01-01,None,WT,None,54,92,Unknown,0,3.1,3,1,NA,2016,900922,900921
2016-01-01,None,32,None,156,93,Unknown,0.0029,7.1,3,2,NA,2016,900932,900931
2016-01-01,None,33,None,139,94,Unknown,0.00107,6.8,2,3,NA,2016,900942,900941
2016-01-01,None,123,None,WT,95,Unknown,0,4.1,1,3,NA,2016,900952,900951
2016-01-01,None,22,None,255,96,Unknown,0.00156,6.6,3,3,NA,2016,900962,900961
2016-01-01,None,38,None,229,97,Unknown,0.00134,6.7,3,3,NA,2016,900972,900971
2016-01-01,None,71,None,243,98,Unknown,0.00131,6.6,1,3,NA,2016,900982,900981
2016-01-01,None,80,None,WT,99,Unknown,0,3.1,1,4,NA,2016,900992,900991
2016-01-01,None,83,None,222,100,Unknown,0.00052,6.1,2,2,NA,2016,901002,901001
2016-01-01,None,123,None,213,101,Unknown,0.0018,6.9,3,3,NA,2016,901012,901011
2016-01-01,None,193,None,110,102,Unknown,0.0015,7.2,3,3,NA,2016,901022,901021
2016-01-01,None,214,None,256,103,Unknown,0.0018,7,3,3,NA,2016,901032,901031
2016-01-01,None,217,None,WT,104,Unknown,0,2.5,1,3,NA,2016,901042,901041
2016-01-01,None,249,None,231,105,Unknown,0.00104,6.8,3,2,NA,2016,901052,901051
2016-01-01,None,253,None,27,106,Unknown,0.00183,6.6,3,3,NA,2016,901062,901061
2016-01-01,None,260,None,147,107,Unknown,0.00195,7.4,3,2,NA,2016,901072,901071
2016-01-01,None,267,None,144,109,Unknown,0.00208,7.4,2,2,NA,2016,901092,901091
2016-01-01,None,WT,None,223,111,Unknown,0,3,2,1,NA,2016,901112,901111
2016-01-01,None,257,None,233,112,Unknown,0.00189,6.8,3,1,NA,2016,901122,901121
2016-01-01,None,86,None,225,113,Unknown,0.00024,6.1,2,1,NA,2016,901132,901131
2016-01-01,None,145,None,40,114,Unknown,0.00238,7.5,1,3,NA,2016,901142,901141
2016-01-01,None,185,None,258,115,Unknown,0.00262,7.5,3,3,NA,2016,901152,901151
2016-01-01,None,196,None,230,116,Unknown,3e-05,3.6,2,3,NA,2016,901162,901161
2016-01-01,None,197,None,WT,117,Unknown,0,2.8,1,3,NA,2016,901172,901171
2016-01-01,None,223,None,236,118,Unknown,0.00107,5.1,2,2,NA,2016,901182,901181
2016-01-01,None,50,None,89,119,Unknown,0.00153,6.6,1,2,NA,2016,901192,901191
2016-01-01,None,80,None,227,120,Unknown,0.00067,4.9,1,4,NA,2016,901202,901201
2016-01-01,None,115,None,220,121,Unknown,0.00186,5.8,1,2,NA,2016,901212,901211
2016-01-01,None,214,None,211,122,Unknown,0.0022,6.7,3,3,NA,2016,901222,901221
2016-01-01,None,222,None,WT,123,Unknown,0,2.5,1,2,NA,2016,901232,901231
2016-01-01,None,267,None,95,124,Unknown,0.00357,7.5,1,2,NA,2016,901242,901241
2016-01-01,None,196,None,217,125,Unknown,0.00018,3.6,3,3,NA,2016,901252,901251
2016-01-01,None,108,None,218,126,Unknown,0.00015,4.2,4,1,NA,2016,901262,901261
2016-01-01,None,213,None,209,129,Unknown,0.0015,6.8,2,3,NA,2016,901292,901291
2016-01-01,None,234,None,239,130,Unknown,0.00232,7.6,2,2,NA,2016,901302,901301
2016-01-01,None,258,None,WT,131,Unknown,0,4.1,1,3,NA,2016,901312,901311
2016-01-01,None,54,None,169,132,Unknown,0.00128,5.2,2,3,NA,2016,901322,901321
2016-01-01,None,134,None,177,133,Unknown,0.00223,7.2,1,1,NA,2016,901332,901331
2016-01-01,None,190,None,21,136,Unknown,0.00259,7.2,3,2,NA,2016,901362,901361
2016-01-01,None,195,None,200,137,Unknown,0.00296,7.7,1,2,NA,2016,901372,901371
2016-01-01,None,217,None,106,140,Unknown,0.00229,6,2,3,NA,2016,901402,901401
2016-01-01,None,186,None,173,144,Unknown,0.00153,5.6,1,2,NA,2016,901442,901441
2016-01-01,None,255,None,240,145,Unknown,0.00217,7,1,3,NA,2016,901452,901451
2016-01-01,None,4,None,151,146,Unknown,0.00204,6.6,3,2,NA,2016,901462,901461
2016-01-01,None,35,None,207,147,Unknown,0.00223,7,2,3,NA,2016,901472,901471
2016-01-01,None,79,None,30,148,Unknown,0.00171,7.2,3,3,NA,2016,901482,901481
2016-01-01,None,138,None,204,149,Unknown,0.00232,6.7,2,3,NA,2016,901492,901491
2016-01-01,None,161,None,16,150,Unknown,0.00247,7,3,3,NA,2016,901502,901501
2016-01-01,None,22,None,225,152,Unknown,0.00079,5.6,2,3,NA,2016,901522,901521
2016-01-01,None,74,None,159,153,Unknown,0.00134,7,3,3,NA,2016,901532,901531
2016-01-01,None,106,None,210,154,Unknown,0.00101,5.9,3,2,NA,2016,901542,901541
2016-01-01,None,156,None,233,155,Unknown,0.00186,6.4,3,3,NA,2016,901552,901551
2016-01-01,None,163,None,233,156,Unknown,0.00214,6.8,3,2,NA,2016,901562,901561
2016-01-01,None,130,None,218,159,Unknown,0.00098,5.7,4,2,NA,2016,901592,901591
2016-01-01,None,3,None,234,160,Unknown,0.00275,7.9,2,3,NA,2016,901602,901601
2016-01-01,None,28,None,33,161,Unknown,0.00223,7.3,3,2,NA,2016,901612,901611
2016-01-01,None,30,None,55,162,Unknown,0.00302,6.9,2,3,NA,2016,901622,901621
2016-01-01,None,74,None,15,163,Unknown,0.00156,7.1,3,3,NA,2016,901632,901631
2016-01-01,None,83,None,78,164,Unknown,0.00259,7.6,3,2,NA,2016,901642,901641
2016-01-01,None,104,None,213,165,Unknown,0.00241,7.3,3,2,NA,2016,901652,901651
2016-01-01,None,123,None,210,166,Unknown,0.00082,5.5,3,3,NA,2016,901662,901661
2016-01-01,None,128,None,146,167,Unknown,0.00082,5.9,3,2,NA,2016,901672,901671
2016-01-01,None,129,None,115,168,Unknown,0.00211,7.4,2,3,NA,2016,901682,901681
2016-01-01,None,136,None,71,169,Unknown,0.00168,6.6,3,2,NA,2016,901692,901691
2016-01-01,None,211,None,WT,171,Unknown,0,4.1,1,3,NA,2016,901712,901711
2016-01-01,None,218,None,WT,172,Unknown,0,2.5,1,4,NA,2016,901722,901721
2016-01-01,None,253,None,WT,173,Unknown,0,4.1,1,3,NA,2016,901732,901731
2016-01-01,None,WT,None,WT,174,Unknown,0,1,1,1,NA,2016,901742,901741
2016-01-01,None,214,None,91,175,Unknown,0.00168,6.8,2,3,NA,2016,901752,901751
2016-01-01,None,35,None,229,177,Unknown,0.0022,6.9,3,3,NA,2016,901772,901771
2016-01-01,None,38,None,203,178,Unknown,0.00171,6.4,1,3,NA,2016,901782,901781
2016-01-01,None,68,None,148,179,Unknown,0.00238,7.4,1,3,NA,2016,901792,901791
2016-01-01,None,154,None,WT,180,Unknown,0,4.1,1,2,NA,2016,901802,901801
2016-01-01,None,185,None,WT,181,Unknown,0,4.4,1,3,NA,2016,901812,901811
2016-01-01,None,193,None,135,182,Unknown,0.00217,7.2,1,3,NA,2016,901822,901821
2016-01-01,None,194,None,180,183,Unknown,0.00339,7.6,2,2,NA,2016,901832,901831
2016-01-01,None,211,None,137,184,Unknown,0.0032,7.2,3,3,NA,2016,901842,901841
2016-01-01,None,256,None,202,185,Unknown,0.00244,7.1,2,3,NA,2016,901852,901851
2016-01-01,None,258,None,194,186,Unknown,0.00214,7.3,2,3,NA,2016,901862,901861
2016-01-01,None,WT,None,199,188,Unknown,0,2.4,2,1,NA,2016,901882,901881
2016-01-01,None,WT,None,228,189,Unknown,0,2.7,1,1,NA,2016,901892,901891
2016-01-01,None,WT,None,236,190,Unknown,0,3.1,2,1,NA,2016,901902,901901
2016-01-01,None,53,None,143,191,Unknown,0.0022,7.2,3,2,NA,2016,901912,901911
2016-01-01,None,92,None,102,192,Unknown,0.00284,7.4,3,3,NA,2016,901922,901921
2016-01-01,None,189,None,181,194,Unknown,0.00333,7.6,1,3,NA,2016,901942,901941
2016-01-01,None,21,None,27,195,Unknown,0.00177,6.5,3,3,NA,2016,901952,901951
2016-01-01,None,51,None,1,196,Unknown,0.00153,6.7,3,2,NA,2016,901962,901961
2016-01-01,None,110,None,218,197,Unknown,0.00058,5.7,4,3,NA,2016,901972,901971
2016-01-01,None,147,None,162,199,Unknown,0.00165,7.4,2,3,NA,2016,901992,901991
2016-01-01,None,180,None,WT,200,Unknown,0,4.4,1,2,NA,2016,902002,902001
2016-01-01,None,192,None,16,201,Unknown,0.0094,6.7,3,3,NA,2016,902012,902011
2016-01-01,None,18,None,WT,203,Unknown,0,4.1,1,2,NA,2016,902032,902031
2016-01-01,None,WT,None,161,205,Unknown,0,3.9,3,1,NA,2016,902052,902051
2016-01-01,None,64,None,84,206,Unknown,0.00223,6.8,1,2,NA,2016,902062,902061
2016-01-01,None,80,None,76,207,Unknown,0.00107,5.9,3,4,NA,2016,902072,902071
2016-01-01,None,137,None,255,208,Unknown,0.00143,6.7,3,3,NA,2016,902082,902081
2016-01-01,None,143,None,239,209,Unknown,0.00244,7.1,2,3,NA,2016,902092,902091
2016-01-01,None,145,None,WT,210,Unknown,0,3.8,1,3,NA,2016,902102,902101
2016-01-01,None,179,None,253,211,Unknown,0.00366,7.6,3,2,NA,2016,902112,902111
2016-01-01,None,256,None,151,213,Unknown,0.00143,6.6,3,3,NA,2016,902132,902131
2016-01-01,None,263,None,111,214,Unknown,0.00333,7.4,2,1,NA,2016,902142,902141
2016-01-01,None,44,None,67,216,Unknown,0.00217,6.6,2,3,NA,2016,902162,902161
2016-01-01,None,113,None,41,217,Unknown,0.00266,7.8,2,2,NA,2016,902172,902171
2016-01-01,None,76,None,124,220,Unknown,0.00177,6.6,3,3,NA,2016,902202,902201
2016-01-01,None,103,None,67,221,Unknown,0.00208,6.7,2,2,NA,2016,902212,902211
2016-01-01,None,34,None,204,228,Unknown,0.00226,7,2,2,NA,2016,902282,902281
2016-01-01,None,60,None,230,229,Unknown,0.00076,5.6,2,3,NA,2016,902292,902291
2016-01-01,None,69,None,WT,230,Unknown,0,4.4,1,2,NA,2016,902302,902301
2016-01-01,None,102,None,158,232,Unknown,0.00281,6.2,2,3,NA,2016,902322,902321
2016-01-01,None,109,None,229,233,Unknown,0.0018,6.9,3,1,NA,2016,902332,902331
2016-01-01,None,118,None,127,234,Unknown,0.00027,4.7,1,3,NA,2016,902342,902341
2016-01-01,None,245,None,WT,237,Unknown,0,4.4,1,3,NA,2016,902372,902371
2016-01-01,None,195,None,231,240,Unknown,0.00366,7.8,3,2,NA,2016,902402,902401
2016-01-01,None,WT,None,197,243,Unknown,0,2.8,3,1,NA,2016,902432,902431
2016-01-01,None,141,None,156,245,Unknown,0.0036,7.6,3,1,NA,2016,902452,902451
2016-01-01,None,167,None,152,247,Unknown,0.00977,7.5,2,2,NA,2016,902472,902471
2016-01-01,None,169,None,65,249,Unknown,0.00128,6.2,3,2,NA,2016,902492,902491
2016-01-01,None,197,None,168,251,Unknown,0.00079,5,1,3,NA,2016,902512,902511
2016-01-01,None,19,None,155,252,Unknown,0.0011,6.5,2,1,NA,2016,902522,902521
2016-01-01,None,174,None,138,255,Unknown,0.00174,7.2,3,2,NA,2016,902552,902551
2016-01-01,None,245,None,77,256,Unknown,0.00262,7.2,2,3,NA,2016,902562,902561
2016-01-01,None,206,None,66,263,Unknown,0.00223,7.3,2,3,NA,2016,902632,902631
2016-01-01,None,231,None,159,264,Unknown,0.0022,6.8,3,3,NA,2016,902642,902641
2016-01-01,None,45,None,147,265,Unknown,0.00177,7.4,3,2,NA,2016,902652,902651
2016-01-01,None,208,None,247,266,Unknown,0.00015,3.8,1,1,NA,2016,902662,902661
2016-01-01,None,260,None,261,267,Unknown,0.00275,7.3,1,2,NA,2016,902672,902671
2016-01-01,None,132,None,WT,269,Unknown,0,4,1,2,NA,2016,902692,902691
2017-01-01,None,26,None,208,2,Unknown,0.00983,7.7,2,1,NA,2017,110022,110021
2017-01-01,None,30,None,203,4,Unknown,0.00155,6.7,5,2,NA,2017,110042,110041
2017-01-01,None,40,None,145,5,Unknown,0.01208,8,2,2,NA,2017,110052,110051
2017-01-01,None,60,None,13,6,Unknown,0.00479,8.4,1,1,NA,2017,110062,110061
2017-01-01,None,61,None,39,7,Unknown,0.01097,8.2,1,2,NA,2017,110072,110071
2017-01-01,None,69,None,87,8,Unknown,0.00214,7.1,4,1,NA,2017,110082,110081
2017-01-01,None,84,None,43,9,Unknown,0.00074,4.4,3,4,NA,2017,110092,110091
2017-01-01,None,105,None,55,11,Unknown,0.00366,8.2,2,2,NA,2017,110112,110111
2017-01-01,None,111,None,44,12,Unknown,7e-04,5.6,4,4,NA,2017,110122,110121
2017-01-01,None,112,None,62,13,Unknown,0.01038,7.7,2,2,NA,2017,110132,110131
2017-01-01,None,150,None,90,15,Unknown,0.00364,8.3,1,2,NA,2017,110152,110151
2017-01-01,None,182,None,80,16,Unknown,0.00336,8.1,1,2,NA,2017,110162,110161
2017-01-01,None,195,None,85,17,Unknown,0.00701,7.9,1,2,NA,2017,110172,110171
2017-01-01,None,31,None,201,18,Unknown,0.00543,8.2,2,2,NA,2017,110182,110181
2017-01-01,None,100,None,3,19,Unknown,0.00374,7.6,2,4,NA,2017,110192,110191
2017-01-01,None,6,None,51,20,Unknown,0.00271,7.2,3,2,NA,2017,110202,110201
2017-01-01,None,31,None,87,21,Unknown,0.00176,7.3,4,2,NA,2017,110212,110211
2017-01-01,None,62,None,181,23,Unknown,0.00162,6.5,4,2,NA,2017,110232,110231
2017-01-01,None,73,None,WT,24,Unknown,0,3,1,5,NA,2017,110242,110241
2017-01-01,None,96,None,4,25,Unknown,0.00333,8,2,1,NA,2017,110252,110251
2017-01-01,None,100,None,28,27,Unknown,0.01129,7.8,1,4,NA,2017,110272,110271
2017-01-01,None,156,None,44,28,Unknown,0.00218,7.5,4,1,NA,2017,110282,110281
2017-01-01,None,161,None,93,29,Unknown,0.00373,8.2,1,1,NA,2017,110292,110291
2017-01-01,None,209,None,52,30,Unknown,0.00297,8,2,4,NA,2017,110302,110301
2017-01-01,None,64,None,54,31,Unknown,0.00287,7.9,2,2,NA,2017,110312,110311
2017-01-01,None,184,None,97,32,Unknown,0.00269,8,2,2,NA,2017,110322,110321
2017-01-01,None,70,None,98,34,Unknown,0.00495,7.9,2,1,NA,2017,110342,110341
2017-01-01,None,75,None,107,35,Unknown,0.00324,8.1,2,2,NA,2017,110352,110351
2017-01-01,None,91,None,9,36,Unknown,0.00268,7.7,2,3,NA,2017,110362,110361
2017-01-01,None,94,None,19,37,Unknown,0.00267,8,2,1,NA,2017,110372,110371
2017-01-01,None,114,None,84,38,Unknown,0.00061,6,4,1,NA,2017,110382,110381
2017-01-01,None,164,None,77,42,Unknown,0.00328,7,2,1,NA,2017,110422,110421
2017-01-01,None,166,None,79,43,Unknown,0.00204,7.1,2,1,NA,2017,110432,110431
2017-01-01,None,209,None,87,44,Unknown,9e-04,7,4,4,NA,2017,110442,110441
2017-01-01,None,217,None,66,45,Unknown,0.0024,7.2,3,2,NA,2017,110452,110451
2017-01-01,None,123,None,66,46,Unknown,0.00044,4.6,3,3,NA,2017,110462,110461
2017-01-01,None,130,None,121,47,Unknown,0.00211,7.7,3,2,NA,2017,110472,110471
2017-01-01,None,163,None,82,48,Unknown,0.00297,7.8,1,1,NA,2017,110482,110481
2017-01-01,None,203,None,34,50,Unknown,0.00162,6.5,1,5,NA,2017,110502,110501
2017-01-01,None,71,None,116,51,Unknown,0.00127,6.4,3,1,NA,2017,110512,110511
2017-01-01,None,125,None,132,54,Unknown,0.00047,5.4,3,1,NA,2017,110542,110541
2017-01-01,None,211,None,171,57,Unknown,0.00164,6.8,5,1,NA,2017,110572,110571
2017-01-01,None,233,None,228,58,Unknown,0.00277,8,2,3,NA,2017,110582,110581
2017-01-01,None,43,None,129,59,Unknown,0.00177,6.6,2,3,NA,2017,110592,110591
2017-01-01,None,196,None,155,60,Unknown,0.00249,7.6,2,3,NA,2017,110602,110601
2017-01-01,None,43,None,123,61,Unknown,0.00014,4.4,3,3,NA,2017,110612,110611
2017-01-01,None,84,None,89,63,Unknown,9e-04,4.6,1,4,NA,2017,110632,110631
2017-01-01,None,136,None,234,64,Unknown,0.002,6.9,4,2,NA,2017,110642,110641
2017-01-01,None,154,None,58,65,Unknown,0.00256,7.4,2,2,NA,2017,110652,110651
2017-01-01,None,160,None,197,66,Unknown,0.00349,7.8,1,1,NA,2017,110662,110661
2017-01-01,None,233,None,16,67,Unknown,0.00272,8.1,2,3,NA,2017,110672,110671
2017-01-01,None,38,None,111,70,Unknown,0.00119,6.2,4,2,NA,2017,110702,110701
2017-01-01,None,88,None,29,73,Unknown,0.00274,7.7,1,2,NA,2017,110732,110731
2017-01-01,None,109,None,102,75,Unknown,0.0031,8.3,1,2,NA,2017,110752,110751
2017-01-01,None,113,None,181,76,Unknown,0.00102,6.3,4,4,NA,2017,110762,110761
2017-01-01,None,133,None,118,77,Unknown,0.00355,7.1,5,3,NA,2017,110772,110771
2017-01-01,None,196,None,23,78,Unknown,0.00362,8.2,2,3,NA,2017,110782,110781
2017-01-01,None,200,None,WT,79,Unknown,0,3.2,1,4,NA,2017,110792,110791
2017-01-01,None,220,None,205,80,Unknown,0.00142,6.3,3,2,NA,2017,110802,110801
2017-01-01,None,83,None,118,81,Unknown,0.00238,7,5,1,NA,2017,110812,110811
2017-01-01,None,87,None,WT,82,Unknown,0,3.5,1,4,NA,2017,110822,110821
2017-01-01,None,113,None,72,83,Unknown,0.00283,7.9,1,4,NA,2017,110832,110831
2017-01-01,None,120,None,WT,84,Unknown,0,3.5,1,5,NA,2017,110842,110841
2017-01-01,None,132,None,167,85,Unknown,0.00116,6.6,1,3,NA,2017,110852,110851
2017-01-01,None,148,None,200,86,Unknown,0.00291,6.8,4,1,NA,2017,110862,110861
2017-01-01,None,154,None,103,87,Unknown,0.00272,7.5,2,2,NA,2017,110872,110871
2017-01-01,None,185,None,121,88,Unknown,0.00266,7.5,3,2,NA,2017,110882,110881
2017-01-01,None,WT,None,84,92,Unknown,0,2.2,4,1,NA,2017,110922,110921
2017-01-01,None,WT,None,234,93,Unknown,0,3.4,4,1,NA,2017,110932,110931
2017-01-01,None,75,None,194,94,Unknown,0.00266,8.2,1,2,NA,2017,110942,110941
2017-01-01,None,111,None,18,95,Unknown,0.00098,6,2,4,NA,2017,110952,110951
2017-01-01,None,WT,None,180,96,Unknown,0,3.1,3,2,NA,2017,110962,110961
2017-01-01,None,WT,None,210,98,Unknown,0,2.9,3,2,NA,2017,110982,110981
2017-01-01,None,WT,None,104,99,Unknown,0,2.2,2,1,NA,2017,110992,110991
2017-01-01,None,WT,None,92,100,Unknown,0,2.5,1,1,NA,2017,111002,111001
2017-01-01,None,WT,None,67,101,Unknown,0,3,3,2,NA,2017,111012,111011
2017-01-01,None,WT,None,76,102,Unknown,0,3.3,1,1,NA,2017,111022,111021
2017-01-01,None,234,None,WT,103,Unknown,0,3.4,1,4,NA,2017,111032,111031
2017-01-01,None,230,None,WT,104,Unknown,0,3.2,1,4,NA,2017,111042,111041
2017-01-01,None,213,None,63,105,Unknown,0.00333,8.2,1,2,NA,2017,111052,111051
2017-01-01,None,207,None,121,106,Unknown,0.00162,6.8,3,2,NA,2017,111062,111061
2017-01-01,None,186,None,147,107,Unknown,0.00376,8.1,1,1,NA,2017,111072,111071
2017-01-01,None,203,None,115,108,Unknown,0.00243,6.8,2,5,NA,2017,111082,111081
2017-01-01,None,174,None,WT,109,Unknown,0,1.5,1,1,NA,2017,111092,111091
2017-01-01,None,168,None,106,110,Unknown,0.00309,8,1,2,NA,2017,111102,111101
2017-01-01,None,122,None,124,111,Unknown,0.00314,8.1,1,2,NA,2017,111112,111111
2017-01-01,None,118,None,50,112,Unknown,0.00178,7.1,2,5,NA,2017,111122,111121
2017-01-01,None,100,None,149,114,Unknown,0.00295,7.4,3,4,NA,2017,111142,111141
2017-01-01,None,91,None,27,115,Unknown,0.00236,7.2,2,3,NA,2017,111152,111151
2017-01-01,None,61,None,159,116,Unknown,0.00312,7.5,2,2,NA,2017,111162,111161
2017-01-01,None,74,None,165,117,Unknown,0.00256,7.3,1,2,NA,2017,111172,111171
2017-01-01,None,73,None,162,118,Unknown,0.00143,6.4,1,5,NA,2017,111182,111181
2017-01-01,None,152,None,179,120,Unknown,0.00248,7.5,1,2,NA,2017,111202,111201
2017-01-01,None,140,None,27,123,Unknown,0.00299,7.3,2,1,NA,2017,111232,111231
2017-01-01,None,169,None,216,124,Unknown,0.00358,7.6,1,2,NA,2017,111242,111241
2017-01-01,None,189,None,WT,125,Unknown,0,2.4,1,3,NA,2017,111252,111251
2017-01-01,None,199,None,119,126,Unknown,0.00331,8,3,1,NA,2017,111262,111261
2017-01-01,None,214,None,35,128,Unknown,0.00379,8.4,1,1,NA,2017,111282,111281
2017-01-01,None,68,None,210,130,Unknown,0.00127,6.9,3,1,NA,2017,111302,111301
2017-01-01,None,74,None,146,131,Unknown,0.00228,7,2,2,NA,2017,111312,111311
2017-01-01,None,113,None,252,132,Unknown,0.00269,7.3,1,4,NA,2017,111322,111321
2017-01-01,None,118,None,WT,133,Unknown,0,3.5,1,5,NA,2017,111332,111331
2017-01-01,None,129,None,234,134,Unknown,0.00271,6.8,4,2,NA,2017,111342,111341
2017-01-01,None,152,None,77,135,Unknown,0.0017,6,2,2,NA,2017,111352,111351
2017-01-01,None,171,None,WT,136,Unknown,0,3,1,5,NA,2017,111362,111361
2017-01-01,None,256,None,263,138,Unknown,0.00346,8.2,1,1,NA,2017,111382,111381
2017-01-01,None,WT,None,117,139,Unknown,0,2.4,1,1,NA,2017,111392,111391
2017-01-01,None,66,None,251,140,Unknown,0.00128,5.8,3,3,NA,2017,111402,111401
2017-01-01,None,15,None,203,143,Unknown,0.00221,6.7,5,2,NA,2017,111432,111431
2017-01-01,None,171,None,WT,144,Unknown,0,3,1,5,NA,2017,111442,111441
2017-01-01,None,131,None,WT,147,Unknown,0,3,1,5,NA,2017,111472,111471
2017-01-01,None,175,None,172,148,Unknown,0.00053,5.6,2,1,NA,2017,111482,111481
2017-01-01,None,178,None,33,149,Unknown,0.00012,5.3,1,2,NA,2017,111492,111491
2017-01-01,None,180,None,229,150,Unknown,0.00111,5.9,1,3,NA,2017,111502,111501
2017-01-01,None,190,None,WT,151,Unknown,0,2.5,1,4,NA,2017,111512,111511
2017-01-01,None,205,None,32,152,Unknown,0.00088,6.7,1,3,NA,2017,111522,111521
2017-01-01,None,WT,None,171,153,Unknown,0,3,5,1,NA,2017,111532,111531
2017-01-01,None,42,None,WT,154,Unknown,0,4.8,1,1,NA,2017,111542,111541
2017-01-01,None,91,None,247,155,Unknown,0.00321,7.7,2,3,NA,2017,111552,111551
2017-01-01,None,95,None,WT,156,Unknown,0,3,1,1,NA,2017,111562,111561
2017-01-01,None,149,None,249,157,Unknown,0.00276,7.4,2,3,NA,2017,111572,111571
2017-01-01,None,183,None,WT,158,Unknown,0,4.8,1,3,NA,2017,111582,111581
2017-01-01,None,200,None,WT,159,Unknown,0,3.2,1,4,NA,2017,111592,111591
2017-01-01,None,WT,None,41,160,Unknown,0,4.7,1,1,NA,2017,111602,111601
2017-01-01,None,WT,None,173,161,Unknown,0,3,2,1,NA,2017,111612,111611
2017-01-01,None,WT,None,240,162,Unknown,0,4.9,1,1,NA,2017,111622,111621
2017-01-01,None,WT,None,181,163,Unknown,0,3.2,4,2,NA,2017,111632,111631
2017-01-01,None,178,None,WT,164,Unknown,0,4.2,1,2,NA,2017,111642,111641
2017-01-01,None,111,None,WT,165,Unknown,0,2.5,1,4,NA,2017,111652,111651
2017-01-01,None,192,None,67,166,Unknown,0.00233,6.7,3,2,NA,2017,111662,111661
2017-01-01,None,230,None,116,168,Unknown,0.00044,5,3,4,NA,2017,111682,111681
2017-01-01,None,WT,None,137,169,Unknown,0,4.9,1,1,NA,2017,111692,111691
2017-01-01,None,WT,None,190,170,Unknown,0,2.5,4,1,NA,2017,111702,111701
2017-01-01,None,WT,None,73,172,Unknown,0,3,5,1,NA,2017,111722,111721
2017-01-01,None,WT,None,131,173,Unknown,0,3,5,1,NA,2017,111732,111731
2017-01-01,None,WT,None,232,174,Unknown,0,4.1,1,2,NA,2017,111742,111741
2017-01-01,None,120,None,WT,175,Unknown,0,3.5,1,5,NA,2017,111752,111751
2017-01-01,None,153,None,251,176,Unknown,0.00311,7,3,2,NA,2017,111762,111761
2017-01-01,None,181,None,86,177,Unknown,0.00146,6.4,1,4,NA,2017,111772,111771
2017-01-01,None,188,None,WT,178,Unknown,0,2.2,1,1,NA,2017,111782,111781
2017-01-01,None,210,None,264,179,Unknown,0.00199,6.3,1,3,NA,2017,111792,111791
2017-01-01,None,230,None,265,180,Unknown,0.00166,6.9,2,4,NA,2017,111802,111801
2017-01-01,None,WT,None,116,182,Unknown,0,2.8,3,1,NA,2017,111822,111821
2017-01-01,None,WT,None,255,183,Unknown,0,4.6,2,1,NA,2017,111832,111831
2017-01-01,None,47,None,221,185,Unknown,0.00307,8.4,1,2,NA,2017,111852,111851
2017-01-01,None,120,None,57,187,Unknown,0.00183,5.8,1,5,NA,2017,111872,111871
2017-01-01,None,144,None,228,188,Unknown,0.00256,7.3,2,2,NA,2017,111882,111881
2017-01-01,None,WT,None,172,189,Unknown,0,2.2,2,1,NA,2017,111892,111891
2017-01-01,None,WT,None,131,190,Unknown,0,3,5,1,NA,2017,111902,111901
2017-01-01,None,209,None,177,192,Unknown,0.00343,8,1,4,NA,2017,111922,111921
2017-01-01,None,230,None,49,193,Unknown,0.0011,6.1,2,4,NA,2017,111932,111931
2017-01-01,None,119,None,30,194,Unknown,0.00258,8,2,3,NA,2017,111942,111941
2017-01-01,None,54,None,251,195,Unknown,0.00111,6.8,3,2,NA,2017,111952,111951
2017-01-01,None,184,None,73,196,Unknown,0.00332,6.6,5,2,NA,2017,111962,111961
2017-01-01,None,217,None,67,197,Unknown,0.00243,6.9,3,2,NA,2017,111972,111971
2017-01-01,None,220,None,51,198,Unknown,0.00358,7.3,3,2,NA,2017,111982,111981
2017-01-01,None,173,None,265,199,Unknown,0.00168,6.7,2,2,NA,2017,111992,111991
2017-01-01,None,183,None,88,200,Unknown,0.00323,7.9,2,3,NA,2017,112002,112001
2017-01-01,None,100,None,38,202,Unknown,0.00237,7.7,2,4,NA,2017,112022,112021
2017-01-01,None,115,None,103,203,Unknown,0.00311,8.3,2,2,NA,2017,112032,112031
2017-01-01,None,133,None,207,204,Unknown,0.00349,7.6,2,3,NA,2017,112042,112041
2017-01-01,None,169,None,249,205,Unknown,0.00241,7.4,2,2,NA,2017,112052,112051
2017-01-01,None,213,None,6,207,Unknown,0.00271,7.5,2,2,NA,2017,112072,112071
2017-01-01,None,255,None,79,208,Unknown,0.00307,7.9,2,2,NA,2017,112082,112081
2017-01-01,None,25,None,208,211,Unknown,0.00272,8.1,2,2,NA,2017,112112,112111
2017-01-01,None,120,None,64,212,Unknown,0.00164,7.1,2,5,NA,2017,112122,112121
2017-01-01,None,189,None,23,213,Unknown,0.00098,6.3,2,3,NA,2017,112132,112131
2017-01-01,None,WT,None,182,214,Unknown,0,4.6,2,1,NA,2017,112142,112141
2017-01-01,None,WT,None,107,215,Unknown,0,4.7,2,1,NA,2017,112152,112151
2017-01-01,None,233,None,196,216,Unknown,0.00271,7.8,3,3,NA,2017,112162,112161
2017-01-01,None,109,None,201,217,Unknown,0.00282,8.1,2,2,NA,2017,112172,112171
2017-01-01,None,113,None,98,218,Unknown,0.0023,7.3,2,4,NA,2017,112182,112181
2017-01-01,None,130,None,112,219,Unknown,0.00735,8.2,2,2,NA,2017,112192,112191
2017-01-01,None,17,None,56,220,Unknown,0.0022,7.4,1,3,NA,2017,112202,112201
2017-01-01,None,183,None,46,221,Unknown,0.00364,8.2,2,3,NA,2017,112212,112211
2017-01-01,None,WT,None,99,222,Unknown,0,2.5,1,1,NA,2017,112222,112221
2017-01-01,None,WT,None,12,223,Unknown,0,4.9,1,1,NA,2017,112232,112231
2017-01-01,None,40,None,53,224,Unknown,0.0034,8.1,2,2,NA,2017,112242,112241
2017-01-01,None,44,None,2,225,Unknown,0.00386,8.1,1,4,NA,2017,112252,112251
2017-01-01,None,47,None,WT,226,Unknown,0,5,1,2,NA,2017,112262,112261
2017-01-01,None,105,None,7,227,Unknown,0.00264,8,1,2,NA,2017,112272,112271
2017-01-01,None,168,None,97,228,Unknown,0.00295,8.1,2,2,NA,2017,112282,112281
2017-01-01,None,195,None,8,230,Unknown,0.0031,8,2,2,NA,2017,112302,112301
2017-01-01,None,247,None,132,231,Unknown,0.00285,7.4,3,2,NA,2017,112312,112311
2017-01-01,None,8,None,48,232,Unknown,0.00314,7.3,1,2,NA,2017,112322,112321
2017-01-01,None,11,None,46,233,Unknown,0.00509,8.1,2,1,NA,2017,112332,112331
2017-01-01,None,15,None,131,234,Unknown,0.00173,6.7,5,2,NA,2017,112342,112341
2017-01-01,None,16,None,51,235,Unknown,0.00352,7.7,3,2,NA,2017,112352,112351
2017-01-01,None,55,None,52,236,Unknown,0.00326,8.2,2,2,NA,2017,112362,112361
2017-01-01,None,133,None,58,238,Unknown,0.00385,8.1,2,3,NA,2017,112382,112381
2017-01-01,None,209,None,153,240,Unknown,0.00282,8.1,2,4,NA,2017,112402,112401
2017-01-01,None,53,None,18,241,Unknown,0.00336,8.1,2,2,NA,2017,112412,112411
2017-01-01,None,4,None,19,242,Unknown,0.00363,8.3,2,2,NA,2017,112422,112421
2017-01-01,None,44,None,25,243,Unknown,0.00272,7.8,2,4,NA,2017,112432,112431
2017-01-01,None,3,None,126,244,Unknown,0.00106,6.6,2,2,NA,2017,112442,112441
2017-01-01,None,17,None,50,246,Unknown,0.00323,7.7,2,3,NA,2017,112462,112461
2017-01-01,None,104,None,14,249,Unknown,0.00089,6.2,1,2,NA,2017,112492,112491
2017-01-01,None,119,None,101,251,Unknown,0.00224,7.7,1,3,NA,2017,112512,112511
2017-01-01,None,120,None,20,252,Unknown,0.0032,7.5,1,5,NA,2017,112522,112521
2017-01-01,None,122,None,118,254,Unknown,0.00277,6.9,5,2,NA,2017,112542,112541
2017-01-01,None,171,None,9,256,Unknown,0.00256,6.8,2,5,NA,2017,112562,112561
2017-01-01,None,192,None,123,257,Unknown,0.00105,6,3,2,NA,2017,112572,112571
2017-01-01,None,WT,None,136,261,Unknown,0,4.6,2,2,NA,2017,112612,112611
2017-01-01,None,17,None,131,262,Unknown,0.00131,6.2,5,3,NA,2017,112622,112621
2017-01-01,None,21,None,126,263,Unknown,0.00185,6.3,2,2,NA,2017,112632,112631
2017-01-01,None,185,None,203,266,Unknown,0.00079,6.6,5,2,NA,2017,112662,112661
2017-01-01,None,21,None,146,267,Unknown,0.00234,7.5,2,2,NA,2017,112672,112671
2017-01-01,None,49,None,180,268,Unknown,0.0019,6,3,2,NA,2017,112682,112681
2017-01-01,None,59,None,22,269,Unknown,0.00333,8.2,1,1,NA,2017,112692,112691
2017-01-01,None,73,None,190,272,Unknown,0.00083,4.5,4,5,NA,2017,112722,112721
2017-01-01,None,150,None,149,273,Unknown,0.0028,7.8,3,2,NA,2017,112732,112731
2017-01-01,None,205,None,144,274,Unknown,0.00299,5.8,2,3,NA,2017,112742,112741
2017-01-01,None,145,None,189,275,Unknown,0.00205,5.9,3,2,NA,2017,112752,112751
2017-01-01,None,155,None,159,276,Unknown,0.00208,7,2,2,NA,2017,112762,112761
2017-01-01,None,200,None,WT,277,Unknown,0,3.2,1,4,NA,2017,112772,112771
2017-01-01,None,WT,None,190,279,Unknown,0,2.5,4,2,NA,2017,112792,112791
2017-01-01,None,191,None,WT,282,Unknown,0,4.6,1,1,NA,2017,112822,112821
2017-01-01,None,WT,None,237,283,Unknown,0,3.2,2,1,NA,2017,112832,112831
2017-01-01,None,WT,None,45,286,Unknown,0,4.7,1,2,NA,2017,112862,112861
2017-01-01,None,WT,None,206,289,Unknown,0,4.4,1,2,NA,2017,112892,112891
2017-01-01,None,237,None,WT,290,Unknown,0,3.2,2,2,NA,2017,112902,112901
2018-01-01,None,13,None,9,1,Unknown,0.00207,7,2,1,NA,2018,120012,120011
2018-01-01,None,38,None,2,3,Unknown,0.00242,7.9,3,2,NA,2018,120032,120031
2018-01-01,None,47,None,4,4,Unknown,0.00332,8.2,1,2,NA,2018,120042,120041
2018-01-01,None,78,None,84,7,Unknown,0.00133,6.8,2,1,NA,2018,120072,120071
2018-01-01,None,77,None,61,9,Unknown,0.00163,6.8,3,1,NA,2018,120092,120091
2018-01-01,None,151,None,161,10,Unknown,0.00036,3.8,3,4,NA,2018,120102,120101
2018-01-01,None,176,None,28,12,Unknown,0.00362,8.2,2,1,NA,2018,120122,120121
2018-01-01,None,18,None,50,15,Unknown,0.00313,8.3,2,2,NA,2018,120152,120151
2018-01-01,None,20,None,5,16,Unknown,0.00328,8.6,2,2,NA,2018,120162,120161
2018-01-01,None,32,None,64,17,Unknown,0.00336,8.5,1,1,NA,2018,120172,120171
2018-01-01,None,61,None,100,18,Unknown,0.00031,4.5,2,3,NA,2018,120182,120181
2018-01-01,None,70,None,98,19,Unknown,0.00036,5.5,3,2,NA,2018,120192,120191
2018-01-01,None,108,None,86,21,Unknown,0.00231,7.8,2,1,NA,2018,120212,120211
2018-01-01,None,112,None,94,22,Unknown,0.00322,8.7,3,1,NA,2018,120222,120221
2018-01-01,None,194,None,156,25,Unknown,0.00073,6.5,2,1,NA,2018,120252,120251
2018-01-01,None,195,None,163,26,Unknown,0.00259,6,3,2,NA,2018,120262,120261
2018-01-01,None,225,None,27,27,Unknown,0.00348,8.9,2,2,NA,2018,120272,120271
2018-01-01,None,WT,None,105,29,Unknown,0,5.1,2,1,NA,2018,120292,120291
2018-01-01,None,179,None,21,30,Unknown,0.00215,7.8,2,3,NA,2018,120302,120301
2018-01-01,None,219,None,135,31,Unknown,0.0023,8.1,1,2,NA,2018,120312,120311
2018-01-01,None,6,None,102,32,Unknown,0.00139,6.9,2,1,NA,2018,120322,120321
2018-01-01,None,31,None,164,33,Unknown,0.00132,7.1,3,2,NA,2018,120332,120331
2018-01-01,None,138,None,152,34,Unknown,0.0036,8.5,2,3,NA,2018,120342,120341
2018-01-01,None,187,None,160,35,Unknown,0.00116,6.3,3,2,NA,2018,120352,120351
2018-01-01,None,198,None,35,36,Unknown,0.00341,8.7,1,2,NA,2018,120362,120361
2018-01-01,None,211,None,34,37,Unknown,0.00352,9,2,2,NA,2018,120372,120371
2018-01-01,None,221,None,60,38,Unknown,0.00388,8.9,2,1,NA,2018,120382,120381
2018-01-01,None,236,None,44,39,Unknown,0.00264,8.6,2,2,NA,2018,120392,120391
2018-01-01,None,66,None,7,45,Unknown,0.00387,9,2,2,NA,2018,120452,120451
2018-01-01,None,88,None,231,46,Unknown,0.00382,8.4,2,2,NA,2018,120462,120461
2018-01-01,None,123,None,67,49,Unknown,0.00385,8.7,2,3,NA,2018,120492,120491
2018-01-01,None,128,None,170,50,Unknown,0.00051,6.5,2,3,NA,2018,120502,120501
2018-01-01,None,138,None,54,51,Unknown,0.00299,7.8,3,3,NA,2018,120512,120511
2018-01-01,None,140,None,83,52,Unknown,0.00345,7.9,1,2,NA,2018,120522,120521
2018-01-01,None,192,None,43,54,Unknown,0.00287,8.5,3,1,NA,2018,120542,120541
2018-01-01,None,86,None,58,57,Unknown,0.00336,8.4,1,2,NA,2018,120572,120571
2018-01-01,None,98,None,266,58,Unknown,0.00019,4.4,1,3,NA,2018,120582,120581
2018-01-01,None,120,None,234,60,Unknown,0.00335,8.1,2,1,NA,2018,120602,120601
2018-01-01,None,179,None,79,61,Unknown,0.00066,5.8,3,3,NA,2018,120612,120611
2018-01-01,None,5,None,212,65,Unknown,0.00356,8.5,2,2,NA,2018,120652,120651
2018-01-01,None,16,None,165,68,Unknown,0.00065,6.3,1,2,NA,2018,120682,120681
2018-01-01,None,19,None,125,69,Unknown,0.00226,6,1,1,NA,2018,120692,120691
2018-01-01,None,27,None,110,71,Unknown,0.00354,8.9,2,2,NA,2018,120712,120711
2018-01-01,None,43,None,196,72,Unknown,0.00349,7.8,1,3,NA,2018,120722,120721
2018-01-01,None,50,None,185,73,Unknown,0.00286,8.4,1,2,NA,2018,120732,120731
2018-01-01,None,60,None,215,74,Unknown,0.00233,7.1,2,2,NA,2018,120742,120741
2018-01-01,None,85,None,15,77,Unknown,0.00306,8.4,1,3,NA,2018,120772,120771
2018-01-01,None,95,None,73,78,Unknown,0.00406,7.9,2,1,NA,2018,120782,120781
2018-01-01,None,103,None,11,79,Unknown,0.00108,6.8,2,2,NA,2018,120792,120791
2018-01-01,None,105,None,36,80,Unknown,0.00357,9,1,2,NA,2018,120802,120801
2018-01-01,None,115,None,107,81,Unknown,0.00352,8.7,1,3,NA,2018,120812,120811
2018-01-01,None,123,None,203,83,Unknown,0.00313,8.8,1,3,NA,2018,120832,120831
2018-01-01,None,124,None,227,84,Unknown,0.00393,8.8,2,1,NA,2018,120842,120841
2018-01-01,None,126,None,28,85,Unknown,0.00343,8.7,2,2,NA,2018,120852,120851
2018-01-01,None,128,None,79,86,Unknown,0.00179,6.8,3,3,NA,2018,120862,120861
2018-01-01,None,134,None,161,88,Unknown,0.00107,5.9,3,1,NA,2018,120882,120881
2018-01-01,None,151,None,199,89,Unknown,0.00067,5.6,3,4,NA,2018,120892,120891
2018-01-01,None,157,None,235,90,Unknown,0.0036,8.5,1,1,NA,2018,120902,120901
2018-01-01,None,166,None,180,91,Unknown,0.00363,7.8,2,1,NA,2018,120912,120911
2018-01-01,None,183,None,65,93,Unknown,0.00253,7,1,2,NA,2018,120932,120931
2018-01-01,None,198,None,34,98,Unknown,0.00372,8.6,2,2,NA,2018,120982,120981
2018-01-01,None,205,None,67,99,Unknown,0.00328,8.7,2,2,NA,2018,120992,120991
2018-01-01,None,214,None,111,100,Unknown,0.00181,7.3,1,4,NA,2018,121002,121001
2018-01-01,None,230,None,152,102,Unknown,0.00346,8.4,2,2,NA,2018,121022,121021
2018-01-01,None,236,None,44,103,Unknown,0.00264,8.6,2,2,NA,2018,121032,121031
2018-01-01,None,12,None,169,107,Unknown,0.00199,6.2,1,2,NA,2018,121072,121071
2018-01-01,None,16,None,168,108,Unknown,0.00307,7.6,2,2,NA,2018,121082,121081
2018-01-01,None,21,None,227,109,Unknown,0.00304,8.7,2,2,NA,2018,121092,121091
2018-01-01,None,61,None,222,110,Unknown,8e-04,4.5,2,3,NA,2018,121102,121101
2018-01-01,None,85,None,94,112,Unknown,0.00346,8.4,3,3,NA,2018,121122,121121
2018-01-01,None,98,None,131,114,Unknown,0.00055,6,2,3,NA,2018,121142,121141
2018-01-01,None,138,None,223,116,Unknown,0.00267,7.6,3,3,NA,2018,121162,121161
2018-01-01,None,147,None,WT,117,Unknown,0,2.5,1,2,NA,2018,121172,121171
2018-01-01,None,179,None,2,118,Unknown,0.00238,8,3,3,NA,2018,121182,121181
2018-01-01,None,207,None,42,119,Unknown,0.00281,8.3,1,1,NA,2018,121192,121191
2018-01-01,None,218,None,79,120,Unknown,0.00106,6.3,3,1,NA,2018,121202,121201
2018-01-01,None,228,None,29,121,Unknown,0.00359,9.1,2,1,NA,2018,121212,121211
2018-01-01,None,88,None,116,122,Unknown,0.00343,8.5,2,2,NA,2018,121222,121221
2018-01-01,None,81,None,195,123,Unknown,0.00218,7.9,2,1,NA,2018,121232,121231
2018-01-01,None,7,None,175,124,Unknown,0.0013,6.8,1,2,NA,2018,121242,121241
2018-01-01,None,48,None,159,126,Unknown,0.00135,6.5,2,1,NA,2018,121262,121261
2018-01-01,None,117,None,149,128,Unknown,0.00171,7.3,3,1,NA,2018,121282,121281
2018-01-01,None,131,None,153,129,Unknown,0.00104,6,2,2,NA,2018,121292,121291
2018-01-01,None,151,None,208,130,Unknown,0.00039,6.2,2,4,NA,2018,121302,121301
2018-01-01,None,180,None,262,131,Unknown,0.00206,7.6,1,2,NA,2018,121312,121311
2018-01-01,None,211,None,252,133,Unknown,0.0033,8.8,1,2,NA,2018,121332,121331
2018-01-01,None,214,None,233,134,Unknown,0.0029,7.3,2,4,NA,2018,121342,121341
2018-01-01,None,223,None,8,135,Unknown,0.00209,7,1,3,NA,2018,121352,121351
2018-01-01,None,WT,None,249,136,Unknown,0,4.1,2,1,NA,2018,121362,121361
2018-01-01,None,WT,None,220,137,Unknown,0,4.7,1,1,NA,2018,121372,121371
2018-01-01,None,WT,None,261,138,Unknown,0,3.3,3,1,NA,2018,121382,121381
2018-01-01,None,9,None,267,139,Unknown,0.00137,7,1,2,NA,2018,121392,121391
2018-01-01,None,11,None,263,140,Unknown,0.00316,8.2,2,2,NA,2018,121402,121401
2018-01-01,None,230,None,24,141,Unknown,0.00095,6.5,3,2,NA,2018,121412,121411
2018-01-01,None,231,None,254,142,Unknown,0.00345,8.1,1,2,NA,2018,121422,121421
2018-01-01,None,31,None,139,143,Unknown,0.00028,6.2,1,2,NA,2018,121432,121431
2018-01-01,None,WT,None,150,144,Unknown,0,3.9,1,1,NA,2018,121442,121441
2018-01-01,None,20,None,266,145,Unknown,0.00303,7.9,1,2,NA,2018,121452,121451
2018-01-01,None,23,None,240,146,Unknown,0.00323,8.3,1,1,NA,2018,121462,121461
2018-01-01,None,85,None,144,147,Unknown,0.00071,5.8,2,3,NA,2018,121472,121471
2018-01-01,None,143,None,154,149,Unknown,0.00222,6.8,2,1,NA,2018,121492,121491
2018-01-01,None,164,None,158,151,Unknown,0.00101,5.5,1,3,NA,2018,121512,121511
2018-01-01,None,199,None,96,152,Unknown,0.00088,5.9,1,3,NA,2018,121522,121521
2018-01-01,None,214,None,268,153,Unknown,0.00126,6.3,1,4,NA,2018,121532,121531
2018-01-01,None,222,None,238,154,Unknown,0.00097,6.3,1,2,NA,2018,121542,121541
2018-01-01,None,WT,None,92,155,Unknown,0,2.1,1,1,NA,2018,121552,121551
2018-01-01,None,WT,None,76,156,Unknown,0,4.1,2,1,NA,2018,121562,121561
2018-01-01,None,WT,None,80,157,Unknown,0,4.1,2,1,NA,2018,121572,121571
2018-01-01,None,76,None,242,158,Unknown,0.00239,8.3,2,2,NA,2018,121582,121581
2018-01-01,None,104,None,106,159,Unknown,0.00111,6,1,1,NA,2018,121592,121591
2018-01-01,None,177,None,84,162,Unknown,0.00061,5.9,2,1,NA,2018,121622,121621
2018-01-01,None,200,None,163,163,Unknown,0.00104,6.6,3,2,NA,2018,121632,121631
2018-01-01,None,204,None,159,164,Unknown,0.00161,6.4,2,1,NA,2018,121642,121641
2018-01-01,None,215,None,155,165,Unknown,0.00273,7.2,1,2,NA,2018,121652,121651
2018-01-01,None,261,None,202,166,Unknown,0.00239,7.2,1,3,NA,2018,121662,121661
2018-01-01,None,269,None,102,167,Unknown,0.00119,6.8,2,1,NA,2018,121672,121671
2018-01-01,None,WT,None,251,169,Unknown,0,4.9,1,1,NA,2018,121692,121691
2018-01-01,None,WT,None,257,170,Unknown,0,4,1,1,NA,2018,121702,121701
2018-01-01,None,73,None,190,171,Unknown,0.001,6.4,1,2,NA,2018,121712,121711
2018-01-01,None,75,None,168,172,Unknown,0.00188,7.7,2,1,NA,2018,121722,121721
2018-01-01,None,103,None,182,173,Unknown,1e-04,4.1,2,2,NA,2018,121732,121731
2018-01-01,None,114,None,153,174,Unknown,0.0014,6.2,2,1,NA,2018,121742,121741
2018-01-01,None,115,None,24,175,Unknown,0.00143,6.1,3,3,NA,2018,121752,121751
2018-01-01,None,128,None,162,176,Unknown,0.00344,7.6,2,3,NA,2018,121762,121761
2018-01-01,None,133,None,WT,177,Unknown,0,2.8,2,2,NA,2018,121772,121771
2018-01-01,None,144,None,WT,178,Unknown,0,2.5,2,2,NA,2018,121782,121781
2018-01-01,None,148,None,170,179,Unknown,0.00039,5.1,2,1,NA,2018,121792,121791
2018-01-01,None,154,None,188,180,Unknown,0.0027,7,1,2,NA,2018,121802,121801
2018-01-01,None,161,None,WT,181,Unknown,0,2.5,1,3,NA,2018,121812,121811
2018-01-01,None,163,None,187,182,Unknown,0.00082,5.5,2,3,NA,2018,121822,121821
2018-01-01,None,172,None,87,184,Unknown,0.00057,6.2,1,2,NA,2018,121842,121841
2018-01-01,None,193,None,183,185,Unknown,0.00181,6.4,2,1,NA,2018,121852,121851
2018-01-01,None,214,None,WT,186,Unknown,0,3.3,1,4,NA,2018,121862,121861
2018-01-01,None,249,None,12,187,Unknown,0.0023,6.9,2,2,NA,2018,121872,121871
2018-01-01,None,18,None,109,188,Unknown,0,5.9,1,2,NA,2018,121882,121881
2018-01-01,None,80,None,93,189,Unknown,0.00067,5.8,1,2,NA,2018,121892,121891
2018-01-01,None,123,None,160,190,Unknown,0.00221,7,3,3,NA,2018,121902,121901
2018-01-01,None,151,None,243,191,Unknown,0.00056,6.2,1,4,NA,2018,121912,121911
2018-01-01,None,208,None,38,192,Unknown,0.00327,8,2,2,NA,2018,121922,121921
2018-01-01,None,242,None,182,193,Unknown,0.00287,6.5,2,2,NA,2018,121932,121931
2018-01-01,None,47,None,178,194,Unknown,0.00028,5.9,1,2,NA,2018,121942,121941
2018-01-01,None,70,None,WT,195,Unknown,0,4.1,1,2,NA,2018,121952,121951
2018-01-01,None,116,None,WT,198,Unknown,0,4.7,1,2,NA,2018,121982,121981
2018-01-01,None,126,None,WT,200,Unknown,0,5,1,2,NA,2018,122002,122001
2018-01-01,None,156,None,256,201,Unknown,0.00165,5.9,1,2,NA,2018,122012,122011
2018-01-01,None,205,None,100,204,Unknown,0.00061,6,2,2,NA,2018,122042,122041
2018-01-01,None,241,None,24,205,Unknown,0.00264,6.5,3,1,NA,2018,122052,122051
2018-01-01,None,246,None,160,206,Unknown,0.00171,7.2,3,1,NA,2018,122062,122061
2018-01-01,None,118,None,133,209,Unknown,0.00107,6,2,1,NA,2018,122092,122091
2018-01-01,None,244,None,54,212,Unknown,0.00167,7,3,1,NA,2018,122122,122121
2018-01-01,None,132,None,174,213,Unknown,0.00163,6.7,2,1,NA,2018,122132,122131
2018-01-01,None,199,None,25,215,Unknown,0.00347,8.3,1,3,NA,2018,122152,122151
2018-01-01,None,217,None,WT,216,Unknown,0,5,1,1,NA,2018,122162,122161
2018-01-01,None,110,None,WT,217,Unknown,0,5,2,2,NA,2018,122172,122171
2018-01-01,None,261,None,WT,219,Unknown,0,3.3,1,3,NA,2018,122192,122191
2018-01-01,None,43,None,82,222,Unknown,0.00125,6.3,1,3,NA,2018,122222,122221
2018-01-01,None,66,None,136,223,Unknown,0.00083,6.4,1,2,NA,2018,122232,122231
2018-01-01,None,164,None,200,227,Unknown,0.00219,7.1,2,3,NA,2018,122272,122271
2018-01-01,None,94,None,149,232,Unknown,0.00381,7.8,3,3,NA,2018,122322,122321
2018-01-01,None,263,None,WT,241,Unknown,0,4.1,1,2,NA,2018,122412,122411
2018-01-01,None,29,None,279,245,Unknown,0.00076,6.4,1,2,NA,2018,122452,122451
2018-01-01,None,219,None,63,253,Unknown,0.00257,7.4,1,2,NA,2018,122532,122531
2018-01-01,None,2,None,276,256,Unknown,0.00294,8.4,1,3,NA,2018,122562,122561
2018-01-01,None,45,None,WT,264,Unknown,0,4.6,2,2,NA,2018,122642,122641
2018-01-01,None,54,None,286,266,Unknown,0.00098,6.1,1,3,NA,2018,122662,122661
2018-01-01,None,212,None,174,272,Unknown,0.00177,6.6,2,2,NA,2018,122722,122721
2018-01-01,None,115,None,101,280,Unknown,0.00088,6.1,1,3,NA,2018,122802,122801
2018-01-01,None,140,None,283,282,Unknown,0.00093,5.5,1,2,NA,2018,122822,122821
2018-01-01,None,172,None,WT,283,Unknown,0,2.5,1,2,NA,2018,122832,122831
2018-01-01,None,225,None,275,286,Unknown,0.00185,8,1,2,NA,2018,122862,122861
2018-01-01,None,232,None,WT,288,Unknown,0,4.6,2,2,NA,2018,122882,122881
2018-01-01,None,45,None,WT,289,Unknown,0,4.6,1,2,NA,2018,122892,122891
2018-01-01,None,149,None,WT,290,Unknown,0,3.7,2,3,NA,2018,122902,122901
2018-01-01,None,223,None,WT,291,Unknown,0,3.5,1,3,NA,2018,122912,122911
2018-01-01,None,46,None,282,292,Unknown,0.00087,5.6,1,1,NA,2018,122922,122921
2018-01-01,None,226,None,147,293,Unknown,0.00051,5,2,2,NA,2018,122932,122931
2018-01-01,None,233,None,WT,294,Unknown,0,5,1,2,NA,2018,122942,122941
2018-01-01,None,WT,None,162,297,Unknown,0,3.4,2,1,NA,2018,122972,122971
2018-01-01,None,232,None,WT,299,Unknown,0,4.6,2,2,NA,2018,122992,122991
2018-01-01,None,234,None,WT,300,Unknown,0,4.4,2,2,NA,2018,123002,123001
2018-01-01,None,226,None,273,302,Unknown,0.00317,7.4,1,2,NA,2018,123022,123021
2019-01-01,None,33,None,191,1,Unknown,0.00333,7.6,3,1,NA,2019,130012,130011
2019-01-01,None,131,None,12,2,Unknown,0.00355,8.9,1,2,NA,2019,130022,130021
2019-01-01,None,141,None,4,4,Unknown,0.00301,8.4,1,4,NA,2019,130042,130041
2019-01-01,None,143,None,136,5,Unknown,0.00085,6.1,4,3,NA,2019,130052,130051
2019-01-01,None,170,None,1,6,Unknown,0.00091,6.5,1,4,NA,2019,130062,130061
2019-01-01,None,173,None,22,7,Unknown,0.001,7.4,1,2,NA,2019,130072,130071
2019-01-01,None,192,None,32,8,Unknown,0.00335,8.4,2,2,NA,2019,130082,130081
2019-01-01,None,153,None,137,9,Unknown,0.00115,6.5,4,3,NA,2019,130092,130091
2019-01-01,None,184,None,195,10,Unknown,0.00096,6.1,1,2,NA,2019,130102,130101
2019-01-01,None,98,None,69,11,Unknown,0.00296,8.3,3,1,NA,2019,130112,130111
2019-01-01,None,119,None,120,12,Unknown,0.0026,8.3,3,2,NA,2019,130122,130121
2019-01-01,None,123,None,93,13,Unknown,0.0034,8.5,1,2,NA,2019,130132,130131
2019-01-01,None,126,None,200,14,Unknown,0.00145,6.7,4,4,NA,2019,130142,130141
2019-01-01,None,165,None,114,16,Unknown,0.00267,7.6,2,1,NA,2019,130162,130161
2019-01-01,None,162,None,174,17,Unknown,0.0016,7.1,3,2,NA,2019,130172,130171
2019-01-01,None,185,None,163,18,Unknown,0.00337,7.5,2,2,NA,2019,130182,130181
2019-01-01,None,34,None,86,19,Unknown,0.003,8.6,1,1,NA,2019,130192,130191
2019-01-01,None,128,None,118,20,Unknown,0.00284,8.7,2,2,NA,2019,130202,130201
2019-01-01,None,145,None,103,22,Unknown,0.00362,9.3,2,2,NA,2019,130222,130221
2019-01-01,None,152,None,172,23,Unknown,0.00348,7.8,1,3,NA,2019,130232,130231
2019-01-01,None,171,None,112,24,Unknown,0.00238,8.4,1,2,NA,2019,130242,130241
2019-01-01,None,176,None,31,25,Unknown,0.0036,8.9,1,2,NA,2019,130252,130251
2019-01-01,None,175,None,130,27,Unknown,0.00302,7.2,1,3,NA,2019,130272,130271
2019-01-01,None,116,None,167,28,Unknown,0.00341,8.2,1,2,NA,2019,130282,130281
2019-01-01,None,136,None,WT,29,Unknown,0,3.1,1,4,NA,2019,130292,130291
2019-01-01,None,149,None,198,30,Unknown,0.00236,6.7,3,3,NA,2019,130302,130301
2019-01-01,None,154,None,81,31,Unknown,0.00327,8.5,1,4,NA,2019,130312,130311
2019-01-01,None,120,None,177,33,Unknown,0.00041,5.5,4,3,NA,2019,130332,130331
2019-01-01,None,137,None,178,34,Unknown,0.00024,4.6,4,4,NA,2019,130342,130341
2019-01-01,None,152,None,186,35,Unknown,6e-04,5.6,3,3,NA,2019,130352,130351
2019-01-01,None,79,None,159,37,Unknown,0.00132,7.4,2,1,NA,2019,130372,130371
2019-01-01,None,133,None,51,38,Unknown,0.00339,9.3,2,2,NA,2019,130382,130381
2019-01-01,None,141,None,83,39,Unknown,0.00332,8.6,1,4,NA,2019,130392,130391
2019-01-01,None,153,None,90,40,Unknown,0.00257,8.4,1,3,NA,2019,130402,130401
2019-01-01,None,80,None,206,42,Unknown,0.00373,9.1,2,1,NA,2019,130422,130421
2019-01-01,None,85,None,280,43,Unknown,0.00251,8.4,1,1,NA,2019,130432,130431
2019-01-01,None,126,None,179,44,Unknown,0.00138,6.8,3,4,NA,2019,130442,130441
2019-01-01,None,134,None,91,45,Unknown,0.00368,8.6,1,2,NA,2019,130452,130451
2019-01-01,None,170,None,204,48,Unknown,0.00089,6,4,4,NA,2019,130482,130481
2019-01-01,None,286,None,124,51,Unknown,0.00358,8.4,1,2,NA,2019,130512,130511
2019-01-01,None,WT,None,222,52,Unknown,0,4.1,4,2,NA,2019,130522,130521
2019-01-01,None,151,None,155,53,Unknown,6e-05,4.8,1,4,NA,2019,130532,130531
2019-01-01,None,174,None,219,54,Unknown,0.00081,5.8,2,3,NA,2019,130542,130541
2019-01-01,None,46,None,25,56,Unknown,0.00285,8.5,3,1,NA,2019,130562,130561
2019-01-01,None,77,None,9,57,Unknown,0.00359,8.6,1,2,NA,2019,130572,130571
2019-01-01,None,84,None,26,58,Unknown,0.00258,8.4,1,1,NA,2019,130582,130581
2019-01-01,None,88,None,205,59,Unknown,0.00183,7.2,2,2,NA,2019,130592,130591
2019-01-01,None,109,None,187,60,Unknown,0.00253,8.8,2,2,NA,2019,130602,130601
2019-01-01,None,223,None,16,61,Unknown,0.00336,8.5,1,2,NA,2019,130612,130611
2019-01-01,None,154,None,190,63,Unknown,0.00218,7.7,2,4,NA,2019,130632,130631
2019-01-01,None,156,None,WT,64,Unknown,0,3.1,1,1,NA,2019,130642,130641
2019-01-01,None,169,None,21,65,Unknown,0.00396,7.3,2,3,NA,2019,130652,130651
2019-01-01,None,182,None,283,66,Unknown,0.00044,5,1,2,NA,2019,130662,130661
2019-01-01,None,289,None,217,67,Unknown,0.00089,5.8,1,4,NA,2019,130672,130671
2019-01-01,None,WT,None,110,68,Unknown,0,3.2,2,1,NA,2019,130682,130681
2019-01-01,None,WT,None,50,69,Unknown,0,4.2,3,3,NA,2019,130692,130691
2019-01-01,None,177,None,212,70,Unknown,0.00036,5.9,2,4,NA,2019,130702,130701
2019-01-01,None,170,None,215,71,Unknown,0.00209,7.2,1,4,NA,2019,130712,130711
2019-01-01,None,19,None,245,72,Unknown,0.00149,6.9,1,2,NA,2019,130722,130721
2019-01-01,None,29,None,WT,73,Unknown,0,3.6,1,1,NA,2019,130732,130731
2019-01-01,None,30,None,264,74,Unknown,0.00332,7.2,2,1,NA,2019,130742,130741
2019-01-01,None,149,None,89,75,Unknown,0.00355,7.2,1,3,NA,2019,130752,130751
2019-01-01,None,162,None,78,76,Unknown,0.00177,7.9,1,2,NA,2019,130762,130761
2019-01-01,None,177,None,288,77,Unknown,0.00027,4.7,2,4,NA,2019,130772,130771
2019-01-01,None,198,None,73,79,Unknown,0.00344,7.6,1,3,NA,2019,130792,130791
2019-01-01,None,WT,None,266,80,Unknown,0,4,1,2,NA,2019,130802,130801
2019-01-01,None,138,None,68,81,Unknown,0.00072,5.8,2,3,NA,2019,130812,130811
2019-01-01,None,135,None,294,83,Unknown,0.00168,7,4,1,NA,2019,130832,130831
2019-01-01,None,151,None,166,84,Unknown,0.00238,7.3,2,4,NA,2019,130842,130841
2019-01-01,None,170,None,222,85,Unknown,0.00069,6.1,4,4,NA,2019,130852,130851
2019-01-01,None,188,None,178,86,Unknown,0.00036,5.2,4,4,NA,2019,130862,130861
2019-01-01,None,136,None,WT,87,Unknown,0,3.1,1,4,NA,2019,130872,130871
2019-01-01,None,177,None,256,88,Unknown,0.00282,6.6,2,4,NA,2019,130882,130881
2019-01-01,None,WT,None,17,90,Unknown,0,5.2,1,2,NA,2019,130902,130901
2019-01-01,None,WT,None,139,91,Unknown,0,4.5,2,1,NA,2019,130912,130911
2019-01-01,None,102,None,147,93,Unknown,0.00217,8.1,3,1,NA,2019,130932,130931
2019-01-01,None,126,None,129,94,Unknown,0.00207,7.3,2,4,NA,2019,130942,130941
2019-01-01,None,58,None,164,95,Unknown,0.00103,6.4,1,1,NA,2019,130952,130951
2019-01-01,None,19,None,194,96,Unknown,0.00157,6.7,3,2,NA,2019,130962,130961
2019-01-01,None,27,None,200,97,Unknown,0.00277,8,4,1,NA,2019,130972,130971
2019-01-01,None,39,None,169,98,Unknown,0.00234,7.7,3,2,NA,2019,130982,130981
2019-01-01,None,72,None,69,99,Unknown,0.00236,7.9,3,1,NA,2019,130992,130991
2019-01-01,None,99,None,264,100,Unknown,0.00287,7.7,2,2,NA,2019,131002,131001
2019-01-01,None,289,None,7,101,Unknown,0.00164,6.7,2,4,NA,2019,131012,131011
2019-01-01,None,77,None,74,102,Unknown,0.00327,8.8,1,2,NA,2019,131022,131021
2019-01-01,None,143,None,49,103,Unknown,0.00265,8.4,1,3,NA,2019,131032,131031
2019-01-01,None,147,None,15,104,Unknown,0.00269,8.1,1,3,NA,2019,131042,131041
2019-01-01,None,WT,None,288,105,Unknown,0,3.3,2,2,NA,2019,131052,131051
2019-01-01,None,WT,None,45,106,Unknown,0,5.5,1,1,NA,2019,131062,131061
2019-01-01,None,18,None,25,107,Unknown,0.00097,6.5,3,2,NA,2019,131072,131071
2019-01-01,None,50,None,37,108,Unknown,0.00336,8.7,2,3,NA,2019,131082,131081
2019-01-01,None,179,None,138,110,Unknown,0.00034,5.2,3,3,NA,2019,131102,131101
2019-01-01,None,188,None,WT,111,Unknown,0,3.9,1,4,NA,2019,131112,131111
2019-01-01,None,204,None,189,112,Unknown,0.00338,6.9,2,4,NA,2019,131122,131121
2019-01-01,None,299,None,151,113,Unknown,0.00115,6.1,4,2,NA,2019,131132,131131
2019-01-01,None,65,None,198,115,Unknown,0.00224,7.6,3,2,NA,2019,131152,131151
2019-01-01,None,7,None,10,116,Unknown,0.00199,6.3,1,2,NA,2019,131162,131161
2019-01-01,None,25,None,68,117,Unknown,0.0018,7.4,2,3,NA,2019,131172,131171
2019-01-01,None,120,None,18,118,Unknown,0.00071,6.4,2,3,NA,2019,131182,131181
2019-01-01,None,178,None,126,119,Unknown,0.00028,5.5,4,4,NA,2019,131192,131191
2019-01-01,None,289,None,201,120,Unknown,0.0014,6.3,1,4,NA,2019,131202,131201
2019-01-01,None,WT,None,50,121,Unknown,0,4.2,3,1,NA,2019,131212,131211
2019-01-01,None,3,None,151,122,Unknown,0.00362,7.7,4,1,NA,2019,131222,131221
2019-01-01,None,38,None,282,123,Unknown,0.00272,8.2,5,1,NA,2019,131232,131231
2019-01-01,None,69,None,289,124,Unknown,0.00229,6.3,4,3,NA,2019,131242,131241
2019-01-01,None,152,None,129,125,Unknown,0.00152,7,2,3,NA,2019,131252,131251
2019-01-01,None,158,None,138,126,Unknown,0.0012,6.8,3,1,NA,2019,131262,131261
2019-01-01,None,171,None,153,127,Unknown,0.00187,7.3,3,2,NA,2019,131272,131271
2019-01-01,None,179,None,141,128,Unknown,0.00086,6.8,4,3,NA,2019,131282,131281
2019-01-01,None,187,None,200,129,Unknown,0.00338,7,4,2,NA,2019,131292,131291
2019-01-01,None,188,None,WT,130,Unknown,0,3.9,2,4,NA,2019,131302,131301
2019-01-01,None,143,None,173,131,Unknown,0.00047,6.1,2,3,NA,2019,131312,131311
2019-01-01,None,175,None,178,132,Unknown,0.00054,5.3,4,3,NA,2019,131322,131321
2019-01-01,None,57,None,88,133,Unknown,0.00284,8.1,2,1,NA,2019,131332,131331
2019-01-01,None,193,None,154,134,Unknown,0.00189,7.4,4,2,NA,2019,131342,131341
2019-01-01,None,194,None,32,135,Unknown,0.00187,7.4,2,3,NA,2019,131352,131351
2019-01-01,None,71,None,136,136,Unknown,0.0021,7.5,4,2,NA,2019,131362,131361
2019-01-01,None,184,None,159,137,Unknown,0.00347,7.1,2,2,NA,2019,131372,131371
2019-01-01,None,191,None,204,138,Unknown,0.00224,7.1,4,3,NA,2019,131382,131381
2019-01-01,None,188,None,200,139,Unknown,0.00105,6.4,4,4,NA,2019,131392,131391
2019-01-01,None,61,None,209,140,Unknown,0.00095,6.9,1,1,NA,2019,131402,131401
2019-01-01,None,60,None,35,143,Unknown,0.00274,8.2,1,1,NA,2019,131432,131431
2019-01-01,None,142,None,37,144,Unknown,0.00389,9.5,2,2,NA,2019,131442,131441
2019-01-01,None,180,None,154,145,Unknown,0.00239,7.7,4,1,NA,2019,131452,131451
2019-01-01,None,174,None,65,146,Unknown,0.00284,8.4,2,3,NA,2019,131462,131461
2019-01-01,None,71,None,175,149,Unknown,0.00296,8.5,3,2,NA,2019,131492,131491
2019-01-01,None,137,None,110,150,Unknown,0.00225,5.6,2,4,NA,2019,131502,131501
2019-01-01,None,142,None,114,151,Unknown,0.00235,8,2,2,NA,2019,131512,131511
2019-01-01,None,146,None,191,152,Unknown,0.00339,8.2,3,1,NA,2019,131522,131521
2019-01-01,None,147,None,108,153,Unknown,0.00213,7.7,2,3,NA,2019,131532,131531
2019-01-01,None,WT,None,107,154,Unknown,0,4.1,2,2,NA,2019,131542,131541
2019-01-01,None,52,None,100,155,Unknown,0.00361,8.6,1,1,NA,2019,131552,131551
2019-01-01,None,123,None,181,156,Unknown,0.00092,6.2,2,2,NA,2019,131562,131561
2019-01-01,None,193,None,186,158,Unknown,0.00118,5.9,3,2,NA,2019,131582,131581
2019-01-01,None,282,None,144,159,Unknown,0.00048,5.7,1,5,NA,2019,131592,131591
2019-01-01,None,141,None,WT,161,Unknown,0,4.2,2,4,NA,2019,131612,131611
2019-01-01,None,204,None,WT,162,Unknown,0,4,2,4,NA,2019,131622,131621
2019-01-01,None,WT,None,157,163,Unknown,0,3.1,1,1,NA,2019,131632,131631
2019-01-01,None,140,None,182,164,Unknown,0.00323,7.9,2,1,NA,2019,131642,131641
2019-01-01,None,149,None,185,165,Unknown,0.00267,7.6,2,3,NA,2019,131652,131651
2019-01-01,None,286,None,186,166,Unknown,0.00105,6.6,3,2,NA,2019,131662,131661
2019-01-01,None,119,None,181,167,Unknown,0.00054,6.4,2,2,NA,2019,131672,131671
2019-01-01,None,107,None,WT,168,Unknown,0,4.1,2,2,NA,2019,131682,131681
2019-01-01,None,145,None,137,169,Unknown,0.00188,7.3,4,2,NA,2019,131692,131691
2019-01-01,None,190,None,121,170,Unknown,0.00308,9.1,2,2,NA,2019,131702,131701
2019-01-01,None,192,None,213,171,Unknown,0.0034,8.3,1,2,NA,2019,131712,131711
2019-01-01,None,WT,None,205,174,Unknown,0,4.3,2,2,NA,2019,131742,131741
2019-01-01,None,WT,None,108,176,Unknown,0,4.8,2,2,NA,2019,131762,131761
2019-01-01,None,WT,None,294,177,Unknown,0,3.5,4,3,NA,2019,131772,131771
2019-01-01,None,WT,None,300,178,Unknown,0,3.2,3,3,NA,2019,131782,131781
2019-01-01,None,103,None,282,179,Unknown,0.00281,8.1,5,2,NA,2019,131792,131791
2019-01-01,None,194,None,294,181,Unknown,0.00177,6.5,4,3,NA,2019,131812,131811
2019-01-01,None,216,None,300,182,Unknown,0.00199,5.7,3,1,NA,2019,131822,131821
2019-01-01,None,116,None,302,184,Unknown,0.00385,8.5,2,2,NA,2019,131842,131841
2019-01-01,None,WT,None,299,185,Unknown,0,3.3,2,2,NA,2019,131852,131851
2019-01-01,None,109,None,282,186,Unknown,0.00229,8.1,5,2,NA,2019,131862,131861
2019-01-01,None,51,None,293,190,Unknown,0.00259,7.4,2,2,NA,2019,131902,131901
2019-01-01,None,133,None,163,191,Unknown,0.0031,8.7,2,2,NA,2019,131912,131911
2019-01-01,None,206,None,294,195,Unknown,0.00282,7.1,4,2,NA,2019,131952,131951
2019-01-01,None,219,None,297,196,Unknown,0.00029,4.4,1,2,NA,2019,131962,131961
2019-01-01,None,222,None,21,197,Unknown,0.00341,8,2,4,NA,2019,131972,131971
2019-01-01,None,232,None,256,198,Unknown,0.00377,9.1,2,1,NA,2019,131982,131981
2019-01-01,None,36,None,134,199,Unknown,0.00313,9,2,1,NA,2019,131992,131991
2019-01-01,None,139,None,118,200,Unknown,0.00331,8.5,2,2,NA,2019,132002,132001
2019-01-01,None,176,None,166,201,Unknown,0.00307,8.4,2,2,NA,2019,132012,132011
2019-01-01,None,222,None,128,202,Unknown,0.0028,7.8,2,4,NA,2019,132022,132021
2019-01-01,None,241,None,54,203,Unknown,0.00204,7.3,1,1,NA,2019,132032,132031
2019-01-01,None,300,None,282,204,Unknown,0.00082,5.9,5,3,NA,2019,132042,132041
2019-01-01,None,39,None,223,205,Unknown,0.00361,8.5,2,2,NA,2019,132052,132051
2019-01-01,None,272,None,121,208,Unknown,0.00341,8.9,2,1,NA,2019,132082,132081
2019-01-01,None,302,None,131,209,Unknown,0.00338,8.5,2,2,NA,2019,132092,132091
2019-01-01,None,WT,None,212,210,Unknown,0,4.5,2,1,NA,2019,132102,132101
2019-01-01,None,253,None,99,212,Unknown,0.00358,9.1,2,1,NA,2019,132122,132121
2019-01-01,None,292,None,189,213,Unknown,0.00081,6.7,2,1,NA,2019,132132,132131
2019-01-01,None,293,None,290,214,Unknown,0.00087,5.3,1,2,NA,2019,132142,132141
2019-01-01,None,227,None,169,216,Unknown,0.00163,7,3,1,NA,2019,132162,132161
2020-01-01,None,19,None,128,1,Unknown,0.00296,8.7,2,3,NA,2020,140012,140011
2020-01-01,None,76,None,8,2,Unknown,0.00349,9.2,2,2,NA,2020,140022,140021
2020-01-01,None,97,None,10,3,Unknown,0.00164,8.1,2,4,NA,2020,140032,140031
2020-01-01,None,100,None,5,4,Unknown,0.00264,7.9,3,1,NA,2020,140042,140041
2020-01-01,None,108,None,6,5,Unknown,0.00282,8.6,3,2,NA,2020,140052,140051
2020-01-01,None,125,None,145,6,Unknown,0.00246,8.3,2,2,NA,2020,140062,140061
2020-01-01,None,134,None,1,7,Unknown,0.00306,8.5,2,2,NA,2020,140072,140071
2020-01-01,None,13,None,12,8,Unknown,0.00321,9.4,2,2,NA,2020,140082,140081
2020-01-01,None,103,None,20,9,Unknown,0.00339,9.5,3,2,NA,2020,140092,140091
2020-01-01,None,88,None,17,10,Unknown,0.00235,7.8,2,2,NA,2020,140102,140101
2020-01-01,None,101,None,23,11,Unknown,0.00242,8.3,2,3,NA,2020,140112,140111
2020-01-01,None,110,None,133,12,Unknown,0.00159,7.7,2,1,NA,2020,140122,140121
2020-01-01,None,120,None,29,13,Unknown,0.00044,5.7,2,3,NA,2020,140132,140131
2020-01-01,None,35,None,200,15,Unknown,0.00335,8,2,3,NA,2020,140152,140151
2020-01-01,None,48,None,81,16,Unknown,0.0019,6.9,4,3,NA,2020,140162,140161
2020-01-01,None,77,None,WT,17,Unknown,0,3.3,2,5,NA,2020,140172,140171
2020-01-01,None,95,None,2,18,Unknown,0.00232,8.6,2,4,NA,2020,140182,140181
2020-01-01,None,122,None,24,19,Unknown,0.00298,9,2,2,NA,2020,140192,140191
2020-01-01,None,28,None,53,20,Unknown,0.00259,7.5,1,3,NA,2020,140202,140201
2020-01-01,None,59,None,25,21,Unknown,0.0033,9,1,3,NA,2020,140212,140211
2020-01-01,None,61,None,80,22,Unknown,0.0011,7.3,2,2,NA,2020,140222,140221
2020-01-01,None,22,None,68,23,Unknown,0.00258,7.3,1,1,NA,2020,140232,140231
2020-01-01,None,42,None,72,24,Unknown,0.00323,9,3,2,NA,2020,140242,140241
2020-01-01,None,45,None,74,25,Unknown,0.00359,8.9,2,3,NA,2020,140252,140251
2020-01-01,None,56,None,30,26,Unknown,0.00339,8.6,3,2,NA,2020,140262,140261
2020-01-01,None,60,None,40,27,Unknown,0.00373,9.6,2,1,NA,2020,140272,140271
2020-01-01,None,167,None,16,28,Unknown,0.00369,8,1,3,NA,2020,140282,140281
2020-01-01,None,76,None,WT,29,Unknown,0,5,2,2,NA,2020,140292,140291
2020-01-01,None,61,None,WT,30,Unknown,0,5.3,1,2,NA,2020,140302,140301
2020-01-01,None,4,None,164,31,Unknown,0.00319,9.1,3,2,NA,2020,140312,140311
2020-01-01,None,28,None,WT,32,Unknown,0,5.1,1,3,NA,2020,140322,140321
2020-01-01,None,31,None,80,33,Unknown,0.00111,7.3,2,2,NA,2020,140332,140331
2020-01-01,None,35,None,203,34,Unknown,0.00272,7.5,2,3,NA,2020,140342,140341
2020-01-01,None,77,None,143,35,Unknown,0.00175,7.4,2,5,NA,2020,140352,140351
2020-01-01,None,84,None,37,36,Unknown,0.00249,8.4,2,3,NA,2020,140362,140361
2020-01-01,None,43,None,83,37,Unknown,0.00285,8.7,3,2,NA,2020,140372,140371
2020-01-01,None,WT,None,63,38,Unknown,0,4.8,3,1,NA,2020,140382,140381
2020-01-01,None,WT,None,81,39,Unknown,0,3.9,4,2,NA,2020,140392,140391
2020-01-01,None,WT,None,48,40,Unknown,0,4,3,2,NA,2020,140402,140401
2020-01-01,None,6,None,39,41,Unknown,0.00312,8.6,2,3,NA,2020,140412,140411
2020-01-01,None,11,None,WT,42,Unknown,0,5.1,1,1,NA,2020,140422,140421
2020-01-01,None,44,None,WT,43,Unknown,0,4.4,1,3,NA,2020,140432,140431
2020-01-01,None,59,None,5,44,Unknown,0.00176,7.7,3,3,NA,2020,140442,140441
2020-01-01,None,71,None,93,46,Unknown,0.00315,8.6,2,4,NA,2020,140462,140461
2020-01-01,None,72,None,58,47,Unknown,0.00326,8.7,2,3,NA,2020,140472,140471
2020-01-01,None,73,None,WT,48,Unknown,0,2.8,1,2,NA,2020,140482,140481
2020-01-01,None,74,None,117,49,Unknown,0.00222,8.3,2,2,NA,2020,140492,140491
2020-01-01,None,88,None,8,50,Unknown,0.00293,8.5,2,2,NA,2020,140502,140501
2020-01-01,None,96,None,75,51,Unknown,0.00222,8,3,2,NA,2020,140512,140511
2020-01-01,None,197,None,10,52,Unknown,0.00356,8.1,2,2,NA,2020,140522,140521
2020-01-01,None,115,None,104,53,Unknown,0.00271,8.9,2,2,NA,2020,140532,140531
2020-01-01,None,WT,None,101,54,Unknown,0,4.4,3,1,NA,2020,140542,140541
2020-01-01,None,18,None,98,55,Unknown,0.00223,8.6,3,3,NA,2020,140552,140551
2020-01-01,None,86,None,128,56,Unknown,0.00105,7,2,4,NA,2020,140562,140561
2020-01-01,None,105,None,WT,57,Unknown,0,2.7,1,4,NA,2020,140572,140571
2020-01-01,None,7,None,51,58,Unknown,0.00351,8.9,2,2,NA,2020,140582,140581
2020-01-01,None,9,None,99,59,Unknown,0.00218,8.2,2,1,NA,2020,140592,140591
2020-01-01,None,57,None,WT,60,Unknown,0,5.3,2,2,NA,2020,140602,140601
2020-01-01,None,79,None,77,61,Unknown,0.00106,7.1,5,2,NA,2020,140612,140611
2020-01-01,None,124,None,WT,62,Unknown,0,4.1,1,4,NA,2020,140622,140621
2020-01-01,None,WT,None,133,63,Unknown,0,5.1,2,2,NA,2020,140632,140631
2020-01-01,None,113,None,WT,64,Unknown,0,4,2,3,NA,2020,140642,140641
2020-01-01,None,65,None,1,65,Unknown,0.00323,8.5,2,1,NA,2020,140652,140651
2020-01-01,None,83,None,WT,66,Unknown,0,4.5,1,3,NA,2020,140662,140661
2020-01-01,None,115,None,13,67,Unknown,0.00329,9,2,2,NA,2020,140672,140671
2020-01-01,None,126,None,31,68,Unknown,0.00368,8.6,2,1,NA,2020,140682,140681
2020-01-01,None,145,None,39,69,Unknown,0.00285,9.2,2,2,NA,2020,140692,140691
2020-01-01,None,WT,None,35,70,Unknown,0,3.8,3,2,NA,2020,140702,140701
2020-01-01,None,7,None,54,71,Unknown,0.00134,7.6,2,2,NA,2020,140712,140711
2020-01-01,None,17,None,95,72,Unknown,0.00311,7.7,4,2,NA,2020,140722,140721
2020-01-01,None,84,None,152,73,Unknown,0.00248,8.8,2,3,NA,2020,140732,140731
2020-01-01,None,117,None,86,74,Unknown,0.00144,7.3,4,2,NA,2020,140742,140741
2020-01-01,None,134,None,WT,75,Unknown,0,4.7,1,2,NA,2020,140752,140751
2020-01-01,None,WT,None,73,76,Unknown,0,2.8,2,1,NA,2020,140762,140761
2020-01-01,None,125,None,67,77,Unknown,0.00356,7.4,3,2,NA,2020,140772,140771
2020-01-01,None,12,None,135,78,Unknown,0.00346,8.8,3,2,NA,2020,140782,140781
2020-01-01,None,79,None,105,79,Unknown,0.00076,6.4,4,2,NA,2020,140792,140791
2020-01-01,None,144,None,WT,82,Unknown,0,5.8,2,3,NA,2020,140822,140821
2020-01-01,None,72,None,WT,83,Unknown,0,4.5,2,3,NA,2020,140832,140831
2020-01-01,None,104,None,WT,84,Unknown,0,5,2,2,NA,2020,140842,140841
2020-01-01,None,27,None,208,85,Unknown,0.00282,9,3,2,NA,2020,140852,140851
2020-01-01,None,123,None,171,88,Unknown,0.00328,9.3,2,2,NA,2020,140882,140881
2020-01-01,None,146,None,WT,89,Unknown,0,5.2,1,2,NA,2020,140892,140891
2020-01-01,None,WT,None,166,94,Unknown,0,4.3,3,2,NA,2020,140942,140941
2020-01-01,None,WT,None,214,95,Unknown,0,3.7,2,2,NA,2020,140952,140951
2020-01-01,None,WT,None,161,96,Unknown,0,3.1,3,2,NA,2020,140962,140961
2020-01-01,None,131,None,191,97,Unknown,0.0037,8.4,2,4,NA,2020,140972,140971
2020-01-01,None,210,None,WT,98,Unknown,0,3.3,2,4,NA,2020,140982,140981
2020-01-01,None,20,None,213,99,Unknown,0.00384,8.7,3,3,NA,2020,140992,140991
2020-01-01,None,23,None,195,100,Unknown,0.00216,8.5,1,2,NA,2020,141002,141001
2020-01-01,None,44,None,199,101,Unknown,0.00323,8.9,1,3,NA,2020,141012,141011
2020-01-01,None,57,None,202,103,Unknown,0.00313,9.2,3,2,NA,2020,141032,141031
2020-01-01,None,67,None,198,104,Unknown,0.00273,8.4,1,3,NA,2020,141042,141041
2020-01-01,None,70,None,97,105,Unknown,0.0026,7.9,4,3,NA,2020,141052,141051
2020-01-01,None,77,None,WT,106,Unknown,0,3.3,1,5,NA,2020,141062,141061
2020-01-01,None,WT,None,168,110,Unknown,0,3.1,4,2,NA,2020,141102,141101
2020-01-01,None,WT,None,176,111,Unknown,0,3.4,3,2,NA,2020,141112,141111
2020-01-01,None,197,None,WT,112,Unknown,0,5,1,2,NA,2020,141122,141121
2020-01-01,None,131,None,WT,114,Unknown,0,4.1,2,4,NA,2020,141142,141141
2020-01-01,None,146,None,182,115,Unknown,0.00195,8,3,2,NA,2020,141152,141151
2020-01-01,None,164,None,181,117,Unknown,0.00166,8.2,3,3,NA,2020,141172,141171
2020-01-01,None,203,None,136,118,Unknown,0.00293,8.4,3,2,NA,2020,141182,141181
2020-01-01,None,204,None,196,119,Unknown,0.00075,6.2,4,3,NA,2020,141192,141191
2020-01-01,None,WT,None,177,120,Unknown,0,2.8,1,1,NA,2020,141202,141201
2020-01-01,None,81,None,184,122,Unknown,0.00196,8.2,2,4,NA,2020,141222,141221
2020-01-01,None,210,None,WT,123,Unknown,0,3.3,1,4,NA,2020,141232,141231
2020-01-01,None,212,None,167,124,Unknown,0.0025,8.7,3,1,NA,2020,141242,141241
2020-01-01,None,98,None,214,125,Unknown,0.00286,7.5,2,3,NA,2020,141252,141251
2020-01-01,None,191,None,120,127,Unknown,0.00302,8.5,3,2,NA,2020,141272,141271
2020-01-01,None,209,None,WT,128,Unknown,0,5.3,1,1,NA,2020,141282,141281
2020-01-01,None,WT,None,130,129,Unknown,0,3,3,1,NA,2020,141292,141291
2020-01-01,None,6,None,WT,130,Unknown,0,4.3,2,3,NA,2020,141302,141301
2020-01-01,None,208,None,196,133,Unknown,0.00168,7.6,4,3,NA,2020,141332,141331
2020-01-01,None,48,None,179,134,Unknown,0.0025,8,2,3,NA,2020,141342,141341
2020-01-01,None,123,None,WT,136,Unknown,0,5.1,2,2,NA,2020,141362,141361
2020-01-01,None,4,None,182,137,Unknown,0.00244,8,3,2,NA,2020,141372,141371
2020-01-01,None,27,None,162,138,Unknown,0.00275,6.6,1,2,NA,2020,141382,141381
2020-01-01,None,58,None,205,139,Unknown,0.00294,9.5,2,2,NA,2020,141392,141391
2020-01-01,None,71,None,176,140,Unknown,0.0011,7,3,4,NA,2020,141402,141401
2020-01-01,None,90,None,WT,141,Unknown,0,3.6,1,2,NA,2020,141412,141411
2020-01-01,None,99,None,196,144,Unknown,0.00102,7.1,4,2,NA,2020,141442,141441
2020-01-01,None,124,None,38,146,Unknown,0.0036,8.8,1,4,NA,2020,141462,141461
2020-01-01,None,186,None,216,148,Unknown,0.00295,8.5,2,2,NA,2020,141482,141481
2020-01-01,None,204,None,201,149,Unknown,0.00221,8.2,2,3,NA,2020,141492,141491
2020-01-01,None,70,None,2,153,Unknown,0.00208,8.4,2,3,NA,2020,141532,141531
2020-01-01,None,71,None,216,154,Unknown,0.00294,8.1,2,4,NA,2020,141542,141541
2020-01-01,None,96,None,30,155,Unknown,0.00185,7.7,3,2,NA,2020,141552,141551
2020-01-01,None,164,None,45,156,Unknown,0.00317,9.2,3,3,NA,2020,141562,141561
2020-01-01,None,165,None,135,157,Unknown,0.00291,8.5,3,1,NA,2020,141572,141571
2020-01-01,None,181,None,184,158,Unknown,0.00244,8.5,2,3,NA,2020,141582,141581
2020-01-01,None,WT,None,210,163,Unknown,0,3.3,4,1,NA,2020,141632,141631
2020-01-01,None,77,None,103,164,Unknown,0.00125,7.6,2,5,NA,2020,141642,141641
2020-01-01,None,19,None,182,166,Unknown,0.00165,8.2,3,3,NA,2020,141662,141661
2020-01-01,None,98,None,51,170,Unknown,0.00295,9.1,2,3,NA,2020,141702,141701
2020-01-01,None,106,None,WT,171,Unknown,0,3.7,1,1,NA,2020,141712,141711
2020-01-01,None,166,None,56,172,Unknown,0.0031,8.5,2,3,NA,2020,141722,141721
2020-01-01,None,186,None,63,173,Unknown,0.00323,8.9,3,2,NA,2020,141732,141731
2020-01-01,None,196,None,WT,174,Unknown,0,3.2,1,4,NA,2020,141742,141741
2020-01-01,None,205,None,201,175,Unknown,0.00362,9.5,2,2,NA,2020,141752,141751
2020-01-01,None,208,None,213,176,Unknown,0.00256,8.8,3,3,NA,2020,141762,141761
2020-01-01,None,WT,None,90,178,Unknown,0,3.6,2,1,NA,2020,141782,141781
2020-01-01,None,WT,None,95,184,Unknown,0,4.2,4,1,NA,2020,141842,141841
2020-01-01,None,83,None,167,187,Unknown,0.00178,7.7,3,3,NA,2020,141872,141871
2020-01-01,None,97,None,202,188,Unknown,0.00289,8.9,3,4,NA,2020,141882,141881
2020-01-01,None,20,None,101,190,Unknown,0.00344,8.7,3,3,NA,2020,141902,141901
2020-01-01,None,144,None,WT,193,Unknown,0,5.8,2,3,NA,2020,141932,141931
2020-01-01,None,71,None,WT,194,Unknown,0,4.6,2,4,NA,2020,141942,141941
2020-01-01,None,42,None,18,196,Unknown,0.00352,9.3,3,2,NA,2020,141962,141961
2020-01-01,None,97,None,113,198,Unknown,0.00248,8,3,4,NA,2020,141982,141981
2020-01-01,None,144,None,WT,199,Unknown,0,5.8,2,3,NA,2020,141992,141991
2020-01-01,None,28,None,14,200,Unknown,0.00302,8.5,3,3,NA,2020,142002,142001
2020-01-01,None,95,None,WT,202,Unknown,0,4.2,2,4,NA,2020,142022,142021
2020-01-01,None,WT,None,204,204,Unknown,0,4,3,2,NA,2020,142042,142041
2020-01-01,None,19,None,127,205,Unknown,0.00363,9,2,3,NA,2020,142052,142051
2020-01-01,None,24,None,86,206,Unknown,0.00125,7.8,4,2,NA,2020,142062,142061
2020-01-01,None,59,None,158,207,Unknown,0.00153,7.6,2,3,NA,2020,142072,142071
2020-01-01,None,131,None,124,208,Unknown,0.00135,7.2,4,4,NA,2020,142082,142081
2020-01-01,None,136,None,168,209,Unknown,0.00148,6.8,4,3,NA,2020,142092,142091
2020-01-01,None,166,None,130,210,Unknown,0.00161,6.3,3,3,NA,2020,142102,142101
2020-01-01,None,WT,None,200,212,Unknown,0,5.2,2,2,NA,2020,142122,142121
2020-01-01,None,40,None,14,213,Unknown,0.00302,8.6,3,2,NA,2020,142132,142131
2020-01-01,None,45,None,154,214,Unknown,0.00116,7.3,2,3,NA,2020,142142,142141
2020-01-01,None,54,None,75,215,Unknown,0.00169,7.5,3,2,NA,2020,142152,142151
2020-01-01,None,67,None,140,216,Unknown,0.00183,7.3,1,3,NA,2020,142162,142161
2020-01-01,None,129,None,176,218,Unknown,0.00109,6.9,3,2,NA,2020,142182,142181
2020-01-01,None,135,None,WT,219,Unknown,0,4.7,1,3,NA,2020,142192,142191
2020-01-01,None,213,None,151,222,Unknown,0.00278,8.4,2,3,NA,2020,142222,142221
2020-01-01,None,WT,None,153,225,Unknown,0,4.8,1,2,NA,2020,142252,142251
2020-01-01,None,WT,None,150,226,Unknown,0,3.8,4,2,NA,2020,142262,142261
2020-01-01,None,70,None,155,227,Unknown,0.00221,8.2,2,3,NA,2020,142272,142271
2020-01-01,None,18,None,107,228,Unknown,0.00147,8,1,3,NA,2020,142282,142281
2020-01-01,None,63,None,94,231,Unknown,0.00248,8.5,1,3,NA,2020,142312,142311
2020-01-01,None,66,None,WT,233,Unknown,0,3.5,2,3,NA,2020,142332,142331
2020-01-01,None,105,None,WT,234,Unknown,0,2.7,2,4,NA,2020,142342,142341
2020-01-01,None,138,None,91,236,Unknown,0.00261,6.8,2,2,NA,2020,142362,142361
2020-01-01,None,150,None,112,237,Unknown,0.00068,7.2,3,4,NA,2020,142372,142371
2020-01-01,None,151,None,37,238,Unknown,0.00367,8.7,2,2,NA,2020,142382,142381
2020-01-01,None,174,None,WT,239,Unknown,0,3.1,2,2,NA,2020,142392,142391
2020-01-01,None,202,None,34,240,Unknown,0.00076,7.2,2,3,NA,2020,142402,142401
2020-01-01,None,129,None,130,242,Unknown,0.0011,6.4,3,2,NA,2020,142422,142421
2020-01-01,None,5,None,181,243,Unknown,0.00163,7.3,3,3,NA,2020,142432,142431
2020-01-01,None,44,None,93,244,Unknown,0.00206,8.4,2,3,NA,2020,142442,142441
2020-01-01,None,75,None,105,245,Unknown,0.0013,6.3,4,3,NA,2020,142452,142451
2020-01-01,None,124,None,116,246,Unknown,0.00118,7.3,2,4,NA,2020,142462,142461
2020-01-01,None,131,None,119,247,Unknown,0.00093,6.8,2,4,NA,2020,142472,142471
2020-01-01,None,136,None,102,248,Unknown,0.00347,9.1,1,3,NA,2020,142482,142481
2020-01-01,None,149,None,112,249,Unknown,0.00245,8.7,3,2,NA,2020,142492,142491
2020-01-01,None,150,None,152,250,Unknown,0.00155,7.9,2,4,NA,2020,142502,142501
2020-01-01,None,156,None,118,251,Unknown,0.00283,7.3,1,2,NA,2020,142512,142511
2020-01-01,None,161,None,34,252,Unknown,0.00042,5.4,2,3,NA,2020,142522,142521
2020-01-01,None,WT,None,120,253,Unknown,0,4.1,3,1,NA,2020,142532,142531
2020-01-01,None,84,None,WT,255,Unknown,0,4.7,2,3,NA,2020,142552,142551
2020-01-01,None,143,None,WT,258,Unknown,0,5.1,2,2,NA,2020,142582,142581
2020-01-01,None,81,None,112,260,Unknown,0.00165,7.3,3,4,NA,2020,142602,142601
2020-01-01,None,86,None,14,261,Unknown,0.001,7,3,4,NA,2020,142612,142611
2020-01-01,None,108,None,137,262,Unknown,0.00316,8.9,2,2,NA,2020,142622,142621
2020-01-01,None,116,None,158,263,Unknown,0.00213,7.1,2,2,NA,2020,142632,142631
2020-01-01,None,127,None,30,264,Unknown,0.00227,8,3,2,NA,2020,142642,142641
2020-01-01,None,190,None,113,265,Unknown,0.00182,7.8,3,1,NA,2020,142652,142651
2020-01-01,None,WT,None,111,266,Unknown,0,3,1,1,NA,2020,142662,142661
2020-01-01,None,WT,None,149,268,Unknown,0,5.2,2,2,NA,2020,142682,142681
2020-01-01,None,WT,None,155,270,Unknown,0,5.3,2,2,NA,2020,142702,142701
2020-01-01,None,WT,None,171,271,Unknown,0,5.2,2,2,NA,2020,142712,142711
2020-01-01,None,138,None,174,272,Unknown,0.00207,6.7,2,2,NA,2020,142722,142721
2020-01-01,None,150,None,66,273,Unknown,0.00243,6.3,3,4,NA,2020,142732,142731
2020-01-01,None,66,None,210,274,Unknown,0.00037,5.8,4,3,NA,2020,142742,142741
2020-01-01,None,69,None,WT,276,Unknown,0,3.1,2,1,NA,2020,142762,142761
2020-01-01,None,91,None,WT,277,Unknown,0,3.2,1,2,NA,2020,142772,142771
2020-01-01,None,WT,None,161,279,Unknown,0,3.1,3,2,NA,2020,142792,142791
2020-01-01,None,119,None,29,281,Unknown,4e-04,5.3,2,2,NA,2020,142812,142811
2020-01-01,None,122,None,168,282,Unknown,0.0011,6.9,4,2,NA,2020,142822,142821
2020-01-01,None,156,None,139,283,Unknown,0.00154,7.3,1,2,NA,2020,142832,142831
2020-01-01,None,179,None,33,284,Unknown,0.0016,7.8,1,2,NA,2020,142842,142841
2020-01-01,None,43,None,137,289,Unknown,0.0021,8.8,2,2,NA,2020,142892,142891
2021-01-01,None,2,None,153,1,Unknown,0.00375,9.8,3,2,NA,2021,150012,150011
2021-01-01,None,3,None,38,2,Unknown,0.00181,7.4,4,3,NA,2021,150022,150021
2021-01-01,None,7,None,40,3,Unknown,0.00168,7.3,4,2,NA,2021,150032,150031
2021-01-01,None,8,None,48,4,Unknown,0.00243,7.1,2,2,NA,2021,150042,150041
2021-01-01,None,10,None,25,5,Unknown,0.00318,9.4,2,3,NA,2021,150052,150051
2021-01-01,None,16,None,159,7,Unknown,0.0013,7.3,1,3,NA,2021,150072,150071
2021-01-01,None,18,None,178,8,Unknown,0.00507,6.9,1,2,NA,2021,150082,150081
2021-01-01,None,22,None,154,9,Unknown,0.00114,6.7,2,2,NA,2021,150092,150091
2021-01-01,None,23,None,163,10,Unknown,0.00129,6.2,1,3,NA,2021,150102,150101
2021-01-01,None,24,None,115,11,Unknown,0.00286,9.5,2,2,NA,2021,150112,150111
2021-01-01,None,27,None,144,12,Unknown,0.0035,9.4,3,2,NA,2021,150122,150121
2021-01-01,None,55,None,168,13,Unknown,0.00145,7.4,4,3,NA,2021,150132,150131
2021-01-01,None,169,None,127,15,Unknown,0.00345,8.9,2,1,NA,2021,150152,150151
2021-01-01,None,3,None,164,16,Unknown,0.00317,8.8,3,3,NA,2021,150162,150161
2021-01-01,None,8,None,74,17,Unknown,0.00291,9.3,2,2,NA,2021,150172,150171
2021-01-01,None,16,None,56,18,Unknown,0.00243,7.9,3,3,NA,2021,150182,150181
2021-01-01,None,20,None,4,19,Unknown,0.00207,8.7,2,3,NA,2021,150192,150191
2021-01-01,None,24,None,34,20,Unknown,0.00267,9.2,3,2,NA,2021,150202,150201
2021-01-01,None,25,None,44,21,Unknown,0.00294,9.3,3,2,NA,2021,150212,150211
2021-01-01,None,27,None,32,22,Unknown,0.00269,8.3,3,2,NA,2021,150222,150221
2021-01-01,None,55,None,79,23,Unknown,0.00359,8.5,4,3,NA,2021,150232,150231
2021-01-01,None,1,None,58,24,Unknown,0.00378,9.8,3,2,NA,2021,150242,150241
2021-01-01,None,2,None,46,25,Unknown,0.00335,9.9,2,2,NA,2021,150252,150251
2021-01-01,None,4,None,130,26,Unknown,0.00144,7.1,4,2,NA,2021,150262,150261
2021-01-01,None,9,None,35,27,Unknown,0.00365,9.5,2,3,NA,2021,150272,150271
2021-01-01,None,10,None,138,28,Unknown,0.00227,8.2,2,3,NA,2021,150282,150281
2021-01-01,None,12,None,31,29,Unknown,0.00318,9.4,2,1,NA,2021,150292,150291
2021-01-01,None,21,None,50,30,Unknown,0.00384,9.8,3,2,NA,2021,150302,150301
2021-01-01,None,33,None,36,32,Unknown,0.00311,8.8,2,4,NA,2021,150322,150321
2021-01-01,None,34,None,65,33,Unknown,0.00326,9,2,3,NA,2021,150332,150331
2021-01-01,None,51,None,97,34,Unknown,0.00183,9.2,3,3,NA,2021,150342,150341
2021-01-01,None,69,None,15,35,Unknown,0.00367,9.6,2,3,NA,2021,150352,150351
2021-01-01,None,146,None,37,37,Unknown,0.00334,9.8,3,3,NA,2021,150372,150371
2021-01-01,None,164,None,49,38,Unknown,0.00367,8.9,3,3,NA,2021,150382,150381
2021-01-01,None,3,None,173,40,Unknown,0.00315,9.5,2,3,NA,2021,150402,150401
2021-01-01,None,16,None,67,41,Unknown,0.00356,9,2,3,NA,2021,150412,150411
2021-01-01,None,115,None,47,42,Unknown,0.00271,9.4,2,2,NA,2021,150422,150421
2021-01-01,None,6,None,137,44,Unknown,0.00274,9.2,3,3,NA,2021,150442,150441
2021-01-01,None,6,None,61,45,Unknown,0.00225,8.7,3,3,NA,2021,150452,150451
2021-01-01,None,13,None,157,47,Unknown,0.00155,8.1,2,3,NA,2021,150472,150471
2021-01-01,None,36,None,66,48,Unknown,0.00167,7.4,3,2,NA,2021,150482,150481
2021-01-01,None,41,None,72,49,Unknown,0.00305,9.2,2,3,NA,2021,150492,150491
2021-01-01,None,49,None,117,50,Unknown,0.00307,9.2,2,3,NA,2021,150502,150501
2021-01-01,None,58,None,64,51,Unknown,0.00199,7.5,5,3,NA,2021,150512,150511
2021-01-01,None,10,None,149,52,Unknown,0.00409,9,2,3,NA,2021,150522,150521
2021-01-01,None,11,None,158,53,Unknown,0.00331,9.4,2,2,NA,2021,150532,150531
2021-01-01,None,58,None,122,55,Unknown,0.00361,9.5,2,3,NA,2021,150552,150551
2021-01-01,None,67,None,154,56,Unknown,0.00408,9.6,2,2,NA,2021,150562,150561
2021-01-01,None,68,None,153,57,Unknown,0.00312,9.5,3,2,NA,2021,150572,150571
2021-01-01,None,5,None,52,59,Unknown,0.00305,9.4,3,2,NA,2021,150592,150591
2021-01-01,None,11,None,26,60,Unknown,0.00288,9.4,3,2,NA,2021,150602,150601
2021-01-01,None,15,None,138,61,Unknown,0.00177,8.3,2,2,NA,2021,150612,150611
2021-01-01,None,19,None,77,62,Unknown,0.00278,9.2,3,2,NA,2021,150622,150621
2021-01-01,None,21,None,39,63,Unknown,0.00159,7.5,4,2,NA,2021,150632,150631
2021-01-01,None,29,None,60,64,Unknown,0.00169,6.1,3,2,NA,2021,150642,150641
2021-01-01,None,31,None,70,65,Unknown,0.00116,7.5,1,2,NA,2021,150652,150651
2021-01-01,None,50,None,149,66,Unknown,0.00292,9.3,2,3,NA,2021,150662,150661
2021-01-01,None,56,None,66,67,Unknown,0.00148,6.8,3,3,NA,2021,150672,150671
2021-01-01,None,68,None,13,68,Unknown,0.00159,8.1,3,2,NA,2021,150682,150681
2021-01-01,None,97,None,33,69,Unknown,0.00389,8.8,4,3,NA,2021,150692,150691
2021-01-01,None,137,None,154,70,Unknown,0.00282,9,2,3,NA,2021,150702,150701
2021-01-01,None,148,None,54,71,Unknown,0.00305,7.5,3,3,NA,2021,150712,150711
2021-01-01,None,156,None,20,72,Unknown,0.00323,9.4,3,2,NA,2021,150722,150721
2021-01-01,None,166,None,44,73,Unknown,0.00294,8.9,3,3,NA,2021,150732,150731
2021-01-01,None,9,None,144,74,Unknown,0.0032,9.3,3,3,NA,2021,150742,150741
2021-01-01,None,22,None,54,75,Unknown,0.00196,6.8,3,2,NA,2021,150752,150751
2021-01-01,None,23,None,64,76,Unknown,0.00061,6.6,5,3,NA,2021,150762,150761
2021-01-01,None,26,None,77,77,Unknown,0.00298,9,3,3,NA,2021,150772,150771
2021-01-01,None,39,None,5,78,Unknown,0.0014,7.3,2,4,NA,2021,150782,150781
2021-01-01,None,52,None,117,79,Unknown,0.00383,9.1,2,3,NA,2021,150792,150791
2021-01-01,None,127,None,18,80,Unknown,0.00377,9.6,2,2,NA,2021,150802,150801
2021-01-01,None,146,None,61,81,Unknown,0.00266,9,3,3,NA,2021,150812,150811
2021-01-01,None,173,None,51,82,Unknown,0.00319,9.4,3,2,NA,2021,150822,150821
2021-01-01,None,41,None,74,83,Unknown,0.00315,8.9,2,3,NA,2021,150832,150831
2021-01-01,None,49,None,157,84,Unknown,0.00298,9.4,2,3,NA,2021,150842,150841
2021-01-01,None,50,None,7,85,Unknown,0.00362,9.5,2,3,NA,2021,150852,150851
2021-01-01,None,55,None,35,86,Unknown,0.00335,9,2,3,NA,2021,150862,150861
2021-01-01,None,47,None,188,87,Unknown,0.00349,9.8,2,2,NA,2021,150872,150871
2021-01-01,None,51,None,37,88,Unknown,0.00355,9.4,3,3,NA,2021,150882,150881
2021-01-01,None,52,None,99,89,Unknown,0.0031,9.4,2,3,NA,2021,150892,150891
2021-01-01,None,97,None,175,91,Unknown,0.00319,9.9,2,3,NA,2021,150912,150911
2021-01-01,None,137,None,95,93,Unknown,0.00265,6.9,2,3,NA,2021,150932,150931
2021-01-01,None,146,None,101,94,Unknown,0.00329,9.9,2,3,NA,2021,150942,150941
2021-01-01,None,153,None,114,95,Unknown,0.00239,7.2,5,3,NA,2021,150952,150951
2021-01-01,None,156,None,84,96,Unknown,0.00276,8.1,5,2,NA,2021,150962,150961
2021-01-01,None,164,None,73,97,Unknown,0.00259,9.2,3,3,NA,2021,150972,150971
2021-01-01,None,166,None,141,98,Unknown,0.00115,6.9,1,3,NA,2021,150982,150981
2021-01-01,None,9,None,54,99,Unknown,0.00158,8,3,3,NA,2021,150992,150991
2021-01-01,None,6,None,64,100,Unknown,0.00097,7.2,5,3,NA,2021,151002,151001
2021-01-01,None,26,None,43,106,Unknown,0.00194,7.5,4,3,NA,2021,151062,151061
2021-01-01,None,32,None,19,107,Unknown,0.0017,8.1,2,3,NA,2021,151072,151071
2021-01-01,None,44,None,72,108,Unknown,0.00196,8.7,2,3,NA,2021,151082,151081
2021-01-01,None,46,None,42,109,Unknown,0.00247,7.9,3,2,NA,2021,151092,151091
2021-01-01,None,53,None,209,110,Unknown,0.00271,8.8,2,2,NA,2021,151102,151101
2021-01-01,None,73,None,206,111,Unknown,0.00313,9.3,3,3,NA,2021,151112,151111
2021-01-01,None,95,None,134,112,Unknown,0.00102,6.8,3,2,NA,2021,151122,151121
2021-01-01,None,29,None,40,115,Unknown,0.00101,5.5,4,2,NA,2021,151152,151151
2021-01-01,None,33,None,59,117,Unknown,0.00224,8.7,1,4,NA,2021,151172,151171
2021-01-01,None,34,None,43,118,Unknown,0.00133,6.9,4,3,NA,2021,151182,151181
2021-01-01,None,37,None,190,119,Unknown,0.00315,9.7,2,3,NA,2021,151192,151191
2021-01-01,None,41,None,155,120,Unknown,0.00284,9.2,2,3,NA,2021,151202,151201
2021-01-01,None,53,None,28,121,Unknown,0.0032,9.4,2,2,NA,2021,151212,151211
2021-01-01,None,73,None,48,123,Unknown,0.00042,6.8,2,3,NA,2021,151232,151231
2021-01-01,None,82,None,38,124,Unknown,0.00097,6.3,4,5,NA,2021,151242,151241
2021-01-01,None,175,None,60,125,Unknown,0.00284,8.4,3,2,NA,2021,151252,151251
2021-01-01,None,13,None,65,126,Unknown,0.0021,8.1,2,3,NA,2021,151262,151261
2021-01-01,None,17,None,42,127,Unknown,0.00035,5.2,3,3,NA,2021,151272,151271
2021-01-01,None,64,None,111,129,Unknown,0.00038,4.7,5,5,NA,2021,151292,151291
2021-01-01,None,66,None,94,130,Unknown,7e-04,5.4,2,3,NA,2021,151302,151301
2021-01-01,None,82,None,123,131,Unknown,0.00259,5.5,4,5,NA,2021,151312,151311
2021-01-01,None,83,None,40,132,Unknown,0.00031,5.2,4,2,NA,2021,151322,151321
2021-01-01,None,84,None,69,133,Unknown,0.00262,8.1,3,5,NA,2021,151332,151331
2021-01-01,None,114,None,78,134,Unknown,0.00087,7.4,2,5,NA,2021,151342,151341
2021-01-01,None,136,None,105,136,Unknown,0.00206,7.5,3,3,NA,2021,151362,151361
2021-01-01,None,163,None,85,139,Unknown,0.00079,7.1,2,5,NA,2021,151392,151391
2021-01-01,None,187,None,176,140,Unknown,0.00301,9.2,2,3,NA,2021,151402,151401
2021-01-01,None,188,None,206,141,Unknown,0.00331,9.3,3,2,NA,2021,151412,151411
2021-01-01,None,WT,None,60,142,Unknown,0,3.7,3,1,NA,2021,151422,151421
2021-01-01,None,28,None,1,144,Unknown,0.00327,9.4,2,2,NA,2021,151442,151441
2021-01-01,None,43,None,103,145,Unknown,0.00162,7.8,2,4,NA,2021,151452,151451
2021-01-01,None,56,None,104,147,Unknown,0.0029,8.7,1,3,NA,2021,151472,151471
2021-01-01,None,71,None,111,149,Unknown,0.00245,6.5,5,2,NA,2021,151492,151491
2021-01-01,None,82,None,118,150,Unknown,0.00281,8.1,3,5,NA,2021,151502,151501
2021-01-01,None,84,None,101,151,Unknown,0.00196,8,2,5,NA,2021,151512,151511
2021-01-01,None,85,None,114,152,Unknown,0.00281,7.5,5,2,NA,2021,151522,151521
2021-01-01,None,99,None,17,153,Unknown,0.00134,7,3,2,NA,2021,151532,151531
2021-01-01,None,134,None,83,154,Unknown,0.001,7.2,2,3,NA,2021,151542,151541
2021-01-01,None,140,None,69,155,Unknown,0.00319,9.1,3,2,NA,2021,151552,151551
2021-01-01,None,190,None,38,156,Unknown,0.00194,7.8,4,2,NA,2021,151562,151561
2021-01-01,None,42,None,236,157,Unknown,0.00187,7,3,3,NA,2021,151572,151571
2021-01-01,None,61,None,236,158,Unknown,0.00204,8,3,3,NA,2021,151582,151581
2021-01-01,None,77,None,202,159,Unknown,0.00077,6.8,1,3,NA,2021,151592,151591
2021-01-01,None,82,None,174,160,Unknown,0.00056,5.5,3,5,NA,2021,151602,151601
2021-01-01,None,122,None,228,161,Unknown,0.00274,9.1,2,2,NA,2021,151612,151611
2021-01-01,None,133,None,196,162,Unknown,0.0027,9.4,2,3,NA,2021,151622,151621
2021-01-01,None,134,None,212,163,Unknown,0.00101,7.6,5,3,NA,2021,151632,151631
2021-01-01,None,136,None,111,164,Unknown,0.00042,5.2,5,3,NA,2021,151642,151641
2021-01-01,None,144,None,234,165,Unknown,0.00031,5.9,4,3,NA,2021,151652,151651
2021-01-01,None,158,None,226,166,Unknown,0.00083,7.1,5,2,NA,2021,151662,151661
2021-01-01,None,163,None,139,167,Unknown,0.00202,7.4,1,5,NA,2021,151672,151671
2021-01-01,None,166,None,225,168,Unknown,0.00157,7.5,2,3,NA,2021,151682,151681
2021-01-01,None,170,None,38,169,Unknown,0.00237,8,4,2,NA,2021,151692,151691
2021-01-01,None,172,None,215,170,Unknown,0.00238,9,3,2,NA,2021,151702,151701
2021-01-01,None,176,None,218,171,Unknown,0.00294,8.8,3,2,NA,2021,151712,151711
2021-01-01,None,187,None,210,172,Unknown,0.00236,8,4,3,NA,2021,151722,151721
2021-01-01,None,205,None,209,173,Unknown,0.00211,8.9,2,3,NA,2021,151732,151731
2021-01-01,None,206,None,207,174,Unknown,0.00274,8.7,3,3,NA,2021,151742,151741
2021-01-01,None,208,None,200,175,Unknown,0.00251,8.8,2,3,NA,2021,151752,151751
2021-01-01,None,227,None,237,176,Unknown,0.00296,8.7,3,3,NA,2021,151762,151761
2021-01-01,None,79,None,213,177,Unknown,0.00336,8.5,2,4,NA,2021,151772,151771
2021-01-01,None,105,None,212,179,Unknown,0.00179,7.6,5,3,NA,2021,151792,151791
2021-01-01,None,163,None,136,180,Unknown,0.00023,5.2,3,5,NA,2021,151802,151801
2021-01-01,None,208,None,231,182,Unknown,0.00202,8.8,3,3,NA,2021,151822,151821
2021-01-01,None,79,None,289,187,Unknown,0.00339,8.6,2,4,NA,2021,151872,151871
2021-01-01,None,96,None,276,189,Unknown,0.00029,4.1,4,2,NA,2021,151892,151891
2021-01-01,None,98,None,234,190,Unknown,8e-05,4,4,5,NA,2021,151902,151901
2021-01-01,None,114,None,272,191,Unknown,0.00111,6.4,2,5,NA,2021,151912,151911
2021-01-01,None,148,None,140,192,Unknown,0.00291,8.8,2,3,NA,2021,151922,151921
2021-01-01,None,170,None,266,193,Unknown,0.00074,7,1,2,NA,2021,151932,151931
2021-01-01,None,171,None,196,194,Unknown,0.0013,7.5,2,5,NA,2021,151942,151941
2021-01-01,None,172,None,240,195,Unknown,0.00252,8.9,3,2,NA,2021,151952,151951
2021-01-01,None,174,None,103,196,Unknown,0.00064,7.2,2,3,NA,2021,151962,151961
2021-01-01,None,184,None,243,197,Unknown,0.00066,6.7,3,4,NA,2021,151972,151971
2021-01-01,None,193,None,245,198,Unknown,0.00164,7,3,3,NA,2021,151982,151981
2021-01-01,None,204,None,238,199,Unknown,0.00077,7.3,2,2,NA,2021,151992,151991
2021-01-01,None,205,None,242,200,Unknown,0.00201,8.7,2,3,NA,2021,152002,152001
2021-01-01,None,210,None,222,201,Unknown,0.00167,8.3,3,4,NA,2021,152012,152011
2021-01-01,None,227,None,279,202,Unknown,0.00097,6.7,1,3,NA,2021,152022,152021
2021-01-01,None,240,None,283,203,Unknown,0.0014,8.3,2,3,NA,2021,152032,152031
2021-01-01,None,265,None,271,205,Unknown,0.00183,7.5,4,2,NA,2021,152052,152051
2021-01-01,None,277,None,84,207,Unknown,0.00041,5.1,5,5,NA,2021,152072,152071
2021-01-01,None,281,None,212,208,Unknown,0.00053,6.3,5,3,NA,2021,152082,152081
2021-01-01,None,284,None,273,209,Unknown,0.00102,8,4,3,NA,2021,152092,152091
2021-01-01,None,33,None,251,210,Unknown,0.00237,8.3,3,4,NA,2021,152102,152101
2021-01-01,None,64,None,249,211,Unknown,0.00129,7.4,2,5,NA,2021,152112,152111
2021-01-01,None,79,None,268,212,Unknown,0.00153,6.8,4,4,NA,2021,152122,152121
2021-01-01,None,84,None,30,213,Unknown,0.00277,6.1,1,5,NA,2021,152132,152131
2021-01-01,None,114,None,200,214,Unknown,0.00124,7.3,2,5,NA,2021,152142,152141
2021-01-01,None,193,None,237,215,Unknown,0.00328,7.5,3,3,NA,2021,152152,152151
2021-01-01,None,205,None,243,216,Unknown,0.00267,9.1,3,3,NA,2021,152162,152161
2021-01-01,None,253,None,213,217,Unknown,0.00102,7.4,2,1,NA,2021,152172,152171
2021-01-01,None,258,None,148,218,Unknown,0.00172,7.8,3,3,NA,2021,152182,152181
2021-01-01,None,265,None,208,219,Unknown,0.0034,8.5,3,2,NA,2021,152192,152191
2021-01-01,None,274,None,40,220,Unknown,0.00154,5.9,4,3,NA,2021,152202,152201
2021-01-01,None,289,None,20,221,Unknown,0.00222,9.1,3,2,NA,2021,152212,152211
2021-01-01,None,78,None,62,223,Unknown,0.0016,7.5,1,2,NA,2021,152232,152231
2021-01-01,None,89,None,63,224,Unknown,0.00163,6.1,1,4,NA,2021,152242,152241
2021-01-01,None,94,None,120,225,Unknown,0.00043,4.5,3,2,NA,2021,152252,152251
2021-01-01,None,212,None,125,226,Unknown,0.00119,7.4,3,5,NA,2021,152262,152261
2021-01-01,None,219,None,123,228,Unknown,0.00021,5,4,3,NA,2021,152282,152281
2021-01-01,None,238,None,130,229,Unknown,0.00206,7.5,4,2,NA,2021,152292,152291
2021-01-01,None,244,None,57,230,Unknown,0.00239,6.5,2,2,NA,2021,152302,152301
2021-01-01,None,248,None,277,231,Unknown,0.00109,7.2,5,1,NA,2021,152312,152311
2021-01-01,None,250,None,271,232,Unknown,0.00176,7.5,4,2,NA,2021,152322,152321
2021-01-01,None,88,None,272,234,Unknown,0.00322,9,2,1,NA,2021,152342,152341
2021-01-01,None,96,None,273,235,Unknown,0.00223,5.7,4,2,NA,2021,152352,152351
2021-01-01,None,98,None,245,236,Unknown,0.00033,5.8,3,5,NA,2021,152362,152361
2021-01-01,None,120,None,246,237,Unknown,0.00054,6,2,3,NA,2021,152372,152371
2021-01-01,None,123,None,251,238,Unknown,0.0014,6.3,3,4,NA,2021,152382,152381
2021-01-01,None,163,None,71,239,Unknown,0.001,6.4,2,5,NA,2021,152392,152391
2021-01-01,None,216,None,89,240,Unknown,0.0014,7.3,4,2,NA,2021,152402,152401
2021-01-01,None,262,None,112,241,Unknown,0.00239,8,4,1,NA,2021,152412,152411
2021-01-01,None,271,None,125,242,Unknown,0.00129,7.4,3,4,NA,2021,152422,152421
2021-01-01,None,89,None,178,243,Unknown,0.00087,5.4,2,4,NA,2021,152432,152431
2021-01-01,None,171,None,199,245,Unknown,0.00069,5.8,4,5,NA,2021,152452,152451
2021-01-01,None,184,None,110,247,Unknown,0.00022,4.6,2,4,NA,2021,152472,152471
2021-01-01,None,207,None,281,249,Unknown,0.00116,7.4,3,3,NA,2021,152492,152491
2021-01-01,None,210,None,112,250,Unknown,0.001,6.6,4,4,NA,2021,152502,152501
2021-01-01,None,218,None,268,251,Unknown,0.00157,7.1,4,3,NA,2021,152512,152511
2021-01-01,None,226,None,283,252,Unknown,0.00052,6.6,2,5,NA,2021,152522,152521
2021-01-01,None,244,None,234,253,Unknown,0.00239,6.5,4,2,NA,2021,152532,152531
2021-01-01,None,124,None,39,255,Unknown,0.00127,7.3,4,2,NA,2021,152552,152551
2021-01-01,None,210,None,171,256,Unknown,0.00065,6,5,4,NA,2021,152562,152561
2021-01-01,None,219,None,222,257,Unknown,0.00191,7.5,3,3,NA,2021,152572,152571
2021-01-01,None,282,None,249,258,Unknown,0.00189,8.8,2,3,NA,2021,152582,152581
2021-01-01,None,43,None,199,259,Unknown,0.0016,6.1,4,4,NA,2021,152592,152591
2021-01-01,None,82,None,204,260,Unknown,0.00071,5.9,2,5,NA,2021,152602,152601
2021-01-01,None,105,None,231,261,Unknown,0.00262,9.2,3,3,NA,2021,152612,152611
2021-01-01,None,212,None,184,262,Unknown,0.0026,5.7,4,5,NA,2021,152622,152621
2021-01-01,None,264,None,75,263,Unknown,0.00161,7.4,1,2,NA,2021,152632,152631
2021-01-01,None,23,None,239,264,Unknown,0.00079,6.2,1,3,NA,2021,152642,152641
2021-01-01,None,284,None,215,265,Unknown,0.00209,8.6,3,3,NA,2021,152652,152651
2021-01-01,None,216,None,247,266,Unknown,0.00329,8.1,3,2,NA,2021,152662,152661
2021-01-01,None,240,None,276,267,Unknown,0.00085,6.2,4,3,NA,2021,152672,152671
2021-01-01,None,243,None,228,268,Unknown,0.00215,8.6,2,3,NA,2021,152682,152681
2021-01-01,None,264,None,247,270,Unknown,0.00224,8.4,3,2,NA,2021,152702,152701
2021-01-01,None,274,None,250,271,Unknown,0.00348,7.8,2,3,NA,2021,152712,152711
2021-01-01,None,227,None,57,272,Unknown,3e-04,6.5,2,3,NA,2021,152722,152721
2021-01-01,None,98,None,111,274,Unknown,6e-04,4.3,5,5,NA,2021,152742,152741
2021-01-01,None,112,None,271,276,Unknown,0.00259,6.1,4,4,NA,2021,152762,152761
2021-01-01,None,119,None,263,277,Unknown,0.00108,7.6,1,3,NA,2021,152772,152771
2021-01-01,None,124,None,218,278,Unknown,0.00272,8.8,3,2,NA,2021,152782,152781
2021-01-01,None,125,None,133,279,Unknown,0.00258,8.6,3,3,NA,2021,152792,152791
2021-01-01,None,128,None,193,280,Unknown,0.00136,6.5,3,2,NA,2021,152802,152801
2021-01-01,None,130,None,268,281,Unknown,0.0013,5.7,4,4,NA,2021,152812,152811
2021-01-01,None,215,None,226,282,Unknown,0.00112,6.6,5,3,NA,2021,152822,152821
2021-01-01,None,236,None,273,283,Unknown,0.00333,7.5,4,3,NA,2021,152832,152831
2021-01-01,None,252,None,222,284,Unknown,0.00245,7.9,3,1,NA,2021,152842,152841
2021-01-01,None,258,None,277,286,Unknown,0.00065,5.2,5,3,NA,2021,152862,152861
2021-01-01,None,260,None,245,287,Unknown,0.00155,7.8,3,2,NA,2021,152872,152871
2021-01-01,None,282,None,251,288,Unknown,0.00274,8.1,3,3,NA,2021,152882,152881
2021-01-01,None,17,None,118,289,Unknown,0.00055,6.9,3,3,NA,2021,152892,152891
2021-01-01,None,39,None,199,290,Unknown,0.0012,5.8,4,4,NA,2021,152902,152901
2021-01-01,None,89,None,281,291,Unknown,0.00247,6.2,3,4,NA,2021,152912,152911
2021-01-01,None,98,None,76,292,Unknown,8e-05,4,1,5,NA,2021,152922,152921
2021-01-01,None,112,None,282,293,Unknown,0.00135,7,3,4,NA,2021,152932,152931
2021-01-01,None,130,None,246,295,Unknown,0.00143,6.8,2,4,NA,2021,152952,152951
2021-01-01,None,133,None,110,296,Unknown,0.00107,6.3,2,3,NA,2021,152962,152961
2021-01-01,None,155,None,273,297,Unknown,0.00148,8,4,2,NA,2021,152972,152971
2021-01-01,None,258,None,163,298,Unknown,4e-04,5.2,5,3,NA,2021,152982,152981
2021-01-01,None,260,None,274,299,Unknown,0.00274,7.5,3,2,NA,2021,152992,152991
2021-01-01,None,118,None,219,304,Unknown,0.00235,7.6,3,3,NA,2021,153042,153041
2021-01-01,None,119,None,277,305,Unknown,0.00045,5.7,5,3,NA,2021,153052,153051
2021-01-01,None,234,None,171,307,Unknown,0.00014,4.2,5,4,NA,2021,153072,153071
2021-01-01,None,268,None,270,308,Unknown,0.00095,6.3,1,4,NA,2021,153082,153081
2021-01-01,None,32,None,226,310,Unknown,0.00035,5.4,5,3,NA,2021,153102,153101
2021-01-01,None,231,None,242,311,Unknown,0.00216,8.4,2,3,NA,2021,153112,153111
2021-01-01,None,119,None,233,313,Unknown,0.00032,5.8,2,3,NA,2021,153132,153131
2021-01-01,None,128,None,174,314,Unknown,0.00029,5.2,3,2,NA,2021,153142,153141
2021-01-01,None,207,None,123,315,Unknown,0.00113,6.4,4,3,NA,2021,153152,153151
2021-01-01,None,237,None,106,316,Unknown,0.00135,6.3,1,3,NA,2021,153162,153161
2021-01-01,None,276,None,247,317,Unknown,0.00061,6,3,4,NA,2021,153172,153171
2021-01-01,None,277,None,171,318,Unknown,0.00031,4.5,5,5,NA,2021,153182,153181
2021-01-01,None,284,None,226,319,Unknown,0.00043,6.8,5,3,NA,2021,153192,153191
2021-01-01,None,98,None,178,320,Unknown,0.00016,4.4,2,5,NA,2021,153202,153201
2021-01-01,None,111,None,261,321,Unknown,0.00075,6.2,1,5,NA,2021,153212,153211
2021-01-01,None,184,None,225,322,Unknown,0.00061,5.5,2,4,NA,2021,153222,153221
2021-01-01,None,187,None,276,324,Unknown,6e-04,6.4,4,3,NA,2021,153242,153241
2021-01-01,None,100,None,233,325,Unknown,0.00061,7,2,1,NA,2021,153252,153251
2021-01-01,None,WT,None,120,326,Unknown,0,2.4,3,1,NA,2021,153262,153261
2022-01-01,None,2,None,123,1,Unknown,0.00276,8.1,3,2,NA,2022,160012,160011
2022-01-01,None,5,None,108,2,Unknown,0.03418,10,2,3,NA,2022,160022,160021
2022-01-01,None,11,None,44,3,Unknown,0.03633,10.4,3,2,NA,2022,160032,160031
2022-01-01,None,13,None,52,4,Unknown,0.00315,9.2,2,2,NA,2022,160042,160041
2022-01-01,None,15,None,30,5,Unknown,0.00397,10.3,3,1,NA,2022,160052,160051
2022-01-01,None,17,None,24,6,Unknown,0.00606,10.6,2,5,NA,2022,160062,160061
2022-01-01,None,20,None,65,7,Unknown,0.03544,9.3,2,3,NA,2022,160072,160071
2022-01-01,None,21,None,96,8,Unknown,0.03443,9.7,2,2,NA,2022,160082,160081
2022-01-01,None,23,None,87,9,Unknown,0.00637,10.2,2,3,NA,2022,160092,160091
2022-01-01,None,25,None,97,10,Unknown,0.00521,10.5,1,3,NA,2022,160102,160101
2022-01-01,None,27,None,1,11,Unknown,0.01316,10.6,2,2,NA,2022,160112,160111
2022-01-01,None,29,None,12,12,Unknown,0.00616,10.4,2,3,NA,2022,160122,160121
2022-01-01,None,35,None,1,13,Unknown,0.00508,10.7,2,2,NA,2022,160132,160131
2022-01-01,None,38,None,10,14,Unknown,0.0019,8.5,3,1,NA,2022,160142,160141
2022-01-01,None,45,None,28,15,Unknown,0.01251,9.5,3,2,NA,2022,160152,160151
2022-01-01,None,47,None,117,16,Unknown,0.00316,9.4,2,4,NA,2022,160162,160161
2022-01-01,None,95,None,91,18,Unknown,0.03386,9.6,2,3,NA,2022,160182,160181
2022-01-01,None,111,None,34,21,Unknown,0.00755,10.2,2,2,NA,2022,160212,160211
2022-01-01,None,119,None,86,22,Unknown,0.00525,10.4,3,2,NA,2022,160222,160221
2022-01-01,None,5,None,11,23,Unknown,0.01425,10.4,2,3,NA,2022,160232,160231
2022-01-01,None,13,None,199,24,Unknown,0.00225,7.6,4,2,NA,2022,160242,160241
2022-01-01,None,20,None,118,26,Unknown,0.12727,9.1,3,3,NA,2022,160262,160261
2022-01-01,None,24,None,10,27,Unknown,0.00314,9,3,2,NA,2022,160272,160271
2022-01-01,None,35,None,3,28,Unknown,0.00977,9.4,2,2,NA,2022,160282,160281
2022-01-01,None,40,None,37,29,Unknown,0.0081,10.6,2,2,NA,2022,160292,160291
2022-01-01,None,47,None,76,30,Unknown,0.00203,8.4,2,4,NA,2022,160302,160301
2022-01-01,None,50,None,100,31,Unknown,0.00213,9.2,3,2,NA,2022,160312,160311
2022-01-01,None,86,None,4,32,Unknown,0.0046,9,3,3,NA,2022,160322,160321
2022-01-01,None,95,None,28,33,Unknown,0.0098,8.7,3,3,NA,2022,160332,160331
2022-01-01,None,99,None,30,35,Unknown,0.00505,9.9,3,3,NA,2022,160352,160351
2022-01-01,None,108,None,33,36,Unknown,0.00505,9.8,2,2,NA,2022,160362,160361
2022-01-01,None,115,None,44,37,Unknown,0.00142,8.3,3,4,NA,2022,160372,160371
2022-01-01,None,120,None,98,38,Unknown,0.0028,9,3,3,NA,2022,160382,160381
2022-01-01,None,125,None,29,39,Unknown,0.00576,9.9,3,2,NA,2022,160392,160391
2022-01-01,None,2,None,130,40,Unknown,0.00288,7.4,3,2,NA,2022,160402,160401
2022-01-01,None,41,None,77,41,Unknown,0.01052,10,2,2,NA,2022,160412,160411
2022-01-01,None,45,None,126,42,Unknown,0.00313,9.4,2,2,NA,2022,160422,160421
2022-01-01,None,100,None,74,44,Unknown,0.00287,9.3,2,3,NA,2022,160442,160441
2022-01-01,None,111,None,140,45,Unknown,0.00352,10.3,2,2,NA,2022,160452,160451
2022-01-01,None,115,None,85,46,Unknown,0.00174,8.5,2,4,NA,2022,160462,160461
2022-01-01,None,123,None,131,47,Unknown,0.00139,7.1,4,3,NA,2022,160472,160471
2022-01-01,None,133,None,72,48,Unknown,0.00322,9.7,2,3,NA,2022,160482,160481
2022-01-01,None,136,None,132,49,Unknown,0.00158,7.4,3,2,NA,2022,160492,160491
2022-01-01,None,145,None,68,50,Unknown,0.00221,9,2,2,NA,2022,160502,160501
2022-01-01,None,147,None,57,51,Unknown,0.00338,10.1,3,2,NA,2022,160512,160511
2022-01-01,None,149,None,144,52,Unknown,0.00257,8.9,2,3,NA,2022,160522,160521
2022-01-01,None,150,None,153,53,Unknown,0.00262,8.6,2,3,NA,2022,160532,160531
2022-01-01,None,152,None,19,54,Unknown,0.0105,9.1,2,2,NA,2022,160542,160541
2022-01-01,None,155,None,141,55,Unknown,0.00334,10.2,2,2,NA,2022,160552,160551
2022-01-01,None,161,None,109,56,Unknown,0.00336,9.5,3,2,NA,2022,160562,160561
2022-01-01,None,165,None,121,58,Unknown,0.00214,8.7,1,3,NA,2022,160582,160581
2022-01-01,None,167,None,171,59,Unknown,0.00253,9.1,2,2,NA,2022,160592,160591
2022-01-01,None,23,None,53,61,Unknown,0.00394,10,2,3,NA,2022,160612,160611
2022-01-01,None,91,None,42,63,Unknown,0.00864,10.6,3,2,NA,2022,160632,160631
2022-01-01,None,120,None,160,64,Unknown,0.00215,8.3,3,3,NA,2022,160642,160641
2022-01-01,None,133,None,163,65,Unknown,0.00218,8.9,3,3,NA,2022,160652,160651
2022-01-01,None,129,None,56,66,Unknown,0.00362,8.1,2,5,NA,2022,160662,160661
2022-01-01,None,139,None,173,67,Unknown,0.00262,9,2,3,NA,2022,160672,160671
2022-01-01,None,145,None,77,68,Unknown,0.00343,9.4,2,2,NA,2022,160682,160681
2022-01-01,None,150,None,25,69,Unknown,0.00476,10,3,3,NA,2022,160692,160691
2022-01-01,None,168,None,169,70,Unknown,0.0022,8.7,3,2,NA,2022,160702,160701
2022-01-01,None,21,None,271,71,Unknown,0.00268,9.6,1,2,NA,2022,160712,160711
2022-01-01,None,57,None,193,74,Unknown,0.00307,9.3,3,3,NA,2022,160742,160741
2022-01-01,None,89,None,174,75,Unknown,0.00385,10,2,2,NA,2022,160752,160751
2022-01-01,None,151,None,171,77,Unknown,0.0035,9.4,2,1,NA,2022,160772,160771
2022-01-01,None,155,None,196,78,Unknown,0.00316,9.1,3,2,NA,2022,160782,160781
2022-01-01,None,161,None,203,79,Unknown,0.00284,9.7,2,2,NA,2022,160792,160791
2022-01-01,None,169,None,205,80,Unknown,0.00224,8.7,2,3,NA,2022,160802,160801
2022-01-01,None,177,None,223,81,Unknown,0.00249,9,2,2,NA,2022,160812,160811
2022-01-01,None,182,None,225,82,Unknown,0.00121,7.7,3,2,NA,2022,160822,160821
2022-01-01,None,190,None,192,83,Unknown,0.00072,7.4,1,3,NA,2022,160832,160831
2022-01-01,None,191,None,217,84,Unknown,0.00168,7.9,2,3,NA,2022,160842,160841
2022-01-01,None,212,None,238,85,Unknown,0.00135,7.6,3,3,NA,2022,160852,160851
2022-01-01,None,214,None,234,86,Unknown,0.00252,9.1,2,2,NA,2022,160862,160861
2022-01-01,None,253,None,3,87,Unknown,0.00185,7.9,2,3,NA,2022,160872,160871
2022-01-01,None,260,None,12,88,Unknown,0.00205,8.6,2,3,NA,2022,160882,160881
2022-01-01,None,5,None,251,90,Unknown,0.00383,9.2,3,3,NA,2022,160902,160901
2022-01-01,None,20,None,215,92,Unknown,0.0033,9.4,3,3,NA,2022,160922,160921
2022-01-01,None,23,None,211,93,Unknown,0.00493,8.9,3,3,NA,2022,160932,160931
2022-01-01,None,37,None,224,94,Unknown,0.00303,8.9,3,2,NA,2022,160942,160941
2022-01-01,None,47,None,214,95,Unknown,0.00358,8.7,2,4,NA,2022,160952,160951
2022-01-01,None,56,None,231,96,Unknown,0.00233,9.4,3,2,NA,2022,160962,160961
2022-01-01,None,57,None,89,97,Unknown,0.00366,10.5,2,3,NA,2022,160972,160971
2022-01-01,None,72,None,236,98,Unknown,0.00202,8.6,2,2,NA,2022,160982,160981
2022-01-01,None,99,None,40,99,Unknown,0.0054,9.7,2,3,NA,2022,160992,160991
2022-01-01,None,133,None,268,101,Unknown,0.00296,9.4,2,3,NA,2022,161012,161011
2022-01-01,None,174,None,261,104,Unknown,0.00366,9.9,2,2,NA,2022,161042,161041
2022-01-01,None,176,None,253,105,Unknown,0.00328,8.6,3,2,NA,2022,161052,161051
2022-01-01,None,197,None,252,106,Unknown,0.0018,7.7,3,2,NA,2022,161062,161061
2022-01-01,None,218,None,216,107,Unknown,0.00377,9.5,3,3,NA,2022,161072,161071
2022-01-01,None,19,None,325,108,Unknown,0.00182,8.8,4,2,NA,2022,161082,161081
2022-01-01,None,25,None,304,109,Unknown,0.01101,9.7,3,3,NA,2022,161092,161091
2022-01-01,None,28,None,305,110,Unknown,0.00076,7.9,3,3,NA,2022,161102,161101
2022-01-01,None,47,None,292,112,Unknown,0.00055,7,1,4,NA,2022,161122,161121
2022-01-01,None,69,None,296,113,Unknown,0.00244,8.6,3,2,NA,2022,161132,161131
2022-01-01,None,86,None,22,114,Unknown,0.00367,9.7,1,3,NA,2022,161142,161141
2022-01-01,None,120,None,48,115,Unknown,0.00375,9.3,4,3,NA,2022,161152,161151
2022-01-01,None,136,None,61,116,Unknown,0.00212,8.9,2,2,NA,2022,161162,161161
2022-01-01,None,150,None,55,117,Unknown,0.00354,9.8,1,3,NA,2022,161172,161171
2022-01-01,None,152,None,62,118,Unknown,0.00282,9.4,2,2,NA,2022,161182,161181
2022-01-01,None,179,None,290,119,Unknown,0.00292,7.7,4,3,NA,2022,161192,161191
2022-01-01,None,182,None,280,120,Unknown,0.00189,8.7,3,2,NA,2022,161202,161201
2022-01-01,None,219,None,283,122,Unknown,0.00189,9,2,1,NA,2022,161222,161221
2022-01-01,None,231,None,279,123,Unknown,0.00239,8.9,2,3,NA,2022,161232,161231
2022-01-01,None,322,None,288,124,Unknown,0.0021,7.8,3,2,NA,2022,161242,161241
2022-01-01,None,27,None,297,125,Unknown,0.00578,9.8,2,2,NA,2022,161252,161251
2022-01-01,None,33,None,313,126,Unknown,0.00135,8.4,3,2,NA,2022,161262,161261
2022-01-01,None,52,None,65,127,Unknown,0.0033,9.2,2,2,NA,2022,161272,161271
2022-01-01,None,69,None,190,128,Unknown,0.00285,7.4,3,2,NA,2022,161282,161281
2022-01-01,None,119,None,17,129,Unknown,0.00399,10.5,5,2,NA,2022,161292,161291
2022-01-01,None,147,None,117,131,Unknown,0.00373,9.7,2,2,NA,2022,161312,161311
2022-01-01,None,156,None,26,132,Unknown,0.00371,8.4,1,2,NA,2022,161322,161321
2022-01-01,None,163,None,53,133,Unknown,0.00292,9.5,2,3,NA,2022,161332,161331
2022-01-01,None,187,None,234,134,Unknown,0.00356,9.8,2,2,NA,2022,161342,161341
2022-01-01,None,201,None,268,135,Unknown,0.00317,9.5,2,2,NA,2022,161352,161351
2022-01-01,None,215,None,139,136,Unknown,0.00294,8.3,3,3,NA,2022,161362,161361
2022-01-01,None,288,None,131,137,Unknown,0.00315,7.8,4,3,NA,2022,161372,161371
2022-01-01,None,290,None,4,138,Unknown,0.00221,7.5,3,4,NA,2022,161382,161381
2022-01-01,None,60,None,127,139,Unknown,0.00161,8.3,5,2,NA,2022,161392,161391
2022-01-01,None,70,None,124,140,Unknown,0.00225,8.7,4,2,NA,2022,161402,161401
2022-01-01,None,74,None,158,141,Unknown,0.00256,9.6,2,2,NA,2022,161412,161411
2022-01-01,None,75,None,73,142,Unknown,0.00196,8.9,2,2,NA,2022,161422,161421
2022-01-01,None,76,None,78,143,Unknown,0.00207,8,1,2,NA,2022,161432,161431
2022-01-01,None,79,None,109,144,Unknown,0.00249,9.5,3,2,NA,2022,161442,161441
2022-01-01,None,80,None,129,145,Unknown,0.00239,8.1,5,1,NA,2022,161452,161451
2022-01-01,None,87,None,134,146,Unknown,0.00304,9.6,2,2,NA,2022,161462,161461
2022-01-01,None,88,None,299,147,Unknown,0.00288,9.5,2,2,NA,2022,161472,161471
2022-01-01,None,118,None,66,148,Unknown,0.00279,9.1,2,3,NA,2022,161482,161481
2022-01-01,None,149,None,81,149,Unknown,0.00265,8.7,2,3,NA,2022,161492,161491
2022-01-01,None,156,None,313,150,Unknown,0.00213,7.8,3,2,NA,2022,161502,161501
2022-01-01,None,159,None,41,151,Unknown,0.00226,8.9,2,1,NA,2022,161512,161511
2022-01-01,None,162,None,61,152,Unknown,0.00381,9.9,2,1,NA,2022,161522,161521
2022-01-01,None,176,None,82,153,Unknown,0.00646,10.1,2,2,NA,2022,161532,161531
2022-01-01,None,209,None,126,155,Unknown,0.00257,9.1,2,2,NA,2022,161552,161551
2022-01-01,None,211,None,311,156,Unknown,0.00244,8.9,2,3,NA,2022,161562,161561
2022-01-01,None,249,None,160,157,Unknown,0.00092,7.4,3,3,NA,2022,161572,161571
2022-01-01,None,250,None,166,158,Unknown,0.00158,7.9,2,2,NA,2022,161582,161581
2022-01-01,None,10,None,79,159,Unknown,0.00378,8.6,2,3,NA,2022,161592,161591
2022-01-01,None,32,None,50,160,Unknown,0.00529,10,2,4,NA,2022,161602,161601
2022-01-01,None,49,None,62,161,Unknown,0.00554,10.2,2,1,NA,2022,161612,161611
2022-01-01,None,73,None,81,163,Unknown,0.00481,9.9,2,2,NA,2022,161632,161631
2022-01-01,None,88,None,288,166,Unknown,0.00376,9.7,3,2,NA,2022,161662,161661
2022-01-01,None,130,None,297,167,Unknown,0.0012,7.7,2,3,NA,2022,161672,161671
2022-01-01,None,179,None,4,168,Unknown,0.00238,8.3,3,3,NA,2022,161682,161681
2022-01-01,None,216,None,30,169,Unknown,0.00571,10.5,3,3,NA,2022,161692,161691
2022-01-01,None,218,None,44,170,Unknown,0.00467,9.5,3,3,NA,2022,161702,161701
2022-01-01,None,34,None,229,171,Unknown,0.00707,9.3,1,2,NA,2022,161712,161711
2022-01-01,None,85,None,96,173,Unknown,0.00345,9.8,2,2,NA,2022,161732,161731
2022-01-01,None,127,None,210,174,Unknown,0.00196,7.8,2,5,NA,2022,161742,161741
2022-01-01,None,157,None,221,175,Unknown,0.00297,9,1,1,NA,2022,161752,161751
2022-01-01,None,179,None,68,176,Unknown,0.0018,8.9,2,3,NA,2022,161762,161761
2022-01-01,None,199,None,232,180,Unknown,0.00209,8.4,2,4,NA,2022,161802,161801
2022-01-01,None,202,None,141,181,Unknown,0.00271,9,2,3,NA,2022,161812,161811
2022-01-01,None,209,None,251,182,Unknown,0.00223,8.6,3,2,NA,2022,161822,161821
2022-01-01,None,211,None,238,183,Unknown,0.00381,7.8,3,3,NA,2022,161832,161831
2022-01-01,None,216,None,158,184,Unknown,0.00276,9.6,2,3,NA,2022,161842,161841
2022-01-01,None,218,None,173,185,Unknown,0.00352,9.4,2,3,NA,2022,161852,161851
2022-01-01,None,223,None,242,186,Unknown,0.00213,8.4,2,2,NA,2022,161862,161861
2022-01-01,None,226,None,241,187,Unknown,0.00297,8.7,2,3,NA,2022,161872,161871
2022-01-01,None,239,None,225,188,Unknown,0.00036,6.5,3,3,NA,2022,161882,161881
2022-01-01,None,249,None,255,189,Unknown,0.00387,8.4,2,3,NA,2022,161892,161891
2022-01-01,None,252,None,212,190,Unknown,0.00168,7.7,3,3,NA,2022,161902,161901
2022-01-01,None,290,None,256,191,Unknown,0.00154,6.9,2,4,NA,2022,161912,161911
2022-01-01,None,48,None,265,192,Unknown,0.00519,9,1,4,NA,2022,161922,161921
2022-01-01,None,83,None,198,193,Unknown,0.00283,9,1,1,NA,2022,161932,161931
2022-01-01,None,124,None,277,194,Unknown,0.00147,8,2,4,NA,2022,161942,161941
2022-01-01,None,201,None,134,195,Unknown,0.00245,8.9,2,2,NA,2022,161952,161951
2022-01-01,None,224,None,272,196,Unknown,0.00116,7.3,1,3,NA,2022,161962,161961
2022-01-01,None,240,None,196,197,Unknown,0.0019,8.2,3,1,NA,2022,161972,161971
2022-01-01,None,325,None,193,198,Unknown,0.00198,8,3,4,NA,2022,161982,161981
2022-01-01,None,32,None,314,199,Unknown,0.00393,8,1,4,NA,2022,161992,161991
2022-01-01,None,42,None,315,200,Unknown,0.00191,8.9,2,3,NA,2022,162002,162001
2022-01-01,None,70,None,319,201,Unknown,0.00238,8.9,2,2,NA,2022,162012,162011
2022-01-01,None,230,None,282,202,Unknown,0.00221,7.6,4,2,NA,2022,162022,162021
2022-01-01,None,291,None,8,203,Unknown,0.00298,7.6,2,2,NA,2022,162032,162031
2022-01-01,None,293,None,287,204,Unknown,0.00245,8.4,2,4,NA,2022,162042,162041
2022-01-01,None,295,None,18,205,Unknown,0.00984,8.4,2,2,NA,2022,162052,162051
2022-01-01,None,82,None,289,206,Unknown,0.00231,9.2,3,2,NA,2022,162062,162061
2022-01-01,None,94,None,199,209,Unknown,0.00363,9.6,4,2,NA,2022,162092,162091
2022-01-01,None,112,None,296,210,Unknown,0.00114,7.6,3,3,NA,2022,162102,162101
2022-01-01,None,180,None,205,211,Unknown,0.00353,7.3,2,2,NA,2022,162112,162111
2022-01-01,None,71,None,220,212,Unknown,0.00153,7.7,2,2,NA,2022,162122,162121
2022-01-01,None,84,None,264,213,Unknown,0.0027,8.8,2,1,NA,2022,162132,162131
2022-01-01,None,98,None,127,214,Unknown,0.00093,7.1,5,3,NA,2022,162142,162141
2022-01-01,None,132,None,129,215,Unknown,0.00036,6,5,3,NA,2022,162152,162151
2022-01-01,None,187,None,130,216,Unknown,0.00175,8,3,2,NA,2022,162162,162161
2022-01-01,None,217,None,190,217,Unknown,0.00081,6.7,3,2,NA,2022,162172,162171
2022-01-01,None,311,None,313,218,Unknown,0.00105,8.1,3,2,NA,2022,162182,162181
2022-01-01,None,324,None,109,219,Unknown,0.00194,8.1,3,2,NA,2022,162192,162191
2022-01-01,None,180,None,48,221,Unknown,0.00173,7.3,4,2,NA,2022,162212,162211
2022-01-01,None,196,None,175,222,Unknown,0.00192,9,1,3,NA,2022,162222,162221
2022-01-01,None,289,None,274,224,Unknown,0.00117,6.6,1,3,NA,2022,162242,162241
2022-01-01,None,252,None,237,226,Unknown,0.00329,7.3,1,3,NA,2022,162262,162261
2022-01-01,None,129,None,71,227,Unknown,0.00344,7.1,2,5,NA,2022,162272,162271
2022-01-01,None,163,None,51,228,Unknown,0.00178,8.5,1,3,NA,2022,162282,162281
2022-01-01,None,239,None,307,230,Unknown,0.00073,6.3,3,3,NA,2022,162302,162301
2022-01-01,None,17,None,67,231,Unknown,0.03313,9,1,5,NA,2022,162312,162311
2022-01-01,None,32,None,293,232,Unknown,0.0099,8.9,4,4,NA,2022,162322,162321
2022-01-01,None,153,None,310,233,Unknown,0.00129,7.2,3,2,NA,2022,162332,162331
2022-01-01,None,228,None,316,234,Unknown,7e-04,6.6,2,1,NA,2022,162342,162341
2022-01-01,None,144,None,307,238,Unknown,0.00138,7.8,3,2,NA,2022,162382,162381
2022-01-01,None,32,None,317,239,Unknown,0.00326,8.4,3,4,NA,2022,162392,162391
2022-01-01,None,202,None,325,240,Unknown,0.00192,7.8,4,3,NA,2022,162402,162401
2022-01-01,None,212,None,124,241,Unknown,0.00173,7.6,4,3,NA,2022,162412,162411
2022-01-01,None,250,None,191,242,Unknown,0.00154,7.5,3,2,NA,2022,162422,162421
2022-01-01,None,18,None,304,243,Unknown,0.002,8.7,3,2,NA,2022,162432,162431
2022-01-01,None,289,None,9,244,Unknown,0.00207,7.8,2,3,NA,2022,162442,162441
2022-01-01,None,169,None,7,245,Unknown,0.00193,8.6,1,3,NA,2022,162452,162451
2022-01-01,None,194,None,16,246,Unknown,0.00239,9.2,2,1,NA,2022,162462,162461
2022-01-01,None,215,None,305,247,Unknown,0.00152,7.6,3,3,NA,2022,162472,162471
2022-01-01,None,224,None,131,248,Unknown,0.001,6.8,4,3,NA,2022,162482,162481
2022-01-01,None,232,None,189,249,Unknown,0.00099,6.8,3,2,NA,2022,162492,162491
2022-01-01,None,291,None,220,250,Unknown,0.00119,7.1,2,2,NA,2022,162502,162501
2022-01-01,None,260,None,295,251,Unknown,0.00176,7.3,2,3,NA,2022,162512,162511
2022-01-01,None,8,None,316,253,Unknown,0.00186,7.6,2,2,NA,2022,162532,162531
2022-01-01,None,48,None,189,254,Unknown,0.00057,6.8,3,4,NA,2022,162542,162541
2022-01-01,None,59,None,310,255,Unknown,0.00234,8.4,3,2,NA,2022,162552,162551
2022-01-01,None,60,None,16,256,Unknown,0.00395,10.1,2,2,NA,2022,162562,162561
2022-01-01,None,66,None,203,257,Unknown,0.0036,9.8,2,2,NA,2022,162572,162571
2022-01-01,None,304,None,75,258,Unknown,0.00178,8.2,2,3,NA,2022,162582,162581
2022-01-01,None,324,None,280,259,Unknown,0.00154,7.5,3,2,NA,2022,162592,162591
2022-01-01,None,59,None,296,260,Unknown,0.0022,8.8,3,2,NA,2022,162602,162601
2022-01-01,None,93,None,29,261,Unknown,0.03278,9.1,3,1,NA,2022,162612,162611
2022-01-01,None,99,None,64,262,Unknown,0.00344,8,1,3,NA,2022,162622,162621
2022-01-01,None,124,None,125,263,Unknown,0.00331,8.3,2,4,NA,2022,162632,162631
2022-01-01,None,149,None,319,264,Unknown,0.00159,7.6,2,3,NA,2022,162642,162641
2022-01-01,None,325,None,17,267,Unknown,0.00242,9.2,5,4,NA,2022,162672,162671
2022-01-01,None,63,None,107,268,Unknown,0.00204,8.8,1,1,NA,2022,162682,162681
2022-01-01,None,98,None,290,269,Unknown,0.00169,7.4,4,3,NA,2022,162692,162691
2022-01-01,None,118,None,132,270,Unknown,0.00125,7.1,3,3,NA,2022,162702,162701
2022-01-01,None,168,None,239,271,Unknown,0.00253,8,3,2,NA,2022,162712,162711
2022-01-01,None,199,None,287,272,Unknown,0.00358,8.6,2,4,NA,2022,162722,162721
2022-01-01,None,282,None,17,273,Unknown,0.00236,9,5,4,NA,2022,162732,162731
2022-01-01,None,110,None,115,274,Unknown,0.00281,8.2,4,2,NA,2022,162742,162741
2022-01-01,None,193,None,139,278,Unknown,0.00197,8.1,3,3,NA,2022,162782,162781
2022-01-01,None,282,None,112,282,Unknown,0.00134,7.7,3,4,NA,2022,162822,162821
2022-01-01,None,293,None,94,283,Unknown,0.00332,9.4,2,4,NA,2022,162832,162831
2022-01-01,None,308,None,140,284,Unknown,0.00296,8.8,2,1,NA,2022,162842,162841
2022-01-01,None,95,None,160,285,Unknown,0.00194,7.4,3,3,NA,2022,162852,162851
2022-01-01,None,100,None,110,286,Unknown,0.00241,9,2,3,NA,2022,162862,162861
2022-01-01,None,154,None,9,287,Unknown,0.00251,8,2,2,NA,2022,162872,162871
2022-01-01,None,197,None,170,289,Unknown,0.0026,8.9,1,2,NA,2022,162892,162891
2022-01-01,None,225,None,210,290,Unknown,0.00083,7.4,2,3,NA,2022,162902,162901
2022-01-01,None,231,None,42,291,Unknown,0.0033,9.3,3,3,NA,2022,162912,162911
2022-01-01,None,235,None,253,292,Unknown,0.00303,7.1,3,1,NA,2022,162922,162921
2022-01-01,None,241,None,112,293,Unknown,0.00225,8.4,3,2,NA,2022,162932,162931
2022-01-01,None,280,None,238,294,Unknown,0.00269,7.4,3,3,NA,2022,162942,162941
2022-01-01,None,317,None,255,295,Unknown,0.00089,7.6,2,3,NA,2022,162952,162951
2022-01-01,None,199,None,251,297,Unknown,0.00211,8.2,3,4,NA,2022,162972,162971
2022-01-01,None,249,None,286,299,Unknown,0.00069,7.3,1,3,NA,2022,162992,162991
2022-01-01,None,264,None,256,300,Unknown,9e-04,7.1,2,2,NA,2022,163002,163001
2022-01-01,None,279,None,281,301,Unknown,0.0018,8.2,1,2,NA,2022,163012,163011
2022-01-01,None,293,None,284,302,Unknown,0.0014,8.4,1,4,NA,2022,163022,163021
2022-01-01,None,317,None,258,303,Unknown,0.00178,8.4,1,3,NA,2022,163032,163031
2022-01-01,None,123,None,266,305,Unknown,0.00178,8.4,2,3,NA,2022,163052,163051
2022-01-01,None,106,None,242,306,Unknown,0.00233,8.4,2,1,NA,2022,163062,163061
2022-01-01,None,167,None,266,307,Unknown,0.0028,8.7,2,2,NA,2022,163072,163071
2022-01-01,None,202,None,191,308,Unknown,0.00358,7.5,3,3,NA,2022,163082,163081
2022-01-01,None,226,None,236,309,Unknown,0.00106,7.6,2,3,NA,2022,163092,163091
2022-01-01,None,263,None,278,311,Unknown,0.00304,9.1,1,1,NA,2022,163112,163111
2022-01-01,None,277,None,257,312,Unknown,0.00256,8.6,1,2,NA,2022,163122,163121
2022-01-01,None,282,None,154,313,Unknown,0.00243,7.9,2,4,NA,2022,163132,163131
2022-01-01,None,127,None,320,315,Unknown,0.00092,5.8,1,5,NA,2022,163152,163151
2022-01-01,None,129,None,318,316,Unknown,0.00041,5.6,1,5,NA,2022,163162,163161
2022-01-01,None,166,None,298,319,Unknown,0.00097,7.2,1,2,NA,2022,163192,163191
2022-01-01,None,177,None,305,320,Unknown,0.0011,8.1,3,2,NA,2022,163202,163201
2022-01-01,None,189,None,207,321,Unknown,0.00041,5.6,1,3,NA,2022,163212,163211
2022-01-01,None,195,None,307,322,Unknown,0.00087,7.5,3,1,NA,2022,163222,163221
2022-01-01,None,226,None,165,323,Unknown,0.00131,7.6,3,3,NA,2022,163232,163231
2022-01-01,None,261,None,310,324,Unknown,0.00355,8.3,3,2,NA,2022,163242,163241
2022-01-01,None,315,None,322,325,Unknown,0.00238,7,2,2,NA,2022,163252,163251
2022-01-01,None,127,None,321,327,Unknown,0.00069,6.7,1,5,NA,2022,163272,163271
2022-01-01,None,165,None,259,328,Unknown,0.00106,7,1,3,NA,2022,163282,163281
2022-01-01,None,283,None,164,332,Unknown,0.00101,7.4,1,2,NA,2022,163322,163321
2022-01-01,None,299,None,260,334,Unknown,0.00185,7.7,3,2,NA,2022,163342,163341
2022-01-01,None,115,None,213,336,Unknown,0.00134,6.8,1,4,NA,2022,163362,163361
2022-01-01,None,131,None,270,337,Unknown,0.00165,8,1,4,NA,2022,163372,163371
2022-01-01,None,230,None,243,340,Unknown,0.00149,7,1,2,NA,2022,163402,163401
2022-01-01,None,245,None,267,341,Unknown,0.00131,7,2,1,NA,2022,163412,163411
2022-01-01,None,267,None,172,342,Unknown,0.00163,8.1,1,2,NA,2022,163422,163421
2022-01-01,None,276,None,208,343,Unknown,0.00204,7.2,1,1,NA,2022,163432,163431
2023-01-01,None,3,None,47,1,Unknown,0.00286,9.7,4,1,NA,2023,170012,170011
2023-01-01,None,6,None,44,2,Unknown,0.00441,10.9,2,3,NA,2023,170022,170021
2023-01-01,None,9,None,54,3,Unknown,0.00399,10.6,1,2,NA,2023,170032,170031
2023-01-01,None,10,None,117,4,Unknown,0.00523,11.2,3,2,NA,2023,170042,170041
2023-01-01,None,14,None,45,5,Unknown,0.00428,10.4,1,2,NA,2023,170052,170051
2023-01-01,None,21,None,37,6,Unknown,0.00534,10.3,3,1,NA,2023,170062,170061
2023-01-01,None,23,None,195,7,Unknown,0.00463,10.7,3,1,NA,2023,170072,170071
2023-01-01,None,29,None,191,8,Unknown,0.00329,9.8,2,4,NA,2023,170082,170081
2023-01-01,None,36,None,219,9,Unknown,0.00379,10,3,2,NA,2023,170092,170091
2023-01-01,None,41,None,198,10,Unknown,0.00471,10,2,3,NA,2023,170102,170101
2023-01-01,None,47,None,202,11,Unknown,0.00273,8.4,3,4,NA,2023,170112,170111
2023-01-01,None,48,None,188,12,Unknown,0.00259,9.1,4,2,NA,2023,170122,170121
2023-01-01,None,101,None,175,13,Unknown,0.00376,10.2,3,2,NA,2023,170132,170131
2023-01-01,None,122,None,22,14,Unknown,0.00662,10.7,2,2,NA,2023,170142,170141
2023-01-01,None,144,None,18,15,Unknown,0.00431,10.5,2,2,NA,2023,170152,170151
2023-01-01,None,150,None,119,16,Unknown,0.00379,8.8,4,3,NA,2023,170162,170161
2023-01-01,None,153,None,129,17,Unknown,0.00473,11.3,2,2,NA,2023,170172,170171
2023-01-01,None,155,None,128,18,Unknown,0.00327,9.2,1,2,NA,2023,170182,170181
2023-01-01,None,161,None,114,19,Unknown,0.00473,10.9,2,2,NA,2023,170192,170191
2023-01-01,None,186,None,156,20,Unknown,0.00242,9.7,3,3,NA,2023,170202,170201
2023-01-01,None,187,None,183,21,Unknown,0.0022,9.2,3,3,NA,2023,170212,170211
2023-01-01,None,199,None,2,22,Unknown,0.00364,10,1,3,NA,2023,170222,170221
2023-01-01,None,200,None,16,23,Unknown,0.00364,10.1,2,4,NA,2023,170232,170231
2023-01-01,None,233,None,12,24,Unknown,0.00212,9.8,2,3,NA,2023,170242,170241
2023-01-01,None,240,None,132,25,Unknown,0.00261,9.1,1,3,NA,2023,170252,170251
2023-01-01,None,243,None,18,26,Unknown,0.00324,10.2,2,2,NA,2023,170262,170261
2023-01-01,None,28,None,286,27,Unknown,0.01494,10.2,2,1,NA,2023,170272,170271
2023-01-01,None,51,None,326,28,Unknown,0.00034,7.2,1,2,NA,2023,170282,170281
2023-01-01,None,120,None,148,29,Unknown,0.00466,9.9,2,3,NA,2023,170292,170291
2023-01-01,None,134,None,127,30,Unknown,0.00565,10.5,2,2,NA,2023,170302,170301
2023-01-01,None,142,None,116,31,Unknown,0.00359,9.9,3,3,NA,2023,170312,170311
2023-01-01,None,166,None,99,32,Unknown,0.00517,10.7,2,2,NA,2023,170322,170321
2023-01-01,None,192,None,96,33,Unknown,0.00388,10.2,2,4,NA,2023,170332,170331
2023-01-01,None,226,None,11,34,Unknown,0.00335,10,1,3,NA,2023,170342,170341
2023-01-01,None,29,None,38,35,Unknown,0.00482,10.8,2,4,NA,2023,170352,170351
2023-01-01,None,33,None,9,36,Unknown,0.00404,10.4,2,2,NA,2023,170362,170361
2023-01-01,None,35,None,96,37,Unknown,0.00429,10.6,2,2,NA,2023,170372,170371
2023-01-01,None,41,None,129,38,Unknown,0.01725,11.3,2,3,NA,2023,170382,170381
2023-01-01,None,116,None,5,39,Unknown,0.00696,10.6,2,3,NA,2023,170392,170391
2023-01-01,None,142,None,13,41,Unknown,0.00494,10.8,2,3,NA,2023,170412,170411
2023-01-01,None,151,None,27,42,Unknown,0.00303,9.9,2,3,NA,2023,170422,170421
2023-01-01,None,158,None,44,43,Unknown,0.00289,9.6,2,2,NA,2023,170432,170431
2023-01-01,None,187,None,49,44,Unknown,0.00225,9,1,3,NA,2023,170442,170441
2023-01-01,None,192,None,157,45,Unknown,0.00454,9.2,3,4,NA,2023,170452,170451
2023-01-01,None,50,None,31,46,Unknown,0.00563,10.1,1,2,NA,2023,170462,170461
2023-01-01,None,1,None,170,47,Unknown,0.00526,9.8,2,2,NA,2023,170472,170471
2023-01-01,None,4,None,98,48,Unknown,0.00321,9.9,3,2,NA,2023,170482,170481
2023-01-01,None,39,None,86,49,Unknown,0.00323,10.5,2,2,NA,2023,170492,170491
2023-01-01,None,46,None,238,50,Unknown,0.00178,9.1,3,2,NA,2023,170502,170501
2023-01-01,None,55,None,67,51,Unknown,0.00645,10.6,2,1,NA,2023,170512,170511
2023-01-01,None,131,None,66,52,Unknown,0.0054,9.9,2,2,NA,2023,170522,170521
2023-01-01,None,138,None,42,53,Unknown,0.00241,9.4,2,2,NA,2023,170532,170531
2023-01-01,None,140,None,141,54,Unknown,0.00398,10.2,2,3,NA,2023,170542,170541
2023-01-01,None,176,None,185,55,Unknown,0.0052,10.1,2,3,NA,2023,170552,170551
2023-01-01,None,244,None,194,56,Unknown,0.00185,8.9,4,2,NA,2023,170562,170561
2023-01-01,None,35,None,143,57,Unknown,0.0034,9.9,3,2,NA,2023,170572,170571
2023-01-01,None,36,None,182,58,Unknown,0.00436,10.2,3,2,NA,2023,170582,170581
2023-01-01,None,38,None,173,59,Unknown,0.00344,10.4,2,2,NA,2023,170592,170591
2023-01-01,None,125,None,88,60,Unknown,0.00351,10.2,3,2,NA,2023,170602,170601
2023-01-01,None,135,None,87,61,Unknown,0.00351,9.7,2,2,NA,2023,170612,170611
2023-01-01,None,138,None,90,62,Unknown,0.00284,9.3,2,2,NA,2023,170622,170621
2023-01-01,None,156,None,197,63,Unknown,0.00341,9.6,1,3,NA,2023,170632,170631
2023-01-01,None,161,None,290,64,Unknown,0.00284,9.8,3,2,NA,2023,170642,170641
2023-01-01,None,46,None,26,65,Unknown,0.00286,9.8,2,2,NA,2023,170652,170651
2023-01-01,None,124,None,59,66,Unknown,0.00493,9.4,1,3,NA,2023,170662,170661
2023-01-01,None,133,None,67,67,Unknown,0.00332,10.3,2,3,NA,2023,170672,170671
2023-01-01,None,143,None,61,68,Unknown,0.00376,10,2,3,NA,2023,170682,170681
2023-01-01,None,176,None,180,69,Unknown,0.00368,9.7,3,3,NA,2023,170692,170691
2023-01-01,None,186,None,63,70,Unknown,0.00481,10.5,2,3,NA,2023,170702,170701
2023-01-01,None,195,None,190,71,Unknown,0.00397,9.3,1,3,NA,2023,170712,170711
2023-01-01,None,211,None,87,72,Unknown,0.00293,8.6,2,3,NA,2023,170722,170721
2023-01-01,None,219,None,30,73,Unknown,0.00228,9.3,1,3,NA,2023,170732,170731
2023-01-01,None,6,None,287,74,Unknown,0.00358,10.3,2,3,NA,2023,170742,170741
2023-01-01,None,95,None,12,75,Unknown,0.00366,10.5,2,2,NA,2023,170752,170751
2023-01-01,None,98,None,239,76,Unknown,0.00498,9.5,3,3,NA,2023,170762,170761
2023-01-01,None,122,None,32,77,Unknown,0.00414,10,1,2,NA,2023,170772,170771
2023-01-01,None,137,None,50,78,Unknown,0.00304,9.4,2,4,NA,2023,170782,170781
2023-01-01,None,173,None,145,79,Unknown,0.00456,10,2,2,NA,2023,170792,170791
2023-01-01,None,226,None,115,80,Unknown,0.00375,9.3,3,3,NA,2023,170802,170801
2023-01-01,None,238,None,92,81,Unknown,0.00314,9.6,2,3,NA,2023,170812,170811
2023-01-01,None,297,None,198,82,Unknown,0.00267,9.1,2,2,NA,2023,170822,170821
2023-01-01,None,300,None,194,83,Unknown,0.00368,8.5,4,3,NA,2023,170832,170831
2023-01-01,None,33,None,227,84,Unknown,0.00221,8.9,3,2,NA,2023,170842,170841
2023-01-01,None,56,None,289,85,Unknown,0.0059,10.2,2,2,NA,2023,170852,170851
2023-01-01,None,63,None,53,86,Unknown,0.00423,10.6,3,2,NA,2023,170862,170861
2023-01-01,None,79,None,27,87,Unknown,0.00356,10.3,2,2,NA,2023,170872,170871
2023-01-01,None,95,None,300,88,Unknown,0.00123,8.9,3,2,NA,2023,170882,170881
2023-01-01,None,167,None,295,89,Unknown,0.00158,8.7,4,3,NA,2023,170892,170891
2023-01-01,None,189,None,113,90,Unknown,0.00305,9.5,2,3,NA,2023,170902,170901
2023-01-01,None,233,None,160,91,Unknown,0.00321,9.6,2,3,NA,2023,170912,170911
2023-01-01,None,285,None,185,92,Unknown,0.00224,9.4,2,3,NA,2023,170922,170921
2023-01-01,None,295,None,1,93,Unknown,0.0022,8.9,2,4,NA,2023,170932,170931
2023-01-01,None,5,None,147,94,Unknown,0.00426,10.9,2,2,NA,2023,170942,170941
2023-01-01,None,51,None,299,95,Unknown,0.00476,9.7,1,2,NA,2023,170952,170951
2023-01-01,None,56,None,118,96,Unknown,0.00404,10.4,2,2,NA,2023,170962,170961
2023-01-01,None,66,None,105,97,Unknown,0.00282,9.4,2,2,NA,2023,170972,170971
2023-01-01,None,79,None,112,98,Unknown,0.00391,9.4,3,2,NA,2023,170982,170981
2023-01-01,None,169,None,188,99,Unknown,0.00416,9.5,4,3,NA,2023,170992,170991
2023-01-01,None,174,None,289,100,Unknown,0.00249,9.3,2,3,NA,2023,171002,171001
2023-01-01,None,292,None,90,101,Unknown,0.00249,9.2,2,2,NA,2023,171012,171011
2023-01-01,None,293,None,101,102,Unknown,0.00346,9.9,2,3,NA,2023,171022,171021
2023-01-01,None,64,None,211,103,Unknown,0.00197,8.8,3,3,NA,2023,171032,171031
2023-01-01,None,39,None,139,104,Unknown,0.00328,10.1,3,2,NA,2023,171042,171041
2023-01-01,None,70,None,136,105,Unknown,0.00313,9.5,3,2,NA,2023,171052,171051
2023-01-01,None,78,None,4,106,Unknown,0.00385,10.2,2,2,NA,2023,171062,171061
2023-01-01,None,88,None,104,107,Unknown,0.00392,10.3,2,3,NA,2023,171072,171071
2023-01-01,None,94,None,184,108,Unknown,0.0052,10.3,2,1,NA,2023,171082,171081
2023-01-01,None,134,None,291,109,Unknown,0.00399,10.5,2,2,NA,2023,171092,171091
2023-01-01,None,171,None,286,110,Unknown,0.00448,10.2,2,2,NA,2023,171102,171101
2023-01-01,None,285,None,206,111,Unknown,0.00417,9.3,2,3,NA,2023,171112,171111
2023-01-01,None,297,None,10,112,Unknown,0.00341,10.4,2,2,NA,2023,171122,171121
2023-01-01,None,41,None,WT,113,Unknown,0,6,2,3,NA,2023,171132,171131
2023-01-01,None,24,None,52,114,Unknown,0.00246,9.2,2,2,NA,2023,171142,171141
2023-01-01,None,69,None,84,115,Unknown,0.00289,9.9,2,2,NA,2023,171152,171151
2023-01-01,None,75,None,258,116,Unknown,0.00292,10.1,3,2,NA,2023,171162,171161
2023-01-01,None,77,None,254,117,Unknown,0.00279,9.1,1,2,NA,2023,171172,171171
2023-01-01,None,83,None,255,118,Unknown,0.00359,8.9,2,1,NA,2023,171182,171181
2023-01-01,None,107,None,253,119,Unknown,0.00356,9.5,2,2,NA,2023,171192,171191
2023-01-01,None,106,None,272,121,Unknown,0.00275,9.1,3,3,NA,2023,171212,171211
2023-01-01,None,40,None,250,122,Unknown,0.00173,8.2,3,1,NA,2023,171222,171221
2023-01-01,None,53,None,218,123,Unknown,0.0022,9.3,3,3,NA,2023,171232,171231
2023-01-01,None,70,None,259,124,Unknown,0.00264,9.1,3,2,NA,2023,171242,171241
2023-01-01,None,143,None,246,125,Unknown,0.00279,9.6,3,3,NA,2023,171252,171251
2023-01-01,None,194,None,71,126,Unknown,0.00476,9.8,2,4,NA,2023,171262,171261
2023-01-01,None,200,None,80,127,Unknown,0.003,9.8,2,4,NA,2023,171272,171271
2023-01-01,None,295,None,247,128,Unknown,0.00247,8.6,3,4,NA,2023,171282,171281
2023-01-01,None,37,None,85,129,Unknown,0.00303,8.9,1,3,NA,2023,171292,171291
2023-01-01,None,61,None,270,130,Unknown,0.0037,9.5,3,2,NA,2023,171302,171301
2023-01-01,None,97,None,292,131,Unknown,0.00352,9.8,2,2,NA,2023,171312,171311
2023-01-01,None,258,None,267,132,Unknown,0.00245,9.7,5,3,NA,2023,171322,171321
2023-01-01,None,262,None,199,133,Unknown,0.00236,9,3,1,NA,2023,171332,171331
2023-01-01,None,293,None,82,134,Unknown,0.00183,9,1,3,NA,2023,171342,171341
2023-01-01,None,7,None,239,135,Unknown,0.00312,9.9,3,1,NA,2023,171352,171351
2023-01-01,None,74,None,260,136,Unknown,0.00324,10.1,2,1,NA,2023,171362,171361
2023-01-01,None,92,None,163,137,Unknown,0.00386,10.7,2,2,NA,2023,171372,171371
2023-01-01,None,192,None,109,139,Unknown,0.00366,10.4,2,4,NA,2023,171392,171391
2023-01-01,None,8,None,264,141,Unknown,0.00266,9.7,2,1,NA,2023,171412,171411
2023-01-01,None,119,None,255,142,Unknown,0.00442,9.1,2,4,NA,2023,171422,171421
2023-01-01,None,250,None,256,144,Unknown,0.0026,9.6,2,3,NA,2023,171442,171441
2023-01-01,None,267,None,149,145,Unknown,0.00381,9.9,3,5,NA,2023,171452,171451
2023-01-01,None,15,None,146,146,Unknown,0.00341,10.5,2,1,NA,2023,171462,171461
2023-01-01,None,135,None,271,147,Unknown,0.00303,9.7,2,2,NA,2023,171472,171471
2023-01-01,None,29,None,152,149,Unknown,0.00482,11.2,2,4,NA,2023,171492,171491
2023-01-01,None,47,None,93,150,Unknown,0.00398,9,1,4,NA,2023,171502,171501
2023-01-01,None,81,None,300,151,Unknown,0.00247,9.1,3,2,NA,2023,171512,171511
2023-01-01,None,189,None,270,153,Unknown,0.00611,8.7,3,3,NA,2023,171532,171531
2023-01-01,None,239,None,247,154,Unknown,0.00273,9,3,3,NA,2023,171542,171541
2023-01-01,None,246,None,65,155,Unknown,0.00318,10,2,3,NA,2023,171552,171551
2023-01-01,None,150,None,193,156,Unknown,0.00251,9.4,2,3,NA,2023,171562,171561
2023-01-01,None,202,None,191,157,Unknown,0.00165,8.3,2,3,NA,2023,171572,171571
2023-01-01,None,64,None,321,158,Unknown,0.00363,8,3,3,NA,2023,171582,171581
2023-01-01,None,71,None,340,159,Unknown,0.00212,9.3,1,2,NA,2023,171592,171591
2023-01-01,None,211,None,341,160,Unknown,0.00206,8.1,5,3,NA,2023,171602,171601
2023-01-01,None,301,None,337,161,Unknown,0.00182,9.1,2,2,NA,2023,171612,171611
2023-01-01,None,69,None,327,162,Unknown,0.003,9.4,3,2,NA,2023,171622,171621
2023-01-01,None,22,None,341,164,Unknown,0.0041,9.7,5,2,NA,2023,171642,171641
2023-01-01,None,37,None,328,165,Unknown,0.00158,8.7,3,3,NA,2023,171652,171651
2023-01-01,None,52,None,309,166,Unknown,0.00222,9.2,2,2,NA,2023,171662,171661
2023-01-01,None,64,None,332,167,Unknown,0.00231,8.9,2,3,NA,2023,171672,171671
2023-01-01,None,88,None,308,168,Unknown,0.00362,9.1,3,3,NA,2023,171682,171681
2023-01-01,None,117,None,320,169,Unknown,0.0031,10,2,3,NA,2023,171692,171691
2023-01-01,None,137,None,323,170,Unknown,0.00244,8.7,3,4,NA,2023,171702,171701
2023-01-01,None,150,None,WT,171,Unknown,0,4.9,1,3,NA,2023,171712,171711
2023-01-01,None,157,None,321,172,Unknown,0.00175,7.5,3,3,NA,2023,171722,171721
2023-01-01,None,192,None,24,173,Unknown,0.00381,9.3,2,4,NA,2023,171732,171731
2023-01-01,None,105,None,324,174,Unknown,0.01989,9.5,3,2,NA,2023,171742,171741
2023-01-01,None,183,None,68,175,Unknown,0.00382,9.6,1,3,NA,2023,171752,171751
2023-01-01,None,311,None,334,176,Unknown,0.00323,9.4,2,2,NA,2023,171762,171761
2023-01-01,None,29,None,303,177,Unknown,0.004,10.5,3,4,NA,2023,171772,171771
2023-01-01,None,47,None,257,178,Unknown,0.00414,9.5,2,4,NA,2023,171782,171781
2023-01-01,None,53,None,307,179,Unknown,0.00467,9.6,3,3,NA,2023,171792,171791
2023-01-01,None,97,None,217,180,Unknown,0.00376,9.6,4,2,NA,2023,171802,171801
2023-01-01,None,140,None,249,181,Unknown,0.00414,8.8,3,3,NA,2023,171812,171811
2023-01-01,None,168,None,269,182,Unknown,0.00261,8.8,2,2,NA,2023,171822,171821
2023-01-01,None,175,None,312,183,Unknown,0.00323,9.8,3,3,NA,2023,171832,171831
2023-01-01,None,194,None,283,184,Unknown,0.00359,9.7,2,4,NA,2023,171842,171841
2023-01-01,None,246,None,232,185,Unknown,0.0032,10,3,3,NA,2023,171852,171851
2023-01-01,None,273,None,228,186,Unknown,0.00298,9.8,3,3,NA,2023,171862,171861
2023-01-01,None,282,None,305,187,Unknown,0.00286,9.1,3,3,NA,2023,171872,171871
2023-01-01,None,302,None,99,188,Unknown,0.00361,10.1,2,2,NA,2023,171882,171881
2023-01-01,None,156,None,259,189,Unknown,0.00181,9.2,3,3,NA,2023,171892,171891
2023-01-01,None,58,None,159,190,Unknown,0.00298,9.7,1,1,NA,2023,171902,171901
2023-01-01,None,65,None,268,191,Unknown,0.00385,9.8,2,2,NA,2023,171912,171911
2023-01-01,None,133,None,181,192,Unknown,0.00319,10.3,2,3,NA,2023,171922,171921
2023-01-01,None,140,None,242,193,Unknown,0.00262,9.1,3,3,NA,2023,171932,171931
2023-01-01,None,152,None,209,194,Unknown,0.00414,10.7,2,2,NA,2023,171942,171941
2023-01-01,None,183,None,158,195,Unknown,0.00196,8.9,2,3,NA,2023,171952,171951
2023-01-01,None,217,None,123,196,Unknown,0.00161,8.8,2,4,NA,2023,171962,171961
2023-01-01,None,228,None,263,197,Unknown,0.0035,9.4,2,3,NA,2023,171972,171971
2023-01-01,None,259,None,126,198,Unknown,0.00198,8.9,1,3,NA,2023,171982,171981
2023-01-01,None,308,None,273,199,Unknown,0.00262,9.3,3,3,NA,2023,171992,171991
2023-01-01,None,341,None,201,200,Unknown,0.00379,8.9,3,5,NA,2023,172002,172001
2023-01-01,None,6,None,274,201,Unknown,0.00433,10.4,3,3,NA,2023,172012,172011
2023-01-01,None,115,None,84,202,Unknown,0.00264,9.6,2,3,NA,2023,172022,172021
2023-01-01,None,137,None,342,203,Unknown,0.00353,8.9,3,4,NA,2023,172032,172031
2023-01-01,None,141,None,124,204,Unknown,0.00385,9.7,3,2,NA,2023,172042,172041
2023-01-01,None,169,None,227,205,Unknown,0.00212,9.8,3,3,NA,2023,172052,172051
2023-01-01,None,175,None,240,206,Unknown,0.00253,9.4,3,3,NA,2023,172062,172061
2023-01-01,None,182,None,204,207,Unknown,0.003,9.5,3,3,NA,2023,172072,172071
2023-01-01,None,184,None,78,208,Unknown,0.00304,10.3,2,2,NA,2023,172082,172081
2023-01-01,None,253,None,113,209,Unknown,0.00262,9.1,2,2,NA,2023,172092,172091
2023-01-01,None,312,None,131,210,Unknown,0.0031,10.2,2,3,NA,2023,172102,172101
2023-01-01,None,176,None,282,211,Unknown,0.00348,9.3,3,3,NA,2023,172112,172111
2023-01-01,None,142,None,267,212,Unknown,0.00381,10,5,3,NA,2023,172122,172121
2023-01-01,None,146,None,224,213,Unknown,0.00269,9.1,4,2,NA,2023,172132,172131
2023-01-01,None,147,None,241,214,Unknown,0.00309,9.5,2,2,NA,2023,172142,172141
2023-01-01,None,148,None,215,215,Unknown,0.00152,8.6,4,2,NA,2023,172152,172151
2023-01-01,None,153,None,231,216,Unknown,0.00374,10.6,2,2,NA,2023,172162,172161
2023-01-01,None,166,None,315,217,Unknown,0.00136,8.8,1,2,NA,2023,172172,172171
2023-01-01,None,168,None,210,218,Unknown,0.00224,9,4,2,NA,2023,172182,172181
2023-01-01,None,174,None,313,219,Unknown,0.00344,8.9,2,3,NA,2023,172192,172191
2023-01-01,None,196,None,319,220,Unknown,0.00312,8.2,2,2,NA,2023,172202,172201
2023-01-01,None,209,None,242,221,Unknown,0.00332,9.6,3,2,NA,2023,172212,172211
2023-01-01,None,244,None,269,222,Unknown,0.00184,8.6,2,2,NA,2023,172222,172221
2023-01-01,None,272,None,290,223,Unknown,0.00251,9,3,3,NA,2023,172232,172231
2023-01-01,None,301,None,232,224,Unknown,0.00353,9.5,3,2,NA,2023,172242,172241
2023-01-01,None,325,None,284,225,Unknown,0.00313,8.9,1,3,NA,2023,172252,172251
2023-01-01,None,343,None,264,226,Unknown,0.00169,8.4,2,2,NA,2023,172262,172261
2023-01-01,None,119,None,167,227,Unknown,0.00251,8.7,3,4,NA,2023,172272,172271
2023-01-01,None,144,None,224,228,Unknown,0.00301,9.1,4,2,NA,2023,172282,172281
2023-01-01,None,151,None,271,229,Unknown,0.00369,9.4,2,3,NA,2023,172292,172291
2023-01-01,None,163,None,210,230,Unknown,0.00298,9.8,4,2,NA,2023,172302,172301
2023-01-01,None,201,None,328,231,Unknown,0.00203,9,3,3,NA,2023,172312,172311
2023-01-01,None,204,None,327,232,Unknown,0.00384,8.5,3,3,NA,2023,172322,172321
2023-01-01,None,206,None,136,233,Unknown,0.00359,9.7,3,2,NA,2023,172332,172331
2023-01-01,None,250,None,323,234,Unknown,0.00128,8.3,3,3,NA,2023,172342,172341
2023-01-01,None,308,None,343,235,Unknown,0.00117,8.3,2,3,NA,2023,172352,172351
2023-01-01,None,169,None,287,236,Unknown,0.00262,10.2,2,3,NA,2023,172362,172361
2023-01-01,None,258,None,337,237,Unknown,0.00245,9.1,2,3,NA,2023,172372,172371
2023-01-01,None,272,None,48,238,Unknown,0.00387,10.2,2,3,NA,2023,172382,172381
2023-01-01,None,109,None,309,239,Unknown,0.00314,9.7,2,2,NA,2023,172392,172391
2023-01-01,None,112,None,216,240,Unknown,0.00154,8.5,3,3,NA,2023,172402,172401
2023-01-01,None,114,None,205,241,Unknown,0.00294,10,2,2,NA,2023,172412,172411
2023-01-01,None,115,None,203,242,Unknown,0.00286,9.4,2,3,NA,2023,172422,172421
2023-01-01,None,124,None,212,243,Unknown,0.00272,8.7,1,3,NA,2023,172432,172431
2023-01-01,None,187,None,16,245,Unknown,0.00323,10,2,3,NA,2023,172452,172451
2023-01-01,None,188,None,42,246,Unknown,0.00205,8.9,2,4,NA,2023,172462,172461
2023-01-01,None,200,None,222,247,Unknown,0.00347,9.9,1,4,NA,2023,172472,172471
2023-01-01,None,201,None,26,248,Unknown,0.00353,10,2,3,NA,2023,172482,172481
2023-01-01,None,204,None,107,249,Unknown,0.00335,9.9,2,3,NA,2023,172492,172491
2023-01-01,None,325,None,118,250,Unknown,0.00363,9.2,2,3,NA,2023,172502,172501
2023-01-01,None,341,None,13,251,Unknown,0.00256,9.8,2,5,NA,2023,172512,172511
2023-01-01,None,137,None,127,252,Unknown,0.00282,9.5,2,4,NA,2023,172522,172521
2023-01-01,None,116,None,120,254,Unknown,0.00328,9.8,3,3,NA,2023,172542,172541
2023-01-01,None,117,None,81,255,Unknown,0.00338,10.4,2,3,NA,2023,172552,172551
2023-01-01,None,119,None,80,256,Unknown,0.003,9.2,2,4,NA,2023,172562,172561
2023-01-01,None,133,None,104,257,Unknown,0.00325,10.7,2,3,NA,2023,172572,172571
2023-01-01,None,136,None,108,258,Unknown,0.00293,9.6,1,3,NA,2023,172582,172581
2023-01-01,None,174,None,75,259,Unknown,0.00298,9.9,2,3,NA,2023,172592,172591
2023-01-01,None,189,None,256,260,Unknown,0.00314,10.2,2,3,NA,2023,172602,172601
2023-01-01,None,219,None,155,261,Unknown,0.00234,9.6,2,3,NA,2023,172612,172611
2023-01-01,None,233,None,160,262,Unknown,0.00321,9.6,2,3,NA,2023,172622,172621
2023-01-01,None,305,None,170,263,Unknown,0.00305,10,2,3,NA,2023,172632,172631
2023-01-01,None,151,None,180,264,Unknown,0.00383,9.7,3,3,NA,2023,172642,172641
2023-01-01,None,110,None,306,265,Unknown,0.00294,9.2,1,1,NA,2023,172652,172651
2023-01-01,None,139,None,230,266,Unknown,0.00368,8.3,3,3,NA,2023,172662,172661
2023-01-01,None,149,None,106,267,Unknown,0.00184,9.2,3,3,NA,2023,172672,172671
2023-01-01,None,157,None,245,268,Unknown,0.00213,9,2,3,NA,2023,172682,172681
2023-01-01,None,167,None,86,269,Unknown,0.00215,9.4,2,3,NA,2023,172692,172691
2023-01-01,None,196,None,218,270,Unknown,0.00229,8.7,3,2,NA,2023,172702,172701
2023-01-01,None,224,None,260,271,Unknown,0.00187,8.7,2,4,NA,2023,172712,172711
2023-01-01,None,231,None,234,272,Unknown,0.00143,8.8,2,2,NA,2023,172722,172721
2023-01-01,None,232,None,14,273,Unknown,0.00335,9.7,2,3,NA,2023,172732,172731
2023-01-01,None,238,None,203,274,Unknown,0.00197,8.7,2,3,NA,2023,172742,172741
2023-01-01,None,267,None,283,275,Unknown,0.00368,10.3,2,5,NA,2023,172752,172751
2023-01-01,None,270,None,139,276,Unknown,0.00335,8.7,3,3,NA,2023,172762,172761
2023-01-01,None,274,None,268,277,Unknown,0.00312,9.5,2,3,NA,2023,172772,172771
2023-01-01,None,291,None,302,278,Unknown,0.00334,9.9,2,2,NA,2023,172782,172781
2023-01-01,None,311,None,303,279,Unknown,0.00358,9.7,3,2,NA,2023,172792,172791
2023-01-01,None,325,None,243,280,Unknown,0.00313,8.9,2,3,NA,2023,172802,172801
2023-01-01,None,328,None,324,282,Unknown,0.00362,8.7,3,3,NA,2023,172822,172821
2023-01-01,None,120,None,257,283,Unknown,0.00358,10.2,2,3,NA,2023,172832,172831
2023-01-01,None,125,None,199,284,Unknown,0.00346,9.9,3,2,NA,2023,172842,172841
2023-01-01,None,181,None,247,285,Unknown,0.00278,9.3,3,2,NA,2023,172852,172851
2023-01-01,None,200,None,321,286,Unknown,0.00188,8.3,3,4,NA,2023,172862,172861
2023-01-01,None,218,None,290,287,Unknown,0.00357,8.8,3,3,NA,2023,172872,172871
2023-01-01,None,224,None,263,288,Unknown,0.0019,8.5,2,4,NA,2023,172882,172881
2023-01-01,None,228,None,106,289,Unknown,0.00212,9.1,3,3,NA,2023,172892,172891
2023-01-01,None,274,None,307,290,Unknown,0.00348,9.4,3,3,NA,2023,172902,172901
2023-01-01,None,305,None,313,291,Unknown,0.00336,9.2,2,3,NA,2023,172912,172911
2023-01-01,None,312,None,217,292,Unknown,0.00185,8.6,4,3,NA,2023,172922,172921
2023-01-01,None,341,None,112,293,Unknown,0.00125,8,3,5,NA,2023,172932,172931
2023-01-01,None,323,None,342,294,Unknown,0.00256,8.9,3,3,NA,2023,172942,172941
2023-01-01,None,182,None,221,295,Unknown,0.00382,8.9,4,3,NA,2023,172952,172951
2023-01-01,None,186,None,316,296,Unknown,0.00105,8,1,3,NA,2023,172962,172961
2023-01-01,None,193,None,123,297,Unknown,0.00306,9.9,2,2,NA,2023,172972,172971
2023-01-01,None,202,None,334,298,Unknown,0.00218,8.7,2,3,NA,2023,172982,172981
2023-01-01,None,205,None,216,299,Unknown,0.00207,9.2,3,2,NA,2023,172992,172991
2023-01-01,None,217,None,213,300,Unknown,0.00255,8.7,1,4,NA,2023,173002,173001
2023-01-01,None,230,None,215,301,Unknown,0.00134,7.1,4,3,NA,2023,173012,173011
2023-01-01,None,241,None,336,302,Unknown,0.00206,8.2,1,2,NA,2023,173022,173021
2023-01-01,None,245,None,249,303,Unknown,0.00207,8.7,3,2,NA,2023,173032,173031
2023-01-01,None,251,None,273,304,Unknown,0.00309,9.2,3,2,NA,2023,173042,173041
2023-01-01,None,282,None,227,305,Unknown,0.00342,8.4,3,3,NA,2023,173052,173051
2023-01-01,None,303,None,226,306,Unknown,0.00359,8.8,3,3,NA,2023,173062,173061
2023-01-01,None,327,None,171,307,Unknown,0.0018,9,2,3,NA,2023,173072,173071
2023-01-01,None,145,None,180,308,Unknown,0.00343,9.3,3,2,NA,2023,173082,173081
2023-01-01,None,188,None,332,309,Unknown,0.00134,7.9,2,4,NA,2023,173092,173091
2023-01-01,None,215,None,195,310,Unknown,0.00195,8.4,3,4,NA,2023,173102,173101
2023-01-01,None,216,None,307,311,Unknown,0.00236,9.4,3,3,NA,2023,173112,173111
2023-01-01,None,221,None,149,312,Unknown,0.00361,9,3,4,NA,2023,173122,173121
2023-01-01,None,234,None,210,313,Unknown,0.0035,8.1,4,2,NA,2023,173132,173131
2023-01-01,None,251,None,98,314,Unknown,0.00263,8.9,3,2,NA,2023,173142,173141
2023-01-01,None,293,None,240,315,Unknown,0.00339,9.1,3,3,NA,2023,173152,173151
2023-01-01,None,77,None,322,316,Unknown,0.00325,9.5,1,2,NA,2023,173162,173161
2023-01-01,None,221,None,261,317,Unknown,0.00308,9.2,1,4,NA,2023,173172,173171
2023-01-01,None,342,None,285,318,Unknown,0.00151,8.7,3,3,NA,2023,173182,173181
2023-01-01,None,295,None,278,319,Unknown,0.00172,8.9,1,4,NA,2023,173192,173191
2023-01-01,None,210,None,267,320,Unknown,0.00193,9.4,5,4,NA,2023,173202,173201
2023-01-01,None,215,None,249,321,Unknown,0.00117,7.4,3,4,NA,2023,173212,173211
2023-01-01,None,221,None,242,322,Unknown,0.00183,8.4,3,4,NA,2023,173222,173221
2023-01-01,None,230,None,324,323,Unknown,0.00361,8.3,3,3,NA,2023,173232,173231
2023-01-01,None,320,None,319,324,Unknown,0.00207,8.6,2,2,NA,2023,173242,173241
2024-01-30,OA09,184,YA33,3,1,1,0.00448,11.2,2,3,NA,2024,180012,180011
2024-01-30,YI17,42,YF22,18,2,1,0.00486,10.6,2,2,NA,2024,180022,180021
2024-01-30,YL29,67,YJ42,53,4,1,0.00428,10.8,3,2,NA,2024,180042,180041
2024-01-30,YA54,2,YK03,59,5,1,0.00752,11.7,2,2,NA,2024,180052,180051
2024-01-30,YC37,14,YP08,93,6,1,0.00593,10.8,2,2,NA,2024,180062,180061
2024-01-30,YA19,6,YR20,98,7,1,0.00549,10.8,3,2,NA,2024,180072,180071
2024-01-30,YY01,151,YS12,110,8,1,0.00368,10.6,2,2,NA,2024,180082,180081
2024-01-30,OB15,179,YT06,118,9,1,0.00548,10.3,2,2,NA,2024,180092,180091
2024-01-30,YG57,27,YC10,15,11,2,0.00505,11.4,2,2,NA,2024,180112,180111
2024-01-30,YP23,92,YF42,17,12,2,0.00785,11.3,2,2,NA,2024,180122,180121
2024-01-30,YH25,38,YF30,22,13,2,0.00494,11.6,2,2,NA,2024,180132,180131
2024-01-30,YK42,58,YP13,96,14,2,0.00575,11.3,3,2,NA,2024,180142,180141
2024-02-02,OC02,188,YA11,1,15,2,0.00514,10.9,3,2,NA,2024,180152,180151
2024-02-02,YZ04,169,YC04,13,16,2,0.00606,11.1,2,3,NA,2024,180162,180161
2024-02-02,YS25,113,YF36,18,17,2,0.00231,8.6,2,3,NA,2024,180172,180171
2024-02-02,YR12,103,YI40,42,18,2,0.00598,10.4,2,2,NA,2024,180182,180181
2024-02-02,YS17,109,YI04,43,19,3,0.00322,11.1,2,2,NA,2024,180192,180191
2024-02-02,YH55,33,YL26,68,20,3,0.00707,11.1,2,2,NA,2024,180202,180201
2024-02-02,YI30,45,YR18,101,21,3,0.00423,10.2,3,2,NA,2024,180212,180211
2024-02-02,YI56,44,YV15,126,22,3,0.00414,10.4,1,2,NA,2024,180222,180221
2024-02-06,YI51,48,YA13,6,23,3,0.00804,11.1,2,2,NA,2024,180232,180231
2024-02-06,YK43,62,YC43,13,24,3,0.00357,10.8,2,2,NA,2024,180242,180241
2024-02-06,YL21,71,YF70,22,26,3,0.00378,10.7,2,2,NA,2024,180262,180261
2024-02-06,YV27,125,YF71,23,27,3,0.00344,10.8,2,2,NA,2024,180272,180271
2024-02-06,YA16,8,YG66,26,28,4,0.00633,11,1,2,NA,2024,180282,180281
2024-02-06,YC29,12,YG03,30,29,4,0.00649,10.8,1,2,NA,2024,180292,180291
2024-02-06,YG53,28,YG00,32,30,4,0.00452,10,2,2,NA,2024,180302,180301
2024-02-06,YA48,7,YI00,44,31,4,0.00583,10.8,2,2,NA,2024,180312,180311
2024-02-06,YZ16,160,YJ44,54,32,4,0.00501,10.1,2,2,NA,2024,180322,180321
2024-02-06,YW23,136,YK01,61,33,4,0.00483,10.9,2,2,NA,2024,180332,180331
2024-02-06,OB22,180,YR29,102,34,4,0.00603,10.7,2,2,NA,2024,180342,180341
2024-02-06,YY12,156,YS37,113,35,4,0.00431,8.7,3,2,NA,2024,180352,180351
2024-02-06,YK33,60,YV22,127,36,5,0.0049,11,1,2,NA,2024,180362,180361
2024-02-06,YJ26,51,YW31,133,37,5,0.0049,10.8,2,2,NA,2024,180372,180371
2024-02-06,YL10,69,OF01,205,38,5,0.00484,10.7,2,2,NA,2024,180382,180381
2024-02-06,YH20,35,2RN41,248,39,5,0.00247,9.8,2,2,NA,2024,180392,180391
2024-02-09,YL20,70,YC01,11,40,5,0.00368,10.5,3,2,NA,2024,180402,180401
2024-02-09,YJ15,50,YG04,25,41,5,0.00445,10.1,2,3,NA,2024,180412,180411
2024-02-09,YP34,91,YG05,31,42,5,0.00604,10.8,2,3,NA,2024,180422,180421
2024-02-09,YT27,117,YH02,37,43,5,0.00326,10.9,2,2,NA,2024,180432,180431
2024-02-09,YV02,135,YJ41,57,45,6,0.00486,10.9,2,2,NA,2024,180452,180451
2024-02-09,YC25,10,YR16,99,46,6,0.00424,10.7,3,2,NA,2024,180462,180461
2024-02-09,YF60,21,YS07,107,47,6,0.00446,10.8,2,2,NA,2024,180472,180471
2024-02-09,YF58,19,YV20,128,48,6,0.00293,10.8,2,2,NA,2024,180482,180481
2024-02-09,YN03,74,YW34,131,49,6,0.00471,11,2,2,NA,2024,180492,180491
2024-02-09,YY21,157,YW04,134,50,6,0.00469,9.7,2,2,NA,2024,180502,180501
2024-02-09,YG19,29,OA04,170,51,6,0.00571,10.3,4,2,NA,2024,180512,180511
2024-02-13,YV08,129,YA06,4,52,6,0.00655,11.1,3,2,NA,2024,180522,180521
2024-02-13,YS24,111,YA31,5,53,7,0.00627,10.8,2,1,NA,2024,180532,180531
2024-02-13,YR35,105,YC41,9,54,7,0.00443,10.8,2,2,NA,2024,180542,180541
2024-02-13,YY22,158,YH00,34,55,7,0.00276,10,2,3,NA,2024,180552,180551
2024-02-13,YZ19,161,YH68,41,56,7,0.00452,10.9,2,2,NA,2024,180562,180561
2024-02-13,YN16,80,YI65,46,57,7,0.00564,10.7,2,2,NA,2024,180572,180571
2024-02-13,YO28,84,YO08,83,58,7,0.00315,9.7,3,3,NA,2024,180582,180581
2024-02-13,YL23,72,YP11,95,59,7,0.00533,10.2,3,2,NA,2024,180592,180591
2024-02-13,OD01,198,YR17,100,60,7,0.00461,10.1,2,2,NA,2024,180602,180601
2024-02-13,OD06,200,YS09,108,61,8,0.0034,10.6,1,3,NA,2024,180612,180611
2024-02-13,YI81,47,YT34,115,62,8,0.00403,10.9,2,2,NA,2024,180622,180621
2024-02-13,YS18,112,YT18,122,63,8,0.00373,10.3,2,3,NA,2024,180632,180631
2024-02-16,YX15,142,YF35,20,64,8,0.00322,10.4,2,2,NA,2024,180642,180641
2024-02-16,YO24,88,YF64,24,65,8,0.00501,10.3,1,3,NA,2024,180652,180651
2024-02-16,YH23,39,YJ36,56,67,8,0.00526,10.7,3,2,NA,2024,180672,180671
2024-02-16,OC15,187,YV16,124,68,8,0.00277,10.1,2,2,NA,2024,180682,180681
2024-02-16,OB28,185,YJ00,55,69,8,0.01007,11.1,2,2,NA,2024,180692,180691
2024-02-16,YK39,65,YS52,107,70,9,0.00639,11,2,1,NA,2024,180702,180701
2024-02-16,YK25,64,YS08,112,71,9,0.00645,11.1,3,2,NA,2024,180712,180711
2024-02-16,YS43,113,2RN13,248,72,9,0.00254,7.4,2,3,NA,2024,180722,180721
2024-02-20,YP39,97,YO14,86,74,9,0.00545,11,3,2,NA,2024,180742,180741
2024-02-20,YJ69,52,YV18,123,75,9,0.00611,10.6,2,2,NA,2024,180752,180751
2024-02-20,YL35,66,OB09,181,76,9,0.00265,10.1,3,2,NA,2024,180762,180761
2024-02-20,YC58,16,YA36,3,77,9,0.00533,10.7,2,2,NA,2024,180772,180771
2024-02-20,YT35,119,YA00,4,78,9,0.00644,11.4,3,2,NA,2024,180782,180781
2024-02-20,YX16,146,YA32,5,79,10,0.007,11.5,2,2,NA,2024,180792,180791
2024-02-20,OD02,196,YO11,85,81,10,0.00423,10.5,2,2,NA,2024,180812,180811
2024-02-20,YW41,139,YO15,88,82,10,0.00658,10.6,3,2,NA,2024,180822,180821
2024-02-20,YW40,137,YR22,98,83,10,0.00499,11,3,1,NA,2024,180832,180831
2024-02-20,YO25,82,YR26,99,84,10,0.004,10.3,3,2,NA,2024,180842,180841
2024-02-23,OO07,252,YA34,8,86,10,0.00603,10.6,2,3,NA,2024,180862,180861
2024-02-23,OI30,223,YG40,31,88,10,0.00726,10.4,2,2,NA,2024,180882,180881
2024-02-23,OI28,222,YH70,39,89,10,0.00395,10.6,2,2,NA,2024,180892,180891
2024-02-23,OI42,220,YH65,41,90,11,0.00597,10.5,2,2,NA,2024,180902,180901
2024-02-23,YY26,155,YI38,49,91,11,0.0062,11.3,2,2,NA,2024,180912,180911
2024-02-23,YV11,130,YJ76,52,92,11,0.00591,10.7,2,1,NA,2024,180922,180921
2024-02-23,YS49,106,YN08,75,93,11,0.00671,11.3,1,1,NA,2024,180932,180931
2024-02-23,OC14,186,YO17,86,94,11,0.0054,11.2,3,2,NA,2024,180942,180941
2024-02-23,OB25,178,OF09,209,95,11,0.0047,10.3,3,3,NA,2024,180952,180951
2024-02-23,OF12,203,OP27,260,96,11,0.00608,10.6,3,3,NA,2024,180962,180961
2024-02-27,YW27,132,YA98,1,97,11,0.00406,10.7,3,1,NA,2024,180972,180971
2024-02-27,YZ30,165,YG11,25,98,12,0.00415,9.9,2,2,NA,2024,180982,180981
2024-02-27,YZ20,171,YG47,29,99,12,0.00563,8.4,2,1,NA,2024,180992,180991
2024-02-27,YX17,144,YI69,49,100,12,0.00538,11,2,3,NA,2024,181002,181001
2024-02-27,OA10,176,YL48,70,101,12,0.00432,11,2,2,NA,2024,181012,181011
2024-02-27,YX11,149,YL46,71,102,12,0.00502,11.3,2,2,NA,2024,181022,181021
2024-02-27,YZ17,164,YO22,82,103,12,0.00609,10.4,2,1,NA,2024,181032,181031
2024-02-27,OI31,219,YO23,84,104,12,0.00532,9.9,3,2,NA,2024,181042,181041
2024-02-27,OK08,234,YW00,139,105,12,0.00486,10.4,2,3,NA,2024,181052,181051
2024-02-27,OR18,274,OR47,271,107,13,0.00289,9.7,3,2,NA,2024,181072,181071
2024-02-27,OC16,189,OS27,276,108,13,0.00331,9.9,1,3,NA,2024,181082,181081
2024-03-01,OD07,194,YN10,76,109,13,0.00714,11.1,2,2,NA,2024,181092,181091
2024-03-01,OA20,173,YN00,79,110,13,0.00537,10.6,2,1,NA,2024,181102,181101
2024-03-01,OK05,236,OP25,263,112,13,0.00433,11.1,2,2,NA,2024,181122,181121
2024-03-01,OS15,280,OP68,265,113,13,0.00324,10,2,3,NA,2024,181132,181131
2024-03-01,OA11,177,OS22,284,114,13,0.00538,11.2,3,2,NA,2024,181142,181141
2024-03-01,OG02,211,YC42,9,115,13,0.00447,10.6,2,2,NA,2024,181152,181151
2024-03-01,OR04,273,YH71,35,117,14,0.00497,11.3,2,2,NA,2024,181172,181171
2024-03-05,YN32,78,YI44,47,118,14,0.00405,10.6,2,2,NA,2024,181182,181181
2024-03-05,OJ04,228,YL51,69,120,14,0.00404,10.4,2,2,NA,2024,181202,181201
2024-03-05,OJ05,233,YN18,74,121,14,0.00491,11,2,2,NA,2024,181212,181211
2024-03-05,OJ00,231,YN24,79,122,14,0.00374,10.5,2,2,NA,2024,181222,181221
2024-03-05,OJ16,228,YN11,80,123,14,0.00496,10.2,2,2,NA,2024,181232,181231
2024-03-05,OK03,239,YO18,87,124,14,0.00375,11,3,2,NA,2024,181242,181241
2024-03-05,OD08,199,YR23,102,125,14,0.0055,10.6,2,3,NA,2024,181252,181251
2024-03-05,OW00,301,OO00,260,127,15,0.0029,9.7,3,1,NA,2024,181272,181271
2024-03-08,2RP08,214,YA10,7,128,15,0.00759,9.9,2,1,NA,2024,181282,181281
2024-03-08,OJ21,230,YC64,11,129,15,0.00338,10.1,3,3,NA,2024,181292,181291
2024-03-08,OJ23,227,YK75,63,130,15,0.00339,10.1,2,2,NA,2024,181302,181301
2024-03-08,OW05,302,YL68,67,132,15,0.00523,10.2,2,1,NA,2024,181322,181321
2024-03-08,YN30,77,YN19,78,133,15,0.00519,10.7,2,2,NA,2024,181332,181331
2024-03-08,ON12,243,YN23,81,134,15,0.0035,10.2,2,3,NA,2024,181342,181341
2024-03-08,OV08,300,OO57,256,137,15,0.00385,10,3,3,NA,2024,181372,181371
2024-03-12,YN34,76,YC12,10,140,16,0.00411,10.7,2,2,NA,2024,181402,181401
2024-03-12,OT16,293,YC13,14,141,16,0.00447,10.3,2,3,NA,2024,181412,181411
2024-03-12,OW09,304,YF15,19,142,16,0.00639,11,2,1,NA,2024,181422,181421
2024-03-12,OW04,305,YF00,23,143,16,0.00471,10.3,2,2,NA,2024,181432,181431
2024-03-12,YP55,95,YJ70,50,145,16,0.00846,10.4,3,3,NA,2024,181452,181451
2024-03-12,YR58,98,YJ02,56,146,16,0.00285,10.1,3,3,NA,2024,181462,181461
2024-03-12,YO35,86,YK68,63,147,16,0.00755,11.1,2,3,NA,2024,181472,181471
2024-03-12,OW37,307,YR73,99,148,16,0.00437,10.2,3,3,NA,2024,181482,181481
2024-03-12,OJ08,230,YO49,84,149,17,0.00628,10.3,3,3,NA,2024,181492,181491
2024-03-15,OA22,172,YF19,17,150,17,0.00284,10.4,2,1,NA,2024,181502,181501
2024-03-15,ON11,248,YF29,21,151,17,0.0048,10.6,2,2,NA,2024,181512,181511
2024-03-15,OG07,213,YI06,45,152,17,0.00393,10.2,2,2,NA,2024,181522,181521
2024-03-15,OX14,313,YK67,64,153,17,0.00298,10,2,3,NA,2024,181532,181531
2024-03-15,OZ10,319,YO51,83,154,17,0.00352,9.7,3,3,NA,2024,181542,181541
2024-03-15,OX10,310,OA16,170,155,17,0.00541,9.6,4,3,NA,2024,181552,181551
2024-03-15,OT03,292,OC18,187,156,17,0.00443,9.9,2,2,NA,2024,181562,181561
2024-03-15,YL53,73,OF07,209,157,18,0.00361,10.2,3,2,NA,2024,181572,181571
2024-03-15,OJ01,226,OS36,280,158,18,0.00376,9.6,3,1,NA,2024,181582,181581
2024-03-19,YX20,141,YC45,16,159,18,0.00488,10.2,2,2,NA,2024,181592,181591
2024-03-19,OF23,202,YN17,81,160,18,0.00618,10.6,2,2,NA,2024,181602,181601
2024-03-19,YO38,89,YO73,87,161,18,0.00746,10.5,3,1,NA,2024,181612,181611
2024-03-19,OI62,218,YP61,91,162,18,0.00373,10.3,3,2,NA,2024,181622,181621
2024-03-19,OX07,312,YT16,118,163,18,0.0073,9.9,2,2,NA,2024,181632,181631
2024-03-19,OJ11,232,ON19,237,164,18,0.00394,9.8,2,2,NA,2024,181642,181641
2024-03-19,OG10,212,ON20,246,165,19,0.00461,10.5,3,1,NA,2024,181652,181651
2024-03-19,OC22,190,ON22,248,166,19,0.00461,10.8,2,1,NA,2024,181662,181661
2024-03-19,YT46,121,OR33,268,167,19,0.00675,10.1,3,2,NA,2024,181672,181671
2024-03-19,OZ23,324,OR36,271,168,19,0.00604,9.7,3,3,NA,2024,181682,181681
2024-03-19,OX31,314,OR30,272,169,19,0.00456,9.9,3,2,NA,2024,181692,181691
2024-03-19,OO63,259,OZ34,319,171,19,0.00416,10.4,3,3,NA,2024,181712,181711
2024-03-22,OZ24,323,YA73,1,172,19,0.00629,10,3,3,NA,2024,181722,181721
2024-03-22,OT00,291,YL63,66,173,19,0.00413,10.3,2,2,NA,2024,181732,181731
2024-03-22,OP56,262,YP59,92,174,20,0.00373,10.5,2,3,NA,2024,181742,181741
2024-03-22,OO39,251,YP96,96,175,20,0.00466,11.1,3,2,NA,2024,181752,181751
2024-03-22,ON26,250,YR67,103,176,20,0.00521,10,2,3,NA,2024,181762,181761
2024-03-22,OP59,261,YX00,150,177,20,0.004,10.3,3,2,NA,2024,181772,181771
2024-03-22,OT36,290,YY00,157,178,20,0.00533,9.8,2,2,NA,2024,181782,181781
2024-03-22,OW29,303,ON16,247,179,20,0.00276,10.3,2,1,NA,2024,181792,181791
2024-03-22,OO40,255,OS25,284,180,20,0.00513,11.1,3,1,NA,2024,181802,181801
2024-03-26,YZ49,168,YH42,33,181,20,0.0045,10.6,2,1,NA,2024,181812,181811
2024-03-26,YZ52,162,YL75,72,182,21,0.00622,10,2,2,NA,2024,181822,181821
2024-03-26,OD19,195,YP89,95,184,21,0.00439,10.3,3,2,NA,2024,181842,181841
2024-03-26,OI84,224,OR51,283,185,21,0.00495,10.9,2,2,NA,2024,181852,181851
2024-03-26,OC36,192,OS34,284,186,21,0.00527,11.1,3,1,NA,2024,181862,181861
2024-03-26,OS14,282,OT52,290,187,21,0.00583,10,2,2,NA,2024,181872,181871
2024-03-26,OR61,269,OV46,297,188,21,0.00336,10.7,2,2,NA,2024,181882,181881
2024-03-26,OS17,278,OV55,300,189,21,0.0025,10.3,3,1,NA,2024,181892,181891
2024-03-26,OS18,279,OX27,314,190,21,0.00531,10.3,2,1,NA,2024,181902,181901
2024-03-26,OP48,264,OZ03,318,191,22,0.00553,10.2,1,2,NA,2024,181912,181911
2024-03-28,OS16,277,YN22,77,192,22,0.00379,10.7,2,2,NA,2024,181922,181921
2024-03-28,OK32,235,YS32,110,193,22,0.00509,10.3,2,2,NA,2024,181932,181931
2024-03-28,OR19,275,OB11,178,194,22,0.00564,10.9,3,1,NA,2024,181942,181941
2024-03-28,OF16,204,OB36,181,195,22,0.00343,10.2,3,3,NA,2024,181952,181951
2024-03-28,OT60,285,OF13,202,196,22,0.00423,10.4,2,1,NA,2024,181962,181961
2024-03-28,OV06,286,OF29,207,197,22,0.00243,9.9,3,2,NA,2024,181972,181971
2024-03-28,OP71,267,OK37,239,198,22,0.00397,10.4,2,2,NA,2024,181982,181981
2024-03-28,OV62,294,OT56,287,199,23,0.00874,9.8,3,2,NA,2024,181992,181991
2024-03-28,OT63,289,OX26,311,200,23,0.00485,10.2,2,2,NA,2024,182002,182001
2024-04-02,OO81,254,YI16,48,201,23,0.00593,10.8,2,3,NA,2024,182012,182011
2024-04-02,YX54,147,YJ13,53,202,23,0.00425,10.6,3,2,NA,2024,182022,182021
2024-04-02,OK56,240,YJ77,57,203,23,0.00299,10.2,2,3,NA,2024,182032,182031
2024-04-02,YR89,104,YK46,61,204,23,0.00496,10.9,2,1,NA,2024,182042,182041
2024-04-02,OV59,296,YT19,129,205,23,0.00217,9.5,2,2,NA,2024,182052,182051
2024-04-02,OW13,306,YW33,133,206,23,0.00437,9.9,2,3,NA,2024,182062,182061
2024-04-02,OV60,295,OA03,169,207,24,0.00483,10.4,3,2,NA,2024,182072,182071
2024-04-02,OZ27,320,OA00,180,208,24,0.00308,10.5,2,3,NA,2024,182082,182081
2024-04-02,OX39,315,OK36,238,209,24,0.00548,10.6,2,1,NA,2024,182092,182091
2024-04-02,OX45,316,OR69,273,210,24,0.00503,10.6,2,1,NA,2024,182102,182101
2024-04-02,YG67,28,OT71,289,212,24,0.00343,9.2,2,2,NA,2024,182122,182121
2024-04-02,YA81,2,OZ37,317,213,24,0.00509,11.1,4,2,NA,2024,182132,182131
2024-04-05,OZ48,317,YJ43,58,214,24,0.00492,10.7,2,4,NA,2024,182142,182141
2024-04-05,OW45,307,YT39,122,215,24,0.0037,9.6,2,3,NA,2024,182152,182151
2024-04-05,OX28,310,OC32,191,216,25,0.00483,10.1,2,3,NA,2024,182162,182161
2024-04-05,OX43,313,OK45,235,217,25,0.0035,9.2,2,3,NA,2024,182172,182171
2024-04-05,OV79,294,ON18,243,218,25,0.00292,9.8,3,2,NA,2024,182182,182181
2024-04-05,OV73,296,OV78,291,219,25,0.00287,9.6,2,2,NA,2024,182192,182191
2024-04-05,ON10,251,OZ39,324,220,25,0.00368,10.2,3,2,NA,2024,182202,182201
2024-04-05,YG52,27,OX25,311,221,25,0.00446,10.8,2,2,NA,2024,182212,182211
2024-04-09,YY40,159,YJ07,54,222,25,0.00469,10.7,2,3,NA,2024,182222,182221
2024-04-09,OI96,225,YL69,68,224,25,0.00312,10.4,2,1,NA,2024,182242,182241
2024-04-09,OB65,182,YL77,73,225,26,0.00277,10.1,2,1,NA,2024,182252,182251
2024-04-09,OD36,197,YR80,101,226,26,0.00305,10.3,3,2,NA,2024,182262,182261
2024-04-09,ON35,249,YT23,117,227,26,0.0049,10.5,2,2,NA,2024,182272,182271
2024-04-09,OZ44,321,OA05,176,228,26,0.00419,9.4,2,3,NA,2024,182282,182281
2024-04-09,YW36,131,OK68,237,229,26,0.00357,10.4,2,2,NA,2024,182292,182291
2024-04-09,YF04,20,OK67,238,230,26,0.00609,10.9,2,2,NA,2024,182302,182301
2024-04-09,YW25,136,OP82,261,231,26,0.00572,10.8,2,2,NA,2024,182312,182311
2024-04-12,OI91,218,YA76,4,232,26,0.00484,11.1,3,2,NA,2024,182322,182321
2024-04-12,OC25,189,YO57,85,234,27,0.00441,10.7,2,3,NA,2024,182342,182341
2024-04-12,OD40,196,YO56,87,235,27,0.00346,10.5,3,2,NA,2024,182352,182351
2024-04-12,OF49,207,YO62,88,236,27,0.00404,10.2,3,3,NA,2024,182362,182361
2024-04-12,OV65,293,YP64,91,237,27,0.00341,9.8,3,3,NA,2024,182372,182371
2024-04-12,OV61,292,YP92,93,238,27,0.0031,9.7,2,2,NA,2024,182382,182381
2024-04-12,OW38,305,ON81,96,239,27,0.00499,10.4,3,2,NA,2024,182392,182391
2024-04-12,OV66,297,YW32,135,240,27,0.00416,10.9,2,2,NA,2024,182402,182401
2024-04-12,OK57,234,OI79,223,241,27,0.00434,9.7,2,3,NA,2024,182412,182411
2024-04-12,YT61,119,OK63,247,242,28,0.00477,10.7,2,2,NA,2024,182422,182421
2024-04-12,YT36,115,OV45,295,243,28,0.00364,10.4,2,2,NA,2024,182432,182431
2024-04-16,YT84,114,YI02,43,245,28,0.00327,10.4,2,3,NA,2024,182452,182451
2024-04-16,ON45,90,YP66,97,246,28,0.00425,10.4,2,2,NA,2024,182462,182461
2024-04-16,OG44,215,YR70,100,247,28,0.00403,9.9,2,3,NA,2024,182472,182471
2024-04-16,YC55,11,YX49,149,248,28,0.00384,10.8,2,3,NA,2024,182482,182481
2024-04-16,YG76,32,YY51,159,249,28,0.00414,11,3,2,NA,2024,182492,182491
2024-04-16,YT44,121,YZ81,161,250,28,0.00382,10.1,2,2,NA,2024,182502,182501
2024-04-16,OO76,252,OA28,174,251,29,0.00521,10.5,1,3,NA,2024,182512,182511
2024-04-16,ON02,246,OC33,191,252,29,0.00455,10.4,2,3,NA,2024,182522,182521
2024-04-16,OG11,211,OC31,193,253,29,0.00398,10.2,1,2,NA,2024,182532,182531
2024-04-16,OG18,213,OD17,194,254,29,0.00352,10.9,2,2,NA,2024,182542,182541
2024-04-16,OD49,199,OG04,214,255,29,0.00634,10.4,2,3,NA,2024,182552,182551
2024-04-19,OT70,287,YH67,36,257,29,0.00374,10.6,1,3,NA,2024,182572,182571
2024-04-19,OG46,217,YJ31,50,258,29,0.00416,10,3,3,NA,2024,182582,182581
2024-04-19,OP95,263,YX43,141,259,29,0.00543,10.8,2,2,NA,2024,182592,182591
2024-04-19,OR62,319,YZ40,165,260,30,0.00277,9.8,2,3,NA,2024,182602,182601
2024-04-19,OZ45,320,OB53,179,261,30,0.00369,10.5,2,3,NA,2024,182612,182611
2024-04-19,OR58,269,OI77,222,263,30,0.00257,10,2,2,NA,2024,182632,182631
2024-04-19,OI70,220,OO70,259,264,30,0.00419,10.1,3,2,NA,2024,182642,182641
2024-04-19,OD34,198,OP81,262,265,30,0.00356,10.3,3,2,NA,2024,182652,182651
2024-04-19,OB31,185,OR70,268,266,30,0.0034,10.5,3,2,NA,2024,182662,182661
2024-04-19,OD51,197,YY33,159,267,30,0.00312,10.4,3,2,NA,2024,182672,182671
2024-04-19,OK65,236,OZ38,324,268,30,0.00527,10.4,3,2,NA,2024,182682,182681
2024-04-23,OT90,288,YK07,59,269,31,0.00402,10.4,2,1,NA,2024,182692,182691
2024-04-23,OJ46,231,YT75,114,270,31,0.02012,10.1,3,2,NA,2024,182702,182701
2024-04-23,OT72,286,YX25,144,271,31,0.00623,9.9,3,2,NA,2024,182712,182711
2024-04-23,YC30,12,YX89,150,272,31,0.00545,10.1,3,2,NA,2024,182722,182721
2024-04-23,OO94,256,YY64,151,273,31,0.00362,10.1,2,3,NA,2024,182732,182731
2024-04-23,YY24,155,OB42,181,274,31,0.00496,10.4,3,2,NA,2024,182742,182741
2024-04-23,OJ02,227,OD15,201,276,31,0.00439,10.5,2,2,NA,2024,182762,182761
2024-04-23,OI81,224,OR42,260,277,31,0.00333,10.9,3,2,NA,2024,182772,182771
2024-04-23,YY78,158,ON17,243,279,32,0.00268,9.4,3,3,NA,2024,182792,182791
2024-04-26,YI77,46,OB39,183,280,32,0.00421,11,1,2,NA,2024,182802,182801
2024-04-26,YV39,124,OZ52,320,281,32,0.00412,10.2,3,2,NA,2024,182812,182811
2024-04-26,ON67,90,YX81,146,282,32,0.00682,11,2,2,NA,2024,182822,182821
2024-04-26,OF92,204,YZ55,160,283,32,0.00358,9.9,2,3,NA,2024,182832,182831
2024-04-26,OA08,184,OA25,177,284,32,0.02169,11.1,2,3,NA,2024,182842,182841
2024-04-26,OR78,274,OF73,204,285,32,0.00553,10.2,3,2,NA,2024,182852,182851
2024-04-26,YC51,15,OG03,215,286,32,0.00573,10.5,3,2,NA,2024,182862,182861
2024-04-26,YR86,105,OS28,277,287,33,0.00421,10.5,2,2,NA,2024,182872,182871
2024-04-26,YJ21,51,YH09,34,288,33,0.00587,11.3,2,2,NA,2024,182882,182881
2024-04-26,OR98,272,YZ74,169,289,33,0.00334,10.4,3,3,NA,2024,182892,182891
2024-04-26,OD32,186,OV50,293,290,33,0.00359,9.9,3,2,NA,2024,182902,182901
2024-04-30,YI92,245,OG06,216,291,33,0.00581,11.3,2,1,NA,2024,182912,182911
2024-04-30,OO53,258,YJ05,55,292,33,0.00474,10.8,2,1,NA,2024,182922,182921
2024-04-30,YK92,203,YS11,109,293,33,0.00304,10.7,2,3,NA,2024,182932,182931
2024-04-30,OF97,205,YX79,142,294,33,0.00338,10.4,2,2,NA,2024,182942,182941
2024-04-30,YK87,206,YX33,147,295,34,0.00452,10.6,2,2,NA,2024,182952,182951
2024-04-30,YV33,128,YZ77,162,296,34,0.00515,10,2,2,NA,2024,182962,182961
2024-04-30,YS86,166,OD57,195,297,34,0.00493,10.1,2,2,NA,2024,182972,182971
2024-04-30,OV17,308,OG05,214,298,34,0.00363,10.4,2,2,NA,2024,182982,182981
2024-04-30,YW05,134,OG33,217,299,34,0.00325,9.9,3,2,NA,2024,182992,182991
2024-04-30,YY96,156,OK52,240,300,34,0.00497,10,3,2,NA,2024,183002,183001
2024-04-30,YV41,125,OS21,283,301,34,0.00524,10.9,2,2,NA,2024,183012,183011
2024-04-30,OS33,282,OX59,312,302,34,0.00493,9.8,2,2,NA,2024,183022,183021
2024-05-03,OZ18,323,YH03,37,303,35,0.00314,10.5,2,3,NA,2024,183032,183031
2024-05-03,OW43,306,YT78,116,304,35,0.00546,10.5,1,3,NA,2024,183042,183041
2024-05-03,OZ66,321,YZ57,170,305,35,0.00241,9.1,4,3,NA,2024,183052,183051
2024-05-03,OC06,188,OA31,175,306,35,0.00579,10.8,1,2,NA,2024,183062,183061
2024-05-03,OO92,254,OD13,201,307,35,0.00498,11.1,2,3,NA,2024,183072,183071
2024-05-03,YH83,38,OG68,215,308,35,0.00566,10.9,3,2,NA,2024,183082,183081
2024-05-03,OD35,200,OG57,217,309,35,0.00356,9.9,3,3,NA,2024,183092,183091
2024-05-03,YI91,250,OJ43,232,310,35,0.00505,9.9,2,3,NA,2024,183102,183101
2024-05-03,YK40,62,OK62,249,311,36,0.0053,10.6,2,2,NA,2024,183112,183111
2024-05-07,YK91,206,YJ78,56,313,36,0.00337,10.2,3,2,NA,2024,183132,183131
2024-05-07,OJ29,230,YY88,154,314,36,0.0065,10.4,2,3,NA,2024,183142,183141
2024-05-07,OJ03,233,YZ79,166,315,36,0.00732,10.5,2,2,NA,2024,183152,183151
2024-05-07,OI82,219,OC28,189,316,36,0.00423,10,3,2,NA,2024,183162,183161
2024-05-07,YG93,265,OG24,216,317,36,0.00595,10.9,2,2,NA,2024,183172,183171
2024-05-07,YH86,158,OP66,267,318,36,0.00358,9.6,2,3,NA,2024,183182,183181
2024-05-07,YK61,60,YC71,272,319,36,0.00674,10.5,3,2,NA,2024,183192,183191
2024-05-07,OA18,170,OW40,308,321,37,0.0037,10,2,4,NA,2024,183212,183211
2024-05-10,2RX02,WT,YV55,254,322,37,0,5.9,3,2,NA,2024,183222,183221
2024-05-10,2RO15,294,YX48,144,323,37,0.00668,9.5,3,1,NA,2024,183232,183231
2024-05-10,ON01,246,OB40,178,324,37,0.00544,10.2,3,3,NA,2024,183242,183241
2024-05-10,YV36,123,OD54,199,327,37,0.00469,10.3,3,2,NA,2024,183272,183271
2024-05-10,OV82,300,YV61,256,329,37,0.00385,10,3,3,NA,2024,183292,183291
2024-05-10,OZ74,321,YV65,259,330,37,0.00291,9.6,3,3,NA,2024,183302,183301
2024-05-14,OD87,210,YS95,271,331,37,0.00538,10.4,3,2,NA,2024,183312,183311
2024-05-14,OK96,234,YS06,112,332,38,0.00384,10.4,3,3,NA,2024,183322,183321
2024-05-14,OZ96,317,YT72,114,333,38,0.00426,10.2,3,4,NA,2024,183332,183331
2024-05-14,OX49,310,OB43,184,335,38,0.00371,10.1,3,3,NA,2024,183352,183351
2024-05-14,OZ81,323,OF78,203,336,38,0.00482,9.6,3,3,NA,2024,183362,183361
2024-05-14,OZ46,317,YK79,207,337,38,0.00483,10.3,3,4,NA,2024,183372,183371
2024-05-14,YO66,83,OC47,209,338,38,0.00607,9.8,3,3,NA,2024,183382,183381
2024-05-14,OW36,307,YV54,252,339,38,0.00418,10.3,3,3,NA,2024,183392,183391
2024-05-14,YR75,101,OR71,268,340,38,0.0032,10.1,3,3,NA,2024,183402,183401
2024-05-14,OX00,313,OT41,287,341,39,0.00447,9.4,3,3,NA,2024,183412,183411
2024-05-14,OP52,264,OV99,306,342,39,0.00609,10.2,3,2,NA,2024,183422,183421
2024-05-17,OD53,200,OA35,150,343,39,0.00528,10,3,3,NA,2024,183432,183431
2024-05-17,OS10,280,OB72,154,344,39,0.00363,9.9,2,3,NA,2024,183442,183441
2024-05-17,YJ62,53,OJ86,240,346,39,0.01414,10,3,3,NA,2024,183462,183461
2024-05-17,YG78,262,ON95,250,347,39,0.00358,10.4,3,3,NA,2024,183472,183471
2025-01-31,RE14,41,RB01,16,1,1,0.00483,11.6,3,3,,2025,190012,190011
2025-01-31,YL15,95,YC13,20,2,1,0.00484,11.7,3,3,,2025,190022,190021
2025-01-31,YD24,29,YC08,27,3,1,0.00528,11.8,2,3,,2025,190032,190031
2025-01-31,YD20,35,YD07,31,4,1,0.00401,10.8,3,3,,2025,190042,190041
2025-01-31,YB00,17,RD05,32,5,1,0.00425,10.4,2,3,,2025,190052,190051
2025-01-31,RJ10,182,RF07,48,6,1,0.00528,11.4,3,1,,2025,190062,190061
2025-01-31,YN08,103,YH01,59,7,1,0.00408,11.3,3,3,,2025,190072,190071
2025-01-31,YV11,157,YJ06,70,8,1,0.00477,11.6,2,3,,2025,190082,190081
2025-01-31,YK06,84,YP00,117,9,2,0.00546,11.8,3,2,,2025,190092,190091
2025-01-31,YR13,127,RK05,195,11,2,0.00438,11,2,3,,2025,190112,190111
2025-01-31,YT17,154,RK04,198,12,2,0.0042,11.1,3,3,,2025,190122,190121
2025-01-31,RE11,39,RL01,199,13,2,0.00423,10.8,2,3,,2025,190132,190131
2025-01-31,RJ07,189,RM04,212,15,2,0.00367,10.7,3,1,,2025,190152,190151
2025-02-01,RE12,37,YT05,155,81,Unknown,0.00537,11.2,1,3,Cross failed.,2025,190812,190811
2025-02-01,YI12,61,RM01,208,85,Unknown,0.00483,11.5,3,2,Cross failed.,2025,190852,190851
2025-02-04,YJ17,72,RC15,23,16,2,0.00467,10.2,3,3,,2025,190162,190161
2025-02-04,YN31,99,RC18,27,17,2,0.00429,10.6,2,3,,2025,190172,190171
2025-02-04,YS09,146,RD04,31,18,2,0.00461,11.5,3,2,,2025,190182,190181
2025-02-04,RI06,76,RE03,42,19,3,0.00554,11.4,3,3,,2025,190192,190191
2025-02-04,YO06,107,RH02,68,20,3,0.00511,10.9,3,3,,2025,190202,190201
2025-02-04,YD26,30,RI05,74,21,3,0.00494,11.5,2,4,,2025,190212,190211
2025-02-04,RL03,205,RJ03,186,22,3,0.00526,11.3,2,2,,2025,190222,190221
2025-02-04,RA10,8,YL23,90,24,3,0.00524,11.6,3,2,,2025,190242,190241
2025-02-04,RH12,62,YT02,153,26,3,0.00475,11.4,1,3,,2025,190262,190261
2025-02-04,RB17,15,YK20,82,97,Unknown,0.0045,11.8,3,3,Cross failed.,2025,190972,190971
2025-02-04,RJ13,185,YR21,127,100,Unknown,0.00419,11.3,3,3,Cross failed.,2025,191002,191001
2025-02-07,YI19,67,RC11,20,27,3,0.00551,11.9,3,3,,2025,190272,190271
2025-02-07,RO09,231,RE06,42,28,3,0.00573,11.8,3,2,,2025,190282,190281
2025-02-07,YK10,89,RG02,57,29,4,0.00444,11.6,2,3,,2025,190292,190291
2025-02-07,RF13,50,RG08,56,31,4,0.00536,11.3,3,3,,2025,190312,190311
2025-02-07,YH11,60,RK01,192,32,4,0.00483,11.4,3,3,,2025,190322,190321
2025-02-07,YH16,54,YC06,19,33,4,0.00591,11.9,4,2,,2025,190332,190331
2025-02-07,YK07,83,YI00,63,34,4,0.0057,11.7,2,2,,2025,190342,190341
2025-02-07,YG06,51,YP21,123,35,4,0.00543,11.2,3,2,,2025,190352,190351
2025-02-07,YD22,34,YR05,130,36,4,0.00548,11.4,2,3,,2025,190362,190361
2025-02-07,YL30,92,RG03,53,105,Unknown,0.00511,11.8,0,3,Cross failed.,2025,191052,191051
2025-02-11,RI10,64,RA45,2,37,4,0.00545,11.5,2,2,,2025,190372,190371
2025-02-11,RC47,22,YA26,8,38,5,0.0047,11.5,2,2,,2025,190382,190381
2025-02-11,YX06,168,RB25,13,39,5,0.0049,11.7,3,3,,2025,190392,190391
2025-02-11,YG01,47,RB21,17,40,5,0.00425,10.7,3,2,,2025,190402,190401
2025-02-11,YL24,96,RC17,23,41,5,0.00597,11.8,3,3,,2025,190412,190411
2025-02-11,YZ06,176,YC01,24,42,5,0.0047,11.4,3,3,,2025,190422,190421
2025-02-11,RK25,197,RD26,28,43,5,0.00523,11.4,4,3,,2025,190432,190431
2025-02-11,YX07,169,RF01,48,44,5,0.00893,11.3,3,3,,2025,190442,190441
2025-02-11,YZ05,179,YP01,123,45,5,0.00564,11.3,3,3,,2025,190452,190451
2025-02-12,RK11,191,YS22,143,122,Unknown,0.00514,11.2,2,1,Cross failed.,2025,191222,191221
2025-02-12,YP13,118,RL09,200,123,Unknown,0.00469,11.4,3,2,Cross failed.,2025,191232,191231
2025-02-12,YF10,40,RM08,208,124,Unknown,0.00541,11.5,3,3,Cross failed.,2025,191242,191241
2025-02-12,YS10,147,RN00,220,128,Unknown,0.00542,11.7,3,2,Cross failed.,2025,191282,191281
2025-02-14,YI17,65,RB04,15,50,6,0.00516,11.6,3,3,,2025,190502,190501
2025-02-18,RG12,58,RA40,7,52,6,0.00434,11.3,3,2,,2025,190522,190521
2025-02-18,YT09,151,RB30,13,53,6,0.00504,12.1,3,2,,2025,190532,190531
2025-02-18,2OD64,210,RK34,193,54,6,0.00537,11.2,2,2,,2025,190542,190541
2025-02-18,RA07,4,YJ03,74,55,6,0.0065,11.9,2,2,,2025,190552,190551
2025-02-18,2GA31,242,RO03,225,130,Unknown,0.0064,10.7,2,1,Cross failed.,2025,191302,191301
2025-02-21,RO05,230,RA48,2,56,6,0.00584,11.7,2,1,,2025,190562,190561
2025-02-21,YV24,159,RA44,7,57,6,0.00529,11.5,3,3,,2025,190572,190571
2025-02-21,YL33,91,RB20,13,58,6,0.00573,12.4,3,2,,2025,190582,190581
2025-02-21,YR11,133,RD24,28,59,7,0.00646,11.8,4,2,,2025,190592,190591
2025-02-21,RC00,26,RD29,32,60,7,0.00472,11.4,2,2,,2025,190602,190601
2025-02-21,YK54,82,RE24,36,61,7,0.00475,11.8,2,3,,2025,190612,190611
2025-02-21,YV14,162,RE21,39,62,7,0.00417,11.1,3,3,,2025,190622,190621
2025-02-21,YN44,101,RE02,42,63,7,0.0058,11.9,3,1,,2025,190632,190631
2025-02-21,YT27,155,RE28,43,64,7,0.00483,11.2,3,1,,2025,190642,190641
2025-02-21,RE46,37,RF27,50,65,7,0.00396,11.2,3,3,,2025,190652,190651
2025-02-21,RH33,69,RG07,55,66,7,0.00561,11.5,3,1,,2025,190662,190661
2025-02-21,YP02,120,RG10,56,67,8,0.00608,11.6,3,3,,2025,190672,190671
2025-02-21,YK33,79,RG24,59,69,8,0.00569,11.8,3,3,,2025,190692,190691
2025-02-21,RO07,229,RG22,60,70,8,0.006,11.3,3,1,,2025,190702,190701
2025-02-21,RM06,208,RH23,61,71,8,0.00483,11.5,2,3,,2025,190712,190711
2025-02-21,YS27,140,YI02,67,72,8,0.00463,11.7,3,1,,2025,190722,190721
2025-02-21,YK63,86,YL04,92,76,8,0.0055,11.7,3,2,,2025,190762,190761
2025-02-21,YP14,121,YN02,100,77,8,0.00672,12,3,1,,2025,190772,190771
2025-02-21,RF42,46,YN42,104,78,8,0.00586,11.3,3,3,,2025,190782,190781
2025-02-21,YP30,125,YO15,109,79,9,0.00613,11.8,2,2,,2025,190792,190791
2025-02-21,YT19,150,YT07,149,80,9,0.00615,11.4,2,2,,2025,190802,190801
2025-02-21,YN06,98,RM02,207,81,9,0.0052,11.2,2,2,,2025,190812,190811
2025-02-21,YS08,147,RC20,24,82,9,0.00622,11.9,3,2,,2025,190822,190821
2025-02-22,YO09,115,RG34,58,147,Unknown,0.00541,11.2,2,2,Cross failed.,2025,191472,191471
2025-02-22,RF15,45,YK21,81,152,Unknown,0.00459,11.7,2,2,Cross failed.,2025,191522,191521
2025-02-22,RJ30,185,YL43,90,157,Unknown,0.00537,11.7,3,3,Cross failed.,2025,191572,191571
2025-02-22,RI40,71,YK19,83,158,Unknown,0.0057,12,2,2,Cross failed.,2025,191582,191581
2025-02-25,RL07,200,RB24,12,83,9,0.00689,11.8,2,3,,2025,190832,190831
2025-02-25,YP44,118,YS35,148,84,9,0.00382,11.4,3,2,,2025,190842,190841
2025-02-25,2GA44,242,YN01,102,86,9,0.00476,11.4,2,1,,2025,190862,190861
2025-02-25,YP35,124,YO03,114,87,9,0.0051,12.1,3,3,,2025,190872,190871
2025-02-25,RA11,5,YP20,120,88,10,0.00552,12,3,1,,2025,190882,190881
2025-02-25,YK14,88,YP37,122,89,10,0.00534,11.5,3,2,,2025,190892,190891
2025-02-25,RN03,221,YS02,142,90,10,0.00665,11.9,1,3,,2025,190902,190901
2025-02-25,RD64,33,RM20,213,91,10,0.00592,12,2,2,,2025,190912,190911
2025-02-25,RA29,6,RI20,72,92,10,0.00284,10.1,3,4,,2025,190922,190921
2025-02-25,YF09,40,RD59,35,93,10,0.00463,10.6,3,3,,2025,190932,190931
2025-02-25,YX14,173,RE25,41,94,10,0.00471,11.2,3,3,,2025,190942,190941
2025-02-25,YX03,166,RD25,30,95,10,0.00479,11.4,4,2,,2025,190952,190951
2025-02-25,YZ08,174,RK02,197,96,10,0.00497,11.2,3,2,,2025,190962,190961
2025-02-25,YO25,113,RO00,225,166,Unknown,0.00431,11,2,2,Cross failed.,2025,191662,191661
2025-02-28,RF37,52,RA42,6,97,11,0.00756,11.9,4,1,,2025,190972,190971
2025-02-28,RK20,196,RA55,9,98,11,0.0065,11.3,2,2,,2025,190982,190981
2025-02-28,YS28,141,RC12,26,99,11,0.00507,11.5,2,2,,2025,190992,190991
2025-02-28,RI46,75,RD08,29,100,11,0.00533,11.7,3,1,,2025,191002,191001
2025-02-28,YL18,94,RE09,37,101,11,0.00591,12,3,1,,2025,191012,191011
2025-02-28,YR32,132,RF25,45,102,11,0.00508,11.6,2,2,,2025,191022,191021
2025-02-28,YX12,165,RF17,51,103,11,0.00496,11.4,2,1,,2025,191032,191031
2025-02-28,RB47,14,RG33,55,104,11,0.00501,11.6,3,1,,2025,191042,191041
2025-02-28,YO48,108,YZ11,176,106,12,0.0049,11,3,2,,2025,191062,191061
2025-02-28,YV22,160,RK33,198,107,12,0.00569,11.5,3,1,,2025,191072,191071
2025-02-28,RB50,18,RL12,218,108,12,0.00532,11.1,3,3,,2025,191082,191081
2025-03-02,YX13,172,YL01,92,187,Unknown,0.00522,11.4,3,2,Cross failed.,2025,191872,191871
2025-03-04,YK73,81,RB22,15,109,12,0.00423,11.7,3,2,,2025,191092,191091
2025-03-04,RI07,71,RB68,12,110,12,0.00579,12.2,2,2,,2025,191102,191101
2025-03-04,RJ37,185,RD54,34,111,12,0.00902,11.8,3,3,,2025,191112,191111
2025-03-04,RI08,78,RE01,41,112,12,0.00733,11.7,3,2,,2025,191122,191121
2025-03-04,YX05,167,RE08,43,113,12,0.00505,11.5,3,2,,2025,191132,191131
2025-03-04,YZ14,178,RE31,38,114,13,0.00462,11.3,2,3,,2025,191142,191141
2025-03-04,YO46,112,RF43,47,116,13,0.00578,11.9,2,3,,2025,191162,191161
2025-03-04,RA73,1,YS03,145,118,13,0.00598,11.8,3,2,,2025,191182,191181
2025-03-04,YO31,115,RE32,36,194,Unknown,0.00592,11.8,2,2,Cross failed.,2025,191942,191941
2025-03-04,YL31,93,YK50,88,197,Unknown,0.00561,11.9,2,1,Cross failed.,2025,191972,191971
2025-03-07,YN20,99,RA53,7,119,13,0.004,10.6,3,3,,2025,191192,191191
2025-03-07,YO24,113,RD27,30,120,13,0.0056,11,4,2,,2025,191202,191201
2025-03-07,RB41,11,RF23,48,121,13,0.00682,12.1,3,3,,2025,191212,191211
2025-03-07,RK06,194,RG30,54,122,13,0.00563,11.8,2,3,,2025,191222,191221
2025-03-07,YK55,86,RG52,59,123,13,0.00504,11.4,3,2,,2025,191232,191231
2025-03-07,YX16,172,RJ19,188,124,14,0.00595,11.4,3,2,,2025,191242,191241
2025-03-07,YR60,134,YS20,148,125,14,0.00449,11.2,3,3,,2025,191252,191251
2025-03-07,YL11,92,RG20,55,126,14,0.00512,11.3,3,3,,2025,191262,191261
2025-03-11,YO27,107,RA58,6,127,14,0.00508,11.2,4,3,,2025,191272,191271
2025-03-11,RL10,199,RC32,24,128,14,0.00458,11.3,3,2,,2025,191282,191281
2025-03-11,YZ17,179,RC51,20,129,14,0.00557,11.7,3,3,,2025,191292,191291
2025-03-11,RK15,195,RD20,28,130,14,0.00515,11.6,4,2,,2025,191302,191301
2025-03-11,YR33,130,RD52,34,131,14,0.00548,11.4,3,2,,2025,191312,191311
2025-03-11,RH29,65,RE56,37,132,15,0.00491,11.6,3,3,,2025,191322,191321
2025-03-11,RB11,11,RE58,36,133,15,0.00646,12.2,2,3,,2025,191332,191331
2025-03-11,YN38,103,YL00,90,134,15,0.00496,11.4,3,3,,2025,191342,191341
2025-03-11,RG41,58,YO14,115,135,15,0.00541,11.2,2,2,,2025,191352,191351
2025-03-11,YO26,113,YO42,114,136,15,0.00515,11.6,3,2,,2025,191362,191361
2025-03-11,YT23,154,YP15,123,137,15,0.00389,10.9,3,3,,2025,191372,191371
2025-03-14,YN04,102,RB03,18,138,15,0.00548,11.8,3,2,,2025,191382,191381
2025-03-14,RH13,64,RC72,23,139,15,0.00569,11.7,3,2,,2025,191392,191391
2025-03-14,RI18,76,RC82,19,140,16,0.00551,11.6,4,3,,2025,191402,191401
2025-03-14,YK37,82,RD21,35,141,16,0.00397,10.7,3,3,,2025,191412,191411
2025-03-14,RM05,208,RE55,40,142,16,0.00541,11.5,3,3,,2025,191422,191421
2025-03-14,RK22,192,RG87,60,143,16,0.00483,11.4,3,3,,2025,191432,191431
2025-03-14,RC69,22,YV20,157,144,16,0.00507,11.3,3,2,,2025,191442,191441
2025-03-18,RM12,200,RB29,15,145,16,0.00467,11.6,3,3,,2025,191452,191451
2025-03-18,YV46,164,RG85,57,147,16,0.0049,11.3,2,3,,2025,191472,191471
2025-03-18,YL74,93,RH00,68,148,16,0.00555,11.7,3,1,,2025,191482,191481
2025-03-18,YZ28,177,YK46,89,149,17,0.00543,11.5,3,1,,2025,191492,191491
2025-03-18,YN64,97,YR39,127,150,17,0.00599,11.2,3,1,,2025,191502,191501
2025-03-18,YS62,143,YX00,169,151,17,0.0079,11.1,3,2,,2025,191512,191511
2025-03-18,YK00,84,YF00,40,152,17,0.00564,11.4,3,2,,2025,191522,191521
2025-03-18,RM44,215,YI09,61,226,Unknown,0.0078,11.1,2,2,Cross failed.,2025,192262,192261
2025-03-18,RJ44,190,RC13,19,232,Unknown,0.00492,11.7,4,2,Cross failed.,2025,192322,192321
2025-03-18,RM21,230,YO02,107,235,Unknown,0.00419,11.3,3,1,Cross failed.,2025,192352,192351
2025-03-21,YN62,105,RD51,30,155,17,0.00482,11.2,4,1,,2025,191552,191551
2025-03-21,YV49,158,RE19,43,156,17,0.00542,11.2,3,3,,2025,191562,191561
2025-03-21,YS12,147,YS33,145,157,17,0.00516,11.8,3,2,,2025,191572,191571
2025-03-21,RB38,16,YX22,173,158,17,0.00455,11.7,3,3,,2025,191582,191581
2025-03-25,RP11,238,RC52,19,159,18,0.0047,11.4,4,2,,2025,191592,191591
2025-03-25,RR10,247,RM03,208,160,18,0.00551,11.2,3,2,,2025,191602,191601
2025-03-25,RR27,242,RP03,241,161,18,0.00652,11.2,2,2,,2025,191612,191611
2025-03-25,RS17,252,RS03,254,162,18,0.00586,11.6,2,2,,2025,191622,191621
2025-03-25,RP18,240,RS09,258,163,18,0.00467,11.4,2,2,,2025,191632,191631
2025-03-25,RR17,249,RT08,261,164,18,0.00644,11.7,4,1,,2025,191642,191641
2025-03-25,RT23,268,YL71,96,165,18,0.00526,11.5,3,2,,2025,191652,191651
2025-03-25,RS19,253,YO53,107,166,18,0.00488,10.9,3,1,,2025,191662,191661
2025-03-25,RR08,246,YD03,31,167,19,0.00535,11.6,3,2,,2025,191672,191671
2025-03-25,RP31,235,YI03,63,168,19,0.00462,11.4,2,2,,2025,191682,191681
2025-03-25,RP22,239,YL06,95,169,19,0.00558,11.4,3,2,,2025,191692,191691
2025-03-25,RR20,243,YR07,134,170,19,0.00682,11.3,3,2,,2025,191702,191701
2025-03-27,RT25,265,RD35,28,171,19,0.00582,11.6,4,2,,2025,191712,191711
2025-03-27,RP23,236,RT00,261,172,19,0.00654,11.3,4,4,,2025,191722,191721
2025-04-01,RV36,281,RA43,9,173,19,0.00416,11.2,2,3,,2025,191732,191731
2025-04-01,RR15,245,YK45,88,174,19,0.00557,11.4,2,1,,2025,191742,191741
2025-04-01,RO36,225,YN03,100,175,20,0.00492,11.5,3,2,,2025,191752,191751
2025-04-01,RV21,286,YS46,146,177,20,0.00498,11.3,2,2,,2025,191772,191771
2025-04-01,RZ10,318,RP02,236,178,20,0.00488,10.9,4,3,,2025,191782,191781
2025-04-01,RU17,269,RP09,241,180,20,0.00458,11.1,2,1,,2025,191802,191801
2025-04-01,RU21,273,RT05,265,181,20,0.0043,11.2,2,2,,2025,191812,191811
2025-04-01,RX15,300,RV02,283,182,20,0.0057,10.9,2,2,,2025,191822,191821
2025-04-01,RY16,303,RV07,284,183,20,0.00595,11.8,4,2,,2025,191832,191831
2025-04-01,RV26,280,RW06,287,184,20,0.005,11.7,2,1,,2025,191842,191841
2025-04-01,RV19,279,RW00,288,185,21,0.00613,11.3,2,2,,2025,191852,191851
2025-04-01,YW01,337,RW07,290,186,21,0.00529,11.1,3,2,,2025,191862,191861
2025-04-01,RT22,260,RX05,299,187,21,0.00507,10.8,2,2,,2025,191872,191871
2025-04-01,YW02,338,YN19,105,253,Unknown,0.00411,11.1,1,1,Cross failed.,2025,192532,192531
2025-04-01,RW23,293,RP05,239,256,Unknown,0.0046,11.6,2,2,Cross failed.,2025,192562,192561
2025-04-04,RY14,306,YB27,16,188,21,0.00521,12,3,3,,2025,191882,191881
2025-04-04,RX26,296,RD58,29,190,21,0.0049,11.4,3,2,,2025,191902,191901
2025-04-04,RZ05,316,RG91,56,191,21,0.00586,11.5,3,2,,2025,191912,191911
2025-04-04,RY23,308,RI50,76,192,21,0.00473,11.5,3,2,,2025,191922,191921
2025-04-04,RR22,250,YK42,82,193,21,0.00604,11.4,3,1,,2025,191932,191931
2025-04-04,YW03,332,YK51,83,194,22,0.0058,11.7,2,2,,2025,191942,191941
2025-04-04,YE03,324,YL02,92,195,22,0.00528,11.5,3,2,,2025,191952,191951
2025-04-04,RZ04,315,YR52,133,196,22,0.00729,11.6,2,1,,2025,191962,191961
2025-04-04,RR11,248,RP10,236,197,22,0.00578,11.5,4,1,,2025,191972,191971
2025-04-04,RX16,297,RT04,261,199,22,0.0062,11.3,4,3,,2025,191992,191991
2025-04-04,RU11,271,RU04,270,200,22,0.0045,11,1,2,,2025,192002,192001
2025-04-04,RT27,266,RW08,288,201,22,0.00634,11.9,2,3,,2025,192012,192011
2025-04-04,RV34,282,YE00,321,202,22,0.0062,11.5,3,2,,2025,192022,192021
2025-04-04,RY13,307,RP04,237,274,Unknown,0.00496,11.4,3,2,Cross failed.,2025,192742,192741
2025-04-04,RY31,309,RC53,22,280,Unknown,0.00671,11.1,2,2,Cross failed.,2025,192802,192801
2025-04-08,RX23,302,RV08,281,203,23,0.00481,11,3,2,,2025,192032,192031
2025-04-08,RU19,274,RY01,307,204,23,0.00769,11.7,2,2,,2025,192042,192041
2025-04-08,RZ08,317,YE01,324,205,23,0.00676,11.5,2,1,,2025,192052,192051
2025-04-08,RV16,279,YK70,79,206,23,0.00391,11.4,3,2,,2025,192062,192061
2025-04-08,RS40,258,RC78,19,207,23,0.00571,11.5,4,2,,2025,192072,192071
2025-04-08,RR12,247,YA28,6,208,23,0.00507,11.4,4,2,,2025,192082,192081
2025-04-08,YX26,166,YA16,4,209,23,0.00568,11.8,2,2,,2025,192092,192091
2025-04-11,RS24,255,RE63,38,210,23,0.00566,11.5,2,1,,2025,192102,192101
2025-04-11,YY09,346,RM25,212,212,24,0.00364,10.6,3,2,,2025,192122,192121
2025-04-11,RZ14,318,RP01,236,213,24,0.00488,10.9,4,3,,2025,192132,192131
2025-04-11,RF47,46,RS00,251,214,24,0.00563,11.6,2,3,,2025,192142,192141
2025-04-11,RP13,237,RU01,276,215,24,0.00722,11.2,2,3,,2025,192152,192151
2025-04-11,RH30,62,RW04,291,216,24,0.00639,12.1,1,3,,2025,192162,192161
2025-04-11,RY20,304,RX09,298,217,24,0.00517,11.4,3,2,,2025,192172,192171
2025-04-11,YY03,347,RZ03,319,218,24,0.00846,11.5,1,1,,2025,192182,192181
2025-04-11,RI57,77,YO35,114,219,24,0.00883,11.9,3,1,,2025,192192,192191
2025-04-11,YW18,340,YP39,117,220,25,0.00561,11.7,3,3,,2025,192202,192201
2025-04-11,YW07,335,YP67,124,221,25,0.00428,11.5,3,1,,2025,192212,192211
2025-04-11,YY07,341,YR69,127,222,25,0.00494,10.6,3,2,,2025,192222,192221
2025-04-11,YW14,339,RF00,50,289,Unknown,0.00549,11,3,2,,2025,192892,192891
2025-04-15,YY04,342,RH50,67,223,25,0.00667,11.5,3,1,,2025,192232,192231
2025-04-15,YV74,161,RJ38,187,224,25,0.00634,11.3,3,1,,2025,192242,192241
2025-04-15,YV70,158,RK55,192,225,25,0.00621,11.2,3,3,,2025,192252,192251
2025-04-15,YZ44,180,RN06,218,227,25,0.00537,11.5,3,2,,2025,192272,192271
2025-04-15,YV81,163,YL80,96,228,25,0.00591,11.3,3,1,,2025,192282,192281
2025-04-15,YY11,343,YN59,99,229,26,0.0041,10.2,3,2,,2025,192292,192291
2025-04-15,YE18,322,YS44,148,230,26,0.00329,9.1,3,3,,2025,192302,192301
2025-04-15,YZ62,175,YS52,143,231,26,0.00498,11.7,2,1,,2025,192312,192311
2025-04-15,RP15,237,YB17,18,232,26,0.0044,11.1,3,3,,2025,192322,192321
2025-04-18,RN27,221,RI27,78,233,26,0.00576,12.1,2,3,,2025,192332,192331
2025-04-18,YO71,112,YP40,120,234,26,0.00551,11.7,3,3,,2025,192342,192341
2025-04-18,YY08,346,YR63,134,235,26,0.00478,11.1,3,2,,2025,192352,192351
2025-04-18,YN27,104,YT30,154,236,26,0.00453,10.8,3,3,,2025,192362,192361
2025-04-18,RU13,271,YV35,162,237,27,0.00494,11.1,3,2,,2025,192372,192371
2025-04-18,RX10,301,RL28,201,240,27,0.03886,11.9,2,3,,2025,192402,192401
2025-04-18,RV09,284,RL26,202,241,27,0.00527,11.8,3,4,,2025,192412,192411
2025-04-18,RP30,238,RM22,212,242,27,0.00381,10.5,3,2,,2025,192422,192421
2025-04-18,YX47,168,RO17,225,243,27,0.00371,10.9,2,3,,2025,192432,192431
2025-04-18,YW11,338,RO29,227,244,27,0.00506,11.2,3,1,,2025,192442,192441
2025-04-18,RX17,299,RP07,240,245,27,0.00553,11.4,2,2,,2025,192452,192451
2025-04-18,YV67,164,RV05,281,246,27,0.00417,11,3,3,,2025,192462,192461
2025-04-18,RW29,293,YE07,322,247,28,0.00336,9.3,3,2,,2025,192472,192471
2025-04-22,RL68,203,RH57,68,248,28,0.00474,11.2,3,1,,2025,192482,192481
2025-04-22,RP49,234,YK87,89,249,28,0.00505,11.6,3,1,,2025,192492,192491
2025-04-22,RS21,252,YL67,95,250,28,0.00517,11.3,3,2,,2025,192502,192501
2025-04-22,YE02,321,YN60,100,251,28,0.00513,11.5,3,3,,2025,192512,192511
2025-04-22,YV68,158,YN75,103,252,28,0.00403,11,3,3,,2025,192522,192521
2025-04-22,RP35,235,YO52,112,253,28,0.00473,11.8,3,2,,2025,192532,192531
2025-04-22,YJ13,71,YT35,150,254,28,0.00507,11.8,2,2,,2025,192542,192541
2025-04-22,YN33,98,YX30,171,255,29,0.00461,11.1,4,2,,2025,192552,192551
2025-04-22,RO74,228,RJ58,185,256,29,0.00519,11.1,3,2,,2025,192562,192561
2025-04-22,RN52,216,RL51,206,257,29,0.00534,11,2,2,,2025,192572,192571
2025-04-22,RV12,283,RM37,209,258,29,0.00458,11.3,2,2,,2025,192582,192581
2025-04-22,RJ78,190,RN33,217,259,29,0.00533,10.8,3,2,,2025,192592,192591
2025-04-22,RM85,214,RN34,219,260,29,0.00591,11.2,3,2,,2025,192602,192601
2025-04-22,RM71,215,RN23,220,261,29,0.00559,10.9,3,2,,2025,192612,192611
2025-04-22,YX64,172,RO11,227,262,29,0.00403,11.3,3,2,,2025,192622,192621
2025-04-22,RW11,290,RR29,242,263,30,0.00519,11.3,2,3,,2025,192632,192631
2025-04-25,RY28,304,YK88,81,264,30,0.00444,11.5,2,2,,2025,192642,192641
2025-04-25,RU22,276,YO60,109,265,30,0.00548,11.8,2,2,,2025,192652,192651
2025-04-25,RJ75,190,YP64,125,266,30,0.00531,11.5,2,2,,2025,192662,192661
2025-04-25,YY02,341,YS67,145,267,30,0.00479,10.9,3,2,,2025,192672,192671
2025-04-25,RB46,11,YX46,169,268,30,0.00513,11.6,3,3,,2025,192682,192681
2025-04-25,RF45,45,RJ41,187,270,30,0.00592,11.5,3,2,,2025,192702,192701
2025-04-25,RX20,302,RK49,197,271,30,0.00514,10.8,3,2,,2025,192712,192711
2025-04-25,RT14,266,RK46,198,272,31,0.00479,11.5,3,3,,2025,192722,192721
2025-04-25,YP93,118,RL43,200,273,31,0.00469,11.4,3,2,,2025,192732,192731
2025-04-25,RZ12,318,RL14,201,274,31,0.00569,11.2,2,3,,2025,192742,192741
2025-04-25,YT28,151,RL53,202,275,31,0.00552,11.6,3,2,,2025,192752,192751
2025-04-25,RL67,204,RM38,207,276,31,0.00502,11.7,2,1,,2025,192762,192761
2025-04-25,YS14,141,RM65,209,277,31,0.00521,11.5,2,2,,2025,192772,192771
2025-04-25,RW17,287,RN18,219,278,31,0.00482,11,3,2,,2025,192782,192781
2025-04-25,RO70,232,RO33,227,279,31,0.00604,11.8,3,1,,2025,192792,192791
2025-04-25,RT24,268,RY02,306,280,32,0.00469,11.6,3,2,,2025,192802,192801
2025-04-29,RY22,309,RO32,226,281,32,0.00566,11.1,1,2,,2025,192812,192811
2025-04-29,RV69,285,RU06,272,282,32,0.00483,11.1,1,2,,2025,192822,192821
2025-04-29,RN61,220,YT69,152,283,32,0.00569,11.2,1,3,,2025,192832,192831
2025-04-29,RU40,273,RM56,214,284,32,0.00485,11.4,2,2,,2025,192842,192841
2025-04-29,RL69,206,RM57,215,285,32,0.00591,10.8,2,2,,2025,192852,192851
2025-04-29,RX19,296,RM64,213,286,32,0.00505,11.5,2,2,,2025,192862,192861
2025-04-29,RN51,216,RO19,231,287,32,0.00458,11.5,2,2,,2025,192872,192871
2025-04-29,YI11,65,RO47,228,288,33,0.00426,10.9,2,3,,2025,192882,192881
2025-04-29,YK92,79,YX33,167,289,33,0.0053,11.8,2,3,,2025,192892,192891
2025-04-29,YP83,122,YX34,171,290,33,0.00435,11.4,4,3,,2025,192902,192901
2025-04-29,RJ66,186,YZ33,178,291,33,0.00518,11.5,3,2,,2025,192912,192911
2025-05-02,RU14,274,RY07,310,293,33,0.00385,11.1,2,2,,2025,192932,192931
2025-05-02,RT50,263,RL48,205,294,33,0.00432,10.7,2,2,,2025,192942,192941
2025-05-02,YR92,132,RR30,246,295,33,0.00581,11.3,2,2,,2025,192952,192951
2025-05-02,RN65,217,RX55,301,296,33,0.00492,11.1,3,3,,2025,192962,192961
2025-05-02,YW17,339,YL66,90,297,34,0.00562,11.4,3,2,,2025,192972,192971
2025-05-02,YT22,149,YP63,124,298,34,0.00522,11.7,3,2,,2025,192982,192981
2025-05-02,RW55,289,RN43,218,300,34,0.00584,11.1,3,2,,2025,193002,193001
2025-05-02,RS56,257,RN30,219,301,34,0.00578,11.1,3,1,,2025,193012,193011
2025-05-02,RP16,237,RN29,221,302,34,0.00502,11.3,3,3,,2025,193022,193021
2025-05-02,RS65,251,RH87,62,303,34,0.00897,11.7,3,2,,2025,193032,193031
2025-05-06,RI11,72,YN54,104,304,34,0.00364,9.6,3,3,,2025,193042,193041
2025-05-06,RD67,33,YV58,159,305,34,0.00608,11.5,3,2,,2025,193052,193051
2025-05-06,RH94,61,YV61,164,306,35,0.00538,11.2,3,2,,2025,193062,193061
2025-05-06,YP55,122,YX44,171,307,35,0.00435,11.4,4,3,,2025,193072,193071
2025-05-06,YW06,337,YZ66,179,308,35,0.00606,11.3,3,2,,2025,193082,193081
2025-05-06,YT86,156,RK54,193,309,35,0.0064,11.1,2,1,,2025,193092,193091
2025-05-06,YZ53,180,RN36,217,310,35,0.00522,11.2,3,2,,2025,193102,193101
2025-05-06,YW41,336,RP38,239,311,35,0.00657,11,2,2,,2025,193112,193111
2025-05-06,RY60,303,RX03,298,313,35,0.00537,11.4,3,2,,2025,193132,193131
2025-05-06,RY62,307,YE34,321,314,35,0.00563,11.5,3,2,,2025,193142,193141
2025-05-09,RY18,308,RN10,222,315,36,0.00541,11.8,2,2,,2025,193152,193151
2025-05-09,RT60,260,YE11,327,316,36,0.00663,11,1,2,,2025,193162,193161
2025-05-09,YP62,117,RJ53,187,317,36,0.00574,11.7,3,3,,2025,193172,193171
2025-05-09,RY71,310,RN28,220,318,36,0.00477,11,3,2,,2025,193182,193181
2025-05-09,YE23,322,RT42,266,319,36,0.00405,9.2,3,3,,2025,193192,193191
2025-05-09,RB36,17,RV41,284,320,36,0.0046,10.8,4,3,,2025,193202,193201
2025-05-09,RE42,39,YV50,157,321,36,0.00432,11,3,3,,2025,193212,193211
2025-05-09,RW48,293,YV54,159,322,36,0.00482,11.5,3,2,,2025,193222,193221
2025-05-09,RY54,305,YV60,162,323,37,0.00804,10.7,3,1,,2025,193232,193231
2025-05-09,RZ24,314,YZ41,178,324,37,0.00759,11.1,3,1,,2025,193242,193241
2025-05-13,RK68,191,YX45,168,325,37,0.00539,10.9,3,1,,2025,193252,193251
2025-05-13,RZ09,316,YZ34,176,326,37,0.00449,11,3,2,,2025,193262,193261
2025-05-13,RT91,263,RK43,194,327,37,0.00526,11.4,3,2,,2025,193272,193271
2025-05-13,RV73,286,RL45,202,328,37,0.00567,11.6,3,2,,2025,193282,193281
2025-05-13,RJ62,188,RY39,306,329,37,0.00536,11.8,3,3,,2025,193292,193291
2025-05-13,YY30,344,YW32,332,330,37,0.00745,11.1,2,1,,2025,193302,193301
2025-05-13,YZ86,181,YW55,336,331,38,0.00747,11.1,2,1,,2025,193312,193311
2025-05-13,RX80,295,YW37,340,332,38,0.00534,11.3,3,1,,2025,193322,193321
2025-05-16,RS30,259,RJ79,188,333,38,0.00626,11.7,3,1,,2025,193332,193331
2025-05-16,YP53,115,RK52,194,334,38,0.00499,11.8,3,2,,2025,193342,193341
2025-05-16,RK63,196,RT75,261,335,38,0.0061,11.5,4,2,,2025,193352,193351
2025-05-16,YK60,70,RX01,297,336,38,0.00484,11.5,3,2,,2025,193362,193361
2025-05-16,YL98,91,RX08,298,337,38,0.00526,11.8,3,2,,2025,193372,193371
2025-05-16,YZ47,174,RX44,301,338,38,0.00628,11.7,3,2,,2025,193382,193381
2025-05-20,YX65,173,RN11,222,339,Unknown,0.00574,11.5,2,3,,2025,193392,193391
2025-05-20,YY50,343,RS05,254,340,Unknown,0.00545,11.5,2,2,,2025,193402,193401
2025-05-20,RR18,243,RV00,285,341,Unknown,0.00464,11.3,2,2,,2025,193412,193411
2025-05-20,RZ57,311,YO62,108,342,Unknown,0.00604,11.3,2,1,,2025,193422,193421
2025-05-20,RW52,289,RJ56,185,343,Unknown,0.00588,11.6,3,2,,2025,193432,193431
2025-05-20,RA76,1,RW01,290,344,Unknown,0.00486,11.5,3,2,,2025,193442,193441
2025-05-20,RV55,282,RX46,297,345,Unknown,0.00529,11.5,3,2,,2025,193452,193451
2025-05-20,RY63,309,YW25,340,346,Unknown,0.00513,11,3,2,,2025,193462,193461
2025-05-20,RF57,46,RV44,284,347,Unknown,0.00487,11.9,4,3,,2025,193472,193471
2025-05-20,RX18,300,YX73,171,348,Unknown,0.00478,11.2,4,2,,2025,193482,193481
